// Auto-generated OpenGL (GLSL) embedded shaders.
// Compiled from shaders/glsl/*.sc via bgfx shaderc (--platform linux --profile 130).
#include "EmbeddedShaders.h"

namespace Caesura {

const uint8_t kEmbeddedGL_vs_sprite[] = {
    0x56, 0x53, 0x48, 0x0B, 0x00, 0x00, 0x00, 0x00, 0x6F, 0x1E, 0x3E, 0x3C,
    0x00, 0x00, 0xD5, 0x00, 0x00, 0x00, 0xE7, 0x00, 0x00, 0x00, 0x23, 0x76,
    0x65, 0x72, 0x73, 0x69, 0x6F, 0x6E, 0x20, 0x34, 0x33, 0x30, 0x20, 0x63,
    0x6F, 0x72, 0x65, 0x0A, 0x69, 0x6E, 0x20, 0x76, 0x65, 0x63, 0x32, 0x20,
    0x61, 0x5F, 0x70, 0x6F, 0x73, 0x69, 0x74, 0x69, 0x6F, 0x6E, 0x3B, 0x0A,
    0x69, 0x6E, 0x20, 0x76, 0x65, 0x63, 0x32, 0x20, 0x61, 0x5F, 0x74, 0x65,
    0x78, 0x63, 0x6F, 0x6F, 0x72, 0x64, 0x30, 0x3B, 0x0A, 0x6F, 0x75, 0x74,
    0x20, 0x76, 0x65, 0x63, 0x32, 0x20, 0x76, 0x5F, 0x74, 0x65, 0x78, 0x63,
    0x6F, 0x6F, 0x72, 0x64, 0x30, 0x3B, 0x0A, 0x76, 0x6F, 0x69, 0x64, 0x20,
    0x6D, 0x61, 0x69, 0x6E, 0x20, 0x28, 0x29, 0x0A, 0x7B, 0x0A, 0x20, 0x20,
    0x76, 0x65, 0x63, 0x34, 0x20, 0x74, 0x6D, 0x70, 0x76, 0x61, 0x72, 0x5F,
    0x31, 0x3B, 0x0A, 0x20, 0x20, 0x74, 0x6D, 0x70, 0x76, 0x61, 0x72, 0x5F,
    0x31, 0x2E, 0x7A, 0x77, 0x20, 0x3D, 0x20, 0x76, 0x65, 0x63, 0x32, 0x28,
    0x30, 0x2E, 0x30, 0x2C, 0x20, 0x31, 0x2E, 0x30, 0x29, 0x3B, 0x0A, 0x20,
    0x20, 0x74, 0x6D, 0x70, 0x76, 0x61, 0x72, 0x5F, 0x31, 0x2E, 0x78, 0x79,
    0x20, 0x3D, 0x20, 0x61, 0x5F, 0x70, 0x6F, 0x73, 0x69, 0x74, 0x69, 0x6F,
    0x6E, 0x3B, 0x0A, 0x20, 0x20, 0x67, 0x6C, 0x5F, 0x50, 0x6F, 0x73, 0x69,
    0x74, 0x69, 0x6F, 0x6E, 0x20, 0x3D, 0x20, 0x74, 0x6D, 0x70, 0x76, 0x61,
    0x72, 0x5F, 0x31, 0x3B, 0x0A, 0x20, 0x20, 0x76, 0x5F, 0x74, 0x65, 0x78,
    0x63, 0x6F, 0x6F, 0x72, 0x64, 0x30, 0x20, 0x3D, 0x20, 0x61, 0x5F, 0x74,
    0x65, 0x78, 0x63, 0x6F, 0x6F, 0x72, 0x64, 0x30, 0x3B, 0x0A, 0x7D, 0x0A,
    0x0A, 0x00,
};
const size_t kEmbeddedGL_vs_sprite_size = 254;

const uint8_t kEmbeddedGL_vs_fullscreen[] = {
    0x56, 0x53, 0x48, 0x0B, 0x00, 0x00, 0x00, 0x00, 0x6F, 0x1E, 0x3E, 0x3C,
    0x00, 0x00, 0x60, 0x01, 0x00, 0x00, 0x72, 0x01, 0x00, 0x00, 0x23, 0x76,
    0x65, 0x72, 0x73, 0x69, 0x6F, 0x6E, 0x20, 0x34, 0x33, 0x30, 0x20, 0x63,
    0x6F, 0x72, 0x65, 0x0A, 0x6F, 0x75, 0x74, 0x20, 0x76, 0x65, 0x63, 0x32,
    0x20, 0x76, 0x5F, 0x74, 0x65, 0x78, 0x63, 0x6F, 0x6F, 0x72, 0x64, 0x30,
    0x3B, 0x0A, 0x76, 0x6F, 0x69, 0x64, 0x20, 0x6D, 0x61, 0x69, 0x6E, 0x20,
    0x28, 0x29, 0x0A, 0x7B, 0x0A, 0x20, 0x20, 0x76, 0x65, 0x63, 0x32, 0x20,
    0x74, 0x6D, 0x70, 0x76, 0x61, 0x72, 0x5F, 0x31, 0x3B, 0x0A, 0x20, 0x20,
    0x74, 0x6D, 0x70, 0x76, 0x61, 0x72, 0x5F, 0x31, 0x2E, 0x78, 0x20, 0x3D,
    0x20, 0x66, 0x6C, 0x6F, 0x61, 0x74, 0x28, 0x28, 0x28, 0x67, 0x6C, 0x5F,
    0x56, 0x65, 0x72, 0x74, 0x65, 0x78, 0x49, 0x44, 0x20, 0x3C, 0x3C, 0x20,
    0x31, 0x29, 0x20, 0x26, 0x20, 0x32, 0x29, 0x29, 0x3B, 0x0A, 0x20, 0x20,
    0x74, 0x6D, 0x70, 0x76, 0x61, 0x72, 0x5F, 0x31, 0x2E, 0x79, 0x20, 0x3D,
    0x20, 0x66, 0x6C, 0x6F, 0x61, 0x74, 0x28, 0x28, 0x67, 0x6C, 0x5F, 0x56,
    0x65, 0x72, 0x74, 0x65, 0x78, 0x49, 0x44, 0x20, 0x26, 0x20, 0x32, 0x29,
    0x29, 0x3B, 0x0A, 0x20, 0x20, 0x76, 0x65, 0x63, 0x34, 0x20, 0x74, 0x6D,
    0x70, 0x76, 0x61, 0x72, 0x5F, 0x32, 0x3B, 0x0A, 0x20, 0x20, 0x74, 0x6D,
    0x70, 0x76, 0x61, 0x72, 0x5F, 0x32, 0x2E, 0x7A, 0x77, 0x20, 0x3D, 0x20,
    0x76, 0x65, 0x63, 0x32, 0x28, 0x30, 0x2E, 0x30, 0x2C, 0x20, 0x31, 0x2E,
    0x30, 0x29, 0x3B, 0x0A, 0x20, 0x20, 0x74, 0x6D, 0x70, 0x76, 0x61, 0x72,
    0x5F, 0x32, 0x2E, 0x78, 0x79, 0x20, 0x3D, 0x20, 0x28, 0x28, 0x74, 0x6D,
    0x70, 0x76, 0x61, 0x72, 0x5F, 0x31, 0x20, 0x2A, 0x20, 0x76, 0x65, 0x63,
    0x32, 0x28, 0x32, 0x2E, 0x30, 0x2C, 0x20, 0x2D, 0x32, 0x2E, 0x30, 0x29,
    0x29, 0x20, 0x2B, 0x20, 0x76, 0x65, 0x63, 0x32, 0x28, 0x2D, 0x31, 0x2E,
    0x30, 0x2C, 0x20, 0x31, 0x2E, 0x30, 0x29, 0x29, 0x3B, 0x0A, 0x20, 0x20,
    0x67, 0x6C, 0x5F, 0x50, 0x6F, 0x73, 0x69, 0x74, 0x69, 0x6F, 0x6E, 0x20,
    0x3D, 0x20, 0x74, 0x6D, 0x70, 0x76, 0x61, 0x72, 0x5F, 0x32, 0x3B, 0x0A,
    0x20, 0x20, 0x76, 0x5F, 0x74, 0x65, 0x78, 0x63, 0x6F, 0x6F, 0x72, 0x64,
    0x30, 0x20, 0x3D, 0x20, 0x28, 0x28, 0x74, 0x6D, 0x70, 0x76, 0x61, 0x72,
    0x5F, 0x31, 0x20, 0x2A, 0x20, 0x76, 0x65, 0x63, 0x32, 0x28, 0x30, 0x2E,
    0x35, 0x2C, 0x20, 0x2D, 0x30, 0x2E, 0x35, 0x29, 0x29, 0x20, 0x2B, 0x20,
    0x76, 0x65, 0x63, 0x32, 0x28, 0x30, 0x2E, 0x30, 0x2C, 0x20, 0x31, 0x2E,
    0x30, 0x29, 0x29, 0x3B, 0x0A, 0x7D, 0x0A, 0x0A, 0x00,
};
const size_t kEmbeddedGL_vs_fullscreen_size = 393;

const uint8_t kEmbeddedGL_stretch_blt_vs[] = {
    0x56, 0x53, 0x48, 0x0B, 0x00, 0x00, 0x00, 0x00, 0x6F, 0x1E, 0x3E, 0x3C,
    0x00, 0x00, 0xE5, 0x00, 0x00, 0x00, 0xF7, 0x00, 0x00, 0x00, 0x23, 0x76,
    0x65, 0x72, 0x73, 0x69, 0x6F, 0x6E, 0x20, 0x34, 0x33, 0x30, 0x20, 0x63,
    0x6F, 0x72, 0x65, 0x0A, 0x69, 0x6E, 0x20, 0x76, 0x65, 0x63, 0x32, 0x20,
    0x61, 0x5F, 0x70, 0x6F, 0x73, 0x69, 0x74, 0x69, 0x6F, 0x6E, 0x3B, 0x0A,
    0x69, 0x6E, 0x20, 0x76, 0x65, 0x63, 0x32, 0x20, 0x61, 0x5F, 0x74, 0x65,
    0x78, 0x63, 0x6F, 0x6F, 0x72, 0x64, 0x30, 0x3B, 0x0A, 0x6F, 0x75, 0x74,
    0x20, 0x76, 0x65, 0x63, 0x32, 0x20, 0x76, 0x5F, 0x74, 0x65, 0x78, 0x63,
    0x6F, 0x6F, 0x72, 0x64, 0x30, 0x3B, 0x0A, 0x76, 0x6F, 0x69, 0x64, 0x20,
    0x6D, 0x61, 0x69, 0x6E, 0x20, 0x28, 0x29, 0x0A, 0x7B, 0x0A, 0x20, 0x20,
    0x76, 0x65, 0x63, 0x34, 0x20, 0x74, 0x6D, 0x70, 0x76, 0x61, 0x72, 0x5F,
    0x31, 0x3B, 0x0A, 0x20, 0x20, 0x74, 0x6D, 0x70, 0x76, 0x61, 0x72, 0x5F,
    0x31, 0x2E, 0x7A, 0x77, 0x20, 0x3D, 0x20, 0x76, 0x65, 0x63, 0x32, 0x28,
    0x30, 0x2E, 0x30, 0x2C, 0x20, 0x31, 0x2E, 0x30, 0x29, 0x3B, 0x0A, 0x20,
    0x20, 0x74, 0x6D, 0x70, 0x76, 0x61, 0x72, 0x5F, 0x31, 0x2E, 0x78, 0x79,
    0x20, 0x3D, 0x20, 0x28, 0x28, 0x61, 0x5F, 0x70, 0x6F, 0x73, 0x69, 0x74,
    0x69, 0x6F, 0x6E, 0x20, 0x2A, 0x20, 0x32, 0x2E, 0x30, 0x29, 0x20, 0x2D,
    0x20, 0x31, 0x2E, 0x30, 0x29, 0x3B, 0x0A, 0x20, 0x20, 0x67, 0x6C, 0x5F,
    0x50, 0x6F, 0x73, 0x69, 0x74, 0x69, 0x6F, 0x6E, 0x20, 0x3D, 0x20, 0x74,
    0x6D, 0x70, 0x76, 0x61, 0x72, 0x5F, 0x31, 0x3B, 0x0A, 0x20, 0x20, 0x76,
    0x5F, 0x74, 0x65, 0x78, 0x63, 0x6F, 0x6F, 0x72, 0x64, 0x30, 0x20, 0x3D,
    0x20, 0x61, 0x5F, 0x74, 0x65, 0x78, 0x63, 0x6F, 0x6F, 0x72, 0x64, 0x30,
    0x3B, 0x0A, 0x7D, 0x0A, 0x0A, 0x00,
};
const size_t kEmbeddedGL_stretch_blt_vs_size = 270;

const uint8_t kEmbeddedGL_affine_blt_vs[] = {
    0x56, 0x53, 0x48, 0x0B, 0x00, 0x00, 0x00, 0x00, 0x6F, 0x1E, 0x3E, 0x3C,
    0x01, 0x00, 0x0C, 0x41, 0x66, 0x66, 0x69, 0x6E, 0x65, 0x50, 0x61, 0x72,
    0x61, 0x6D, 0x73, 0x02, 0x04, 0x00, 0x00, 0x04, 0x00, 0x00, 0x00, 0x00,
    0x00, 0x1B, 0x02, 0x00, 0x00, 0x2D, 0x02, 0x00, 0x00, 0x23, 0x76, 0x65,
    0x72, 0x73, 0x69, 0x6F, 0x6E, 0x20, 0x34, 0x33, 0x30, 0x20, 0x63, 0x6F,
    0x72, 0x65, 0x0A, 0x69, 0x6E, 0x20, 0x76, 0x65, 0x63, 0x32, 0x20, 0x61,
    0x5F, 0x70, 0x6F, 0x73, 0x69, 0x74, 0x69, 0x6F, 0x6E, 0x3B, 0x0A, 0x6F,
    0x75, 0x74, 0x20, 0x76, 0x65, 0x63, 0x32, 0x20, 0x76, 0x5F, 0x74, 0x65,
    0x78, 0x63, 0x6F, 0x6F, 0x72, 0x64, 0x30, 0x3B, 0x0A, 0x75, 0x6E, 0x69,
    0x66, 0x6F, 0x72, 0x6D, 0x20, 0x76, 0x65, 0x63, 0x34, 0x20, 0x41, 0x66,
    0x66, 0x69, 0x6E, 0x65, 0x50, 0x61, 0x72, 0x61, 0x6D, 0x73, 0x5B, 0x34,
    0x5D, 0x3B, 0x0A, 0x76, 0x6F, 0x69, 0x64, 0x20, 0x6D, 0x61, 0x69, 0x6E,
    0x20, 0x28, 0x29, 0x0A, 0x7B, 0x0A, 0x20, 0x20, 0x76, 0x65, 0x63, 0x32,
    0x20, 0x74, 0x70, 0x5F, 0x31, 0x3B, 0x0A, 0x20, 0x20, 0x74, 0x70, 0x5F,
    0x31, 0x2E, 0x78, 0x20, 0x3D, 0x20, 0x28, 0x28, 0x28, 0x41, 0x66, 0x66,
    0x69, 0x6E, 0x65, 0x50, 0x61, 0x72, 0x61, 0x6D, 0x73, 0x5B, 0x30, 0x5D,
    0x2E, 0x78, 0x20, 0x2A, 0x20, 0x61, 0x5F, 0x70, 0x6F, 0x73, 0x69, 0x74,
    0x69, 0x6F, 0x6E, 0x2E, 0x78, 0x29, 0x20, 0x2B, 0x20, 0x28, 0x41, 0x66,
    0x66, 0x69, 0x6E, 0x65, 0x50, 0x61, 0x72, 0x61, 0x6D, 0x73, 0x5B, 0x30,
    0x5D, 0x2E, 0x79, 0x20, 0x2A, 0x20, 0x61, 0x5F, 0x70, 0x6F, 0x73, 0x69,
    0x74, 0x69, 0x6F, 0x6E, 0x2E, 0x79, 0x29, 0x29, 0x20, 0x2B, 0x20, 0x41,
    0x66, 0x66, 0x69, 0x6E, 0x65, 0x50, 0x61, 0x72, 0x61, 0x6D, 0x73, 0x5B,
    0x30, 0x5D, 0x2E, 0x7A, 0x29, 0x3B, 0x0A, 0x20, 0x20, 0x74, 0x70, 0x5F,
    0x31, 0x2E, 0x79, 0x20, 0x3D, 0x20, 0x28, 0x28, 0x28, 0x41, 0x66, 0x66,
    0x69, 0x6E, 0x65, 0x50, 0x61, 0x72, 0x61, 0x6D, 0x73, 0x5B, 0x31, 0x5D,
    0x2E, 0x78, 0x20, 0x2A, 0x20, 0x61, 0x5F, 0x70, 0x6F, 0x73, 0x69, 0x74,
    0x69, 0x6F, 0x6E, 0x2E, 0x78, 0x29, 0x20, 0x2B, 0x20, 0x28, 0x41, 0x66,
    0x66, 0x69, 0x6E, 0x65, 0x50, 0x61, 0x72, 0x61, 0x6D, 0x73, 0x5B, 0x31,
    0x5D, 0x2E, 0x79, 0x20, 0x2A, 0x20, 0x61, 0x5F, 0x70, 0x6F, 0x73, 0x69,
    0x74, 0x69, 0x6F, 0x6E, 0x2E, 0x79, 0x29, 0x29, 0x20, 0x2B, 0x20, 0x41,
    0x66, 0x66, 0x69, 0x6E, 0x65, 0x50, 0x61, 0x72, 0x61, 0x6D, 0x73, 0x5B,
    0x31, 0x5D, 0x2E, 0x7A, 0x29, 0x3B, 0x0A, 0x20, 0x20, 0x76, 0x65, 0x63,
    0x34, 0x20, 0x74, 0x6D, 0x70, 0x76, 0x61, 0x72, 0x5F, 0x32, 0x3B, 0x0A,
    0x20, 0x20, 0x74, 0x6D, 0x70, 0x76, 0x61, 0x72, 0x5F, 0x32, 0x20, 0x3D,
    0x20, 0x41, 0x66, 0x66, 0x69, 0x6E, 0x65, 0x50, 0x61, 0x72, 0x61, 0x6D,
    0x73, 0x5B, 0x32, 0x5D, 0x3B, 0x0A, 0x20, 0x20, 0x76, 0x5F, 0x74, 0x65,
    0x78, 0x63, 0x6F, 0x6F, 0x72, 0x64, 0x30, 0x20, 0x3D, 0x20, 0x28, 0x74,
    0x6D, 0x70, 0x76, 0x61, 0x72, 0x5F, 0x32, 0x2E, 0x78, 0x79, 0x20, 0x2B,
    0x20, 0x28, 0x74, 0x70, 0x5F, 0x31, 0x20, 0x2A, 0x20, 0x74, 0x6D, 0x70,
    0x76, 0x61, 0x72, 0x5F, 0x32, 0x2E, 0x7A, 0x77, 0x29, 0x29, 0x3B, 0x0A,
    0x20, 0x20, 0x76, 0x65, 0x63, 0x34, 0x20, 0x74, 0x6D, 0x70, 0x76, 0x61,
    0x72, 0x5F, 0x33, 0x3B, 0x0A, 0x20, 0x20, 0x74, 0x6D, 0x70, 0x76, 0x61,
    0x72, 0x5F, 0x33, 0x2E, 0x7A, 0x77, 0x20, 0x3D, 0x20, 0x76, 0x65, 0x63,
    0x32, 0x28, 0x30, 0x2E, 0x30, 0x2C, 0x20, 0x31, 0x2E, 0x30, 0x29, 0x3B,
    0x0A, 0x20, 0x20, 0x74, 0x6D, 0x70, 0x76, 0x61, 0x72, 0x5F, 0x33, 0x2E,
    0x78, 0x79, 0x20, 0x3D, 0x20, 0x28, 0x28, 0x61, 0x5F, 0x70, 0x6F, 0x73,
    0x69, 0x74, 0x69, 0x6F, 0x6E, 0x20, 0x2A, 0x20, 0x32, 0x2E, 0x30, 0x29,
    0x20, 0x2D, 0x20, 0x31, 0x2E, 0x30, 0x29, 0x3B, 0x0A, 0x20, 0x20, 0x67,
    0x6C, 0x5F, 0x50, 0x6F, 0x73, 0x69, 0x74, 0x69, 0x6F, 0x6E, 0x20, 0x3D,
    0x20, 0x74, 0x6D, 0x70, 0x76, 0x61, 0x72, 0x5F, 0x33, 0x3B, 0x0A, 0x7D,
    0x0A, 0x0A, 0x00,
};
const size_t kEmbeddedGL_affine_blt_vs_size = 603;

const uint8_t kEmbeddedGL_fs_texture[] = {
    0x46, 0x53, 0x48, 0x0B, 0x6F, 0x1E, 0x3E, 0x3C, 0x00, 0x00, 0x00, 0x00,
    0x01, 0x00, 0x09, 0x73, 0x5F, 0x74, 0x65, 0x78, 0x74, 0x75, 0x72, 0x65,
    0x00, 0x01, 0x00, 0x00, 0x01, 0x00, 0x00, 0x00, 0x00, 0x00, 0x77, 0x00,
    0x00, 0x00, 0x89, 0x00, 0x00, 0x00, 0x23, 0x76, 0x65, 0x72, 0x73, 0x69,
    0x6F, 0x6E, 0x20, 0x34, 0x33, 0x30, 0x20, 0x63, 0x6F, 0x72, 0x65, 0x0A,
    0x69, 0x6E, 0x20, 0x76, 0x65, 0x63, 0x32, 0x20, 0x76, 0x5F, 0x74, 0x65,
    0x78, 0x63, 0x6F, 0x6F, 0x72, 0x64, 0x30, 0x3B, 0x0A, 0x75, 0x6E, 0x69,
    0x66, 0x6F, 0x72, 0x6D, 0x20, 0x73, 0x61, 0x6D, 0x70, 0x6C, 0x65, 0x72,
    0x32, 0x44, 0x20, 0x73, 0x5F, 0x74, 0x65, 0x78, 0x74, 0x75, 0x72, 0x65,
    0x3B, 0x0A, 0x76, 0x6F, 0x69, 0x64, 0x20, 0x6D, 0x61, 0x69, 0x6E, 0x20,
    0x28, 0x29, 0x0A, 0x7B, 0x0A, 0x20, 0x20, 0x67, 0x6C, 0x5F, 0x46, 0x72,
    0x61, 0x67, 0x43, 0x6F, 0x6C, 0x6F, 0x72, 0x20, 0x3D, 0x20, 0x74, 0x65,
    0x78, 0x74, 0x75, 0x72, 0x65, 0x20, 0x28, 0x73, 0x5F, 0x74, 0x65, 0x78,
    0x74, 0x75, 0x72, 0x65, 0x2C, 0x20, 0x76, 0x5F, 0x74, 0x65, 0x78, 0x63,
    0x6F, 0x6F, 0x72, 0x64, 0x30, 0x29, 0x3B, 0x0A, 0x7D, 0x0A, 0x0A, 0x00,
};
const size_t kEmbeddedGL_fs_texture_size = 180;

const uint8_t kEmbeddedGL_fs_blend[] = {
    0x46, 0x53, 0x48, 0x0B, 0x6F, 0x1E, 0x3E, 0x3C, 0x00, 0x00, 0x00, 0x00,
    0x03, 0x00, 0x09, 0x73, 0x5F, 0x74, 0x65, 0x78, 0x74, 0x75, 0x72, 0x65,
    0x00, 0x01, 0x00, 0x00, 0x01, 0x00, 0x00, 0x00, 0x00, 0x00, 0x0A, 0x73,
    0x5F, 0x74, 0x65, 0x78, 0x74, 0x75, 0x72, 0x65, 0x31, 0x00, 0x01, 0x00,
    0x00, 0x01, 0x00, 0x00, 0x00, 0x00, 0x00, 0x0B, 0x42, 0x6C, 0x65, 0x6E,
    0x64, 0x50, 0x61, 0x72, 0x61, 0x6D, 0x73, 0x02, 0x01, 0x00, 0x00, 0x01,
    0x00, 0x00, 0x00, 0x00, 0x00, 0x12, 0x30, 0x00, 0x00, 0x24, 0x30, 0x00,
    0x00, 0x23, 0x76, 0x65, 0x72, 0x73, 0x69, 0x6F, 0x6E, 0x20, 0x34, 0x33,
    0x30, 0x20, 0x63, 0x6F, 0x72, 0x65, 0x0A, 0x69, 0x6E, 0x20, 0x76, 0x65,
    0x63, 0x32, 0x20, 0x76, 0x5F, 0x74, 0x65, 0x78, 0x63, 0x6F, 0x6F, 0x72,
    0x64, 0x30, 0x3B, 0x0A, 0x75, 0x6E, 0x69, 0x66, 0x6F, 0x72, 0x6D, 0x20,
    0x73, 0x61, 0x6D, 0x70, 0x6C, 0x65, 0x72, 0x32, 0x44, 0x20, 0x73, 0x5F,
    0x74, 0x65, 0x78, 0x74, 0x75, 0x72, 0x65, 0x3B, 0x0A, 0x75, 0x6E, 0x69,
    0x66, 0x6F, 0x72, 0x6D, 0x20, 0x73, 0x61, 0x6D, 0x70, 0x6C, 0x65, 0x72,
    0x32, 0x44, 0x20, 0x73, 0x5F, 0x74, 0x65, 0x78, 0x74, 0x75, 0x72, 0x65,
    0x31, 0x3B, 0x0A, 0x75, 0x6E, 0x69, 0x66, 0x6F, 0x72, 0x6D, 0x20, 0x76,
    0x65, 0x63, 0x34, 0x20, 0x42, 0x6C, 0x65, 0x6E, 0x64, 0x50, 0x61, 0x72,
    0x61, 0x6D, 0x73, 0x3B, 0x0A, 0x76, 0x6F, 0x69, 0x64, 0x20, 0x6D, 0x61,
    0x69, 0x6E, 0x20, 0x28, 0x29, 0x0A, 0x7B, 0x0A, 0x20, 0x20, 0x66, 0x6C,
    0x6F, 0x61, 0x74, 0x20, 0x61, 0x6C, 0x70, 0x68, 0x61, 0x5F, 0x31, 0x3B,
    0x0A, 0x20, 0x20, 0x76, 0x65, 0x63, 0x33, 0x20, 0x63, 0x5F, 0x32, 0x3B,
    0x0A, 0x20, 0x20, 0x76, 0x65, 0x63, 0x34, 0x20, 0x74, 0x6D, 0x70, 0x76,
    0x61, 0x72, 0x5F, 0x33, 0x3B, 0x0A, 0x20, 0x20, 0x74, 0x6D, 0x70, 0x76,
    0x61, 0x72, 0x5F, 0x33, 0x20, 0x3D, 0x20, 0x28, 0x74, 0x65, 0x78, 0x74,
    0x75, 0x72, 0x65, 0x20, 0x28, 0x73, 0x5F, 0x74, 0x65, 0x78, 0x74, 0x75,
    0x72, 0x65, 0x2C, 0x20, 0x76, 0x5F, 0x74, 0x65, 0x78, 0x63, 0x6F, 0x6F,
    0x72, 0x64, 0x30, 0x29, 0x20, 0x2A, 0x20, 0x42, 0x6C, 0x65, 0x6E, 0x64,
    0x50, 0x61, 0x72, 0x61, 0x6D, 0x73, 0x2E, 0x78, 0x29, 0x3B, 0x0A, 0x20,
    0x20, 0x76, 0x65, 0x63, 0x34, 0x20, 0x74, 0x6D, 0x70, 0x76, 0x61, 0x72,
    0x5F, 0x34, 0x3B, 0x0A, 0x20, 0x20, 0x74, 0x6D, 0x70, 0x76, 0x61, 0x72,
    0x5F, 0x34, 0x20, 0x3D, 0x20, 0x28, 0x74, 0x65, 0x78, 0x74, 0x75, 0x72,
    0x65, 0x20, 0x28, 0x73, 0x5F, 0x74, 0x65, 0x78, 0x74, 0x75, 0x72, 0x65,
    0x31, 0x2C, 0x20, 0x76, 0x5F, 0x74, 0x65, 0x78, 0x63, 0x6F, 0x6F, 0x72,
    0x64, 0x30, 0x29, 0x20, 0x2A, 0x20, 0x42, 0x6C, 0x65, 0x6E, 0x64, 0x50,
    0x61, 0x72, 0x61, 0x6D, 0x73, 0x2E, 0x79, 0x29, 0x3B, 0x0A, 0x20, 0x20,
    0x62, 0x6F, 0x6F, 0x6C, 0x20, 0x74, 0x6D, 0x70, 0x76, 0x61, 0x72, 0x5F,
    0x35, 0x3B, 0x0A, 0x20, 0x20, 0x74, 0x6D, 0x70, 0x76, 0x61, 0x72, 0x5F,
    0x35, 0x20, 0x3D, 0x20, 0x62, 0x6F, 0x6F, 0x6C, 0x28, 0x30, 0x29, 0x3B,
    0x0A, 0x20, 0x20, 0x62, 0x6F, 0x6F, 0x6C, 0x20, 0x74, 0x6D, 0x70, 0x76,
    0x61, 0x72, 0x5F, 0x36, 0x3B, 0x0A, 0x20, 0x20, 0x74, 0x6D, 0x70, 0x76,
    0x61, 0x72, 0x5F, 0x36, 0x20, 0x3D, 0x20, 0x62, 0x6F, 0x6F, 0x6C, 0x28,
    0x30, 0x29, 0x3B, 0x0A, 0x20, 0x20, 0x69, 0x6E, 0x74, 0x20, 0x74, 0x6D,
    0x70, 0x76, 0x61, 0x72, 0x5F, 0x37, 0x3B, 0x0A, 0x20, 0x20, 0x74, 0x6D,
    0x70, 0x76, 0x61, 0x72, 0x5F, 0x37, 0x20, 0x3D, 0x20, 0x69, 0x6E, 0x74,
    0x28, 0x42, 0x6C, 0x65, 0x6E, 0x64, 0x50, 0x61, 0x72, 0x61, 0x6D, 0x73,
    0x2E, 0x77, 0x29, 0x3B, 0x0A, 0x20, 0x20, 0x28, 0x30, 0x20, 0x3D, 0x3D,
    0x20, 0x74, 0x6D, 0x70, 0x76, 0x61, 0x72, 0x5F, 0x37, 0x29, 0x20, 0x74,
    0x6D, 0x70, 0x76, 0x61, 0x72, 0x5F, 0x35, 0x20, 0x3D, 0x20, 0x62, 0x6F,
    0x6F, 0x6C, 0x28, 0x31, 0x29, 0x3B, 0x0A, 0x20, 0x20, 0x74, 0x6D, 0x70,
    0x76, 0x61, 0x72, 0x5F, 0x36, 0x20, 0x74, 0x6D, 0x70, 0x76, 0x61, 0x72,
    0x5F, 0x35, 0x20, 0x3D, 0x20, 0x62, 0x6F, 0x6F, 0x6C, 0x28, 0x30, 0x29,
    0x3B, 0x0A, 0x20, 0x20, 0x69, 0x66, 0x20, 0x28, 0x74, 0x6D, 0x70, 0x76,
    0x61, 0x72, 0x5F, 0x35, 0x29, 0x20, 0x7B, 0x0A, 0x20, 0x20, 0x20, 0x20,
    0x63, 0x5F, 0x32, 0x20, 0x3D, 0x20, 0x6D, 0x69, 0x78, 0x20, 0x28, 0x74,
    0x6D, 0x70, 0x76, 0x61, 0x72, 0x5F, 0x33, 0x2E, 0x78, 0x79, 0x7A, 0x2C,
    0x20, 0x74, 0x6D, 0x70, 0x76, 0x61, 0x72, 0x5F, 0x34, 0x2E, 0x78, 0x79,
    0x7A, 0x2C, 0x20, 0x74, 0x6D, 0x70, 0x76, 0x61, 0x72, 0x5F, 0x34, 0x2E,
    0x77, 0x29, 0x3B, 0x0A, 0x20, 0x20, 0x20, 0x20, 0x61, 0x6C, 0x70, 0x68,
    0x61, 0x5F, 0x31, 0x20, 0x3D, 0x20, 0x63, 0x6C, 0x61, 0x6D, 0x70, 0x20,
    0x28, 0x28, 0x74, 0x6D, 0x70, 0x76, 0x61, 0x72, 0x5F, 0x33, 0x2E, 0x77,
    0x20, 0x2B, 0x20, 0x74, 0x6D, 0x70, 0x76, 0x61, 0x72, 0x5F, 0x34, 0x2E,
    0x77, 0x29, 0x2C, 0x20, 0x30, 0x2E, 0x30, 0x2C, 0x20, 0x31, 0x2E, 0x30,
    0x29, 0x3B, 0x0A, 0x20, 0x20, 0x20, 0x20, 0x74, 0x6D, 0x70, 0x76, 0x61,
    0x72, 0x5F, 0x36, 0x20, 0x3D, 0x20, 0x62, 0x6F, 0x6F, 0x6C, 0x28, 0x31,
    0x29, 0x3B, 0x0A, 0x20, 0x20, 0x7D, 0x3B, 0x0A, 0x20, 0x20, 0x28, 0x31,
    0x20, 0x3D, 0x3D, 0x20, 0x74, 0x6D, 0x70, 0x76, 0x61, 0x72, 0x5F, 0x37,
    0x29, 0x20, 0x74, 0x6D, 0x70, 0x76, 0x61, 0x72, 0x5F, 0x35, 0x20, 0x3D,
    0x20, 0x62, 0x6F, 0x6F, 0x6C, 0x28, 0x31, 0x29, 0x3B, 0x0A, 0x20, 0x20,
    0x74, 0x6D, 0x70, 0x76, 0x61, 0x72, 0x5F, 0x36, 0x20, 0x74, 0x6D, 0x70,
    0x76, 0x61, 0x72, 0x5F, 0x35, 0x20, 0x3D, 0x20, 0x62, 0x6F, 0x6F, 0x6C,
    0x28, 0x30, 0x29, 0x3B, 0x0A, 0x20, 0x20, 0x69, 0x66, 0x20, 0x28, 0x74,
    0x6D, 0x70, 0x76, 0x61, 0x72, 0x5F, 0x35, 0x29, 0x20, 0x7B, 0x0A, 0x20,
    0x20, 0x20, 0x20, 0x63, 0x5F, 0x32, 0x20, 0x3D, 0x20, 0x28, 0x74, 0x6D,
    0x70, 0x76, 0x61, 0x72, 0x5F, 0x33, 0x2E, 0x78, 0x79, 0x7A, 0x20, 0x2A,
    0x20, 0x74, 0x6D, 0x70, 0x76, 0x61, 0x72, 0x5F, 0x34, 0x2E, 0x78, 0x79,
    0x7A, 0x29, 0x3B, 0x0A, 0x20, 0x20, 0x20, 0x20, 0x61, 0x6C, 0x70, 0x68,
    0x61, 0x5F, 0x31, 0x20, 0x3D, 0x20, 0x74, 0x6D, 0x70, 0x76, 0x61, 0x72,
    0x5F, 0x33, 0x2E, 0x77, 0x3B, 0x0A, 0x20, 0x20, 0x20, 0x20, 0x74, 0x6D,
    0x70, 0x76, 0x61, 0x72, 0x5F, 0x36, 0x20, 0x3D, 0x20, 0x62, 0x6F, 0x6F,
    0x6C, 0x28, 0x31, 0x29, 0x3B, 0x0A, 0x20, 0x20, 0x7D, 0x3B, 0x0A, 0x20,
    0x20, 0x28, 0x32, 0x20, 0x3D, 0x3D, 0x20, 0x74, 0x6D, 0x70, 0x76, 0x61,
    0x72, 0x5F, 0x37, 0x29, 0x20, 0x74, 0x6D, 0x70, 0x76, 0x61, 0x72, 0x5F,
    0x35, 0x20, 0x3D, 0x20, 0x62, 0x6F, 0x6F, 0x6C, 0x28, 0x31, 0x29, 0x3B,
    0x0A, 0x20, 0x20, 0x74, 0x6D, 0x70, 0x76, 0x61, 0x72, 0x5F, 0x36, 0x20,
    0x74, 0x6D, 0x70, 0x76, 0x61, 0x72, 0x5F, 0x35, 0x20, 0x3D, 0x20, 0x62,
    0x6F, 0x6F, 0x6C, 0x28, 0x30, 0x29, 0x3B, 0x0A, 0x20, 0x20, 0x69, 0x66,
    0x20, 0x28, 0x74, 0x6D, 0x70, 0x76, 0x61, 0x72, 0x5F, 0x35, 0x29, 0x20,
    0x7B, 0x0A, 0x20, 0x20, 0x20, 0x20, 0x63, 0x5F, 0x32, 0x20, 0x3D, 0x20,
    0x28, 0x76, 0x65, 0x63, 0x33, 0x28, 0x31, 0x2E, 0x30, 0x2C, 0x20, 0x31,
    0x2E, 0x30, 0x2C, 0x20, 0x31, 0x2E, 0x30, 0x29, 0x20, 0x2D, 0x20, 0x28,
    0x28, 0x76, 0x65, 0x63, 0x33, 0x28, 0x31, 0x2E, 0x30, 0x2C, 0x20, 0x31,
    0x2E, 0x30, 0x2C, 0x20, 0x31, 0x2E, 0x30, 0x29, 0x20, 0x2D, 0x20, 0x74,
    0x6D, 0x70, 0x76, 0x61, 0x72, 0x5F, 0x33, 0x2E, 0x78, 0x79, 0x7A, 0x29,
    0x20, 0x2A, 0x20, 0x28, 0x76, 0x65, 0x63, 0x33, 0x28, 0x31, 0x2E, 0x30,
    0x2C, 0x20, 0x31, 0x2E, 0x30, 0x2C, 0x20, 0x31, 0x2E, 0x30, 0x29, 0x20,
    0x2D, 0x20, 0x74, 0x6D, 0x70, 0x76, 0x61, 0x72, 0x5F, 0x34, 0x2E, 0x78,
    0x79, 0x7A, 0x29, 0x29, 0x29, 0x3B, 0x0A, 0x20, 0x20, 0x20, 0x20, 0x61,
    0x6C, 0x70, 0x68, 0x61, 0x5F, 0x31, 0x20, 0x3D, 0x20, 0x74, 0x6D, 0x70,
    0x76, 0x61, 0x72, 0x5F, 0x33, 0x2E, 0x77, 0x3B, 0x0A, 0x20, 0x20, 0x20,
    0x20, 0x74, 0x6D, 0x70, 0x76, 0x61, 0x72, 0x5F, 0x36, 0x20, 0x3D, 0x20,
    0x62, 0x6F, 0x6F, 0x6C, 0x28, 0x31, 0x29, 0x3B, 0x0A, 0x20, 0x20, 0x7D,
    0x3B, 0x0A, 0x20, 0x20, 0x28, 0x33, 0x20, 0x3D, 0x3D, 0x20, 0x74, 0x6D,
    0x70, 0x76, 0x61, 0x72, 0x5F, 0x37, 0x29, 0x20, 0x74, 0x6D, 0x70, 0x76,
    0x61, 0x72, 0x5F, 0x35, 0x20, 0x3D, 0x20, 0x62, 0x6F, 0x6F, 0x6C, 0x28,
    0x31, 0x29, 0x3B, 0x0A, 0x20, 0x20, 0x74, 0x6D, 0x70, 0x76, 0x61, 0x72,
    0x5F, 0x36, 0x20, 0x74, 0x6D, 0x70, 0x76, 0x61, 0x72, 0x5F, 0x35, 0x20,
    0x3D, 0x20, 0x62, 0x6F, 0x6F, 0x6C, 0x28, 0x30, 0x29, 0x3B, 0x0A, 0x20,
    0x20, 0x69, 0x66, 0x20, 0x28, 0x74, 0x6D, 0x70, 0x76, 0x61, 0x72, 0x5F,
    0x35, 0x29, 0x20, 0x7B, 0x0A, 0x20, 0x20, 0x20, 0x20, 0x76, 0x65, 0x63,
    0x33, 0x20, 0x72, 0x5F, 0x38, 0x3B, 0x0A, 0x20, 0x20, 0x20, 0x20, 0x66,
    0x6C, 0x6F, 0x61, 0x74, 0x20, 0x74, 0x6D, 0x70, 0x76, 0x61, 0x72, 0x5F,
    0x39, 0x3B, 0x0A, 0x20, 0x20, 0x20, 0x20, 0x69, 0x66, 0x20, 0x28, 0x28,
    0x74, 0x6D, 0x70, 0x76, 0x61, 0x72, 0x5F, 0x33, 0x2E, 0x78, 0x20, 0x3C,
    0x20, 0x30, 0x2E, 0x35, 0x29, 0x29, 0x20, 0x7B, 0x0A, 0x20, 0x20, 0x20,
    0x20, 0x20, 0x20, 0x74, 0x6D, 0x70, 0x76, 0x61, 0x72, 0x5F, 0x39, 0x20,
    0x3D, 0x20, 0x28, 0x28, 0x32, 0x2E, 0x30, 0x20, 0x2A, 0x20, 0x74, 0x6D,
    0x70, 0x76, 0x61, 0x72, 0x5F, 0x33, 0x2E, 0x78, 0x29, 0x20, 0x2A, 0x20,
    0x74, 0x6D, 0x70, 0x76, 0x61, 0x72, 0x5F, 0x34, 0x2E, 0x78, 0x29, 0x3B,
    0x0A, 0x20, 0x20, 0x20, 0x20, 0x7D, 0x20, 0x65, 0x6C, 0x73, 0x65, 0x20,
    0x7B, 0x0A, 0x20, 0x20, 0x20, 0x20, 0x20, 0x20, 0x74, 0x6D, 0x70, 0x76,
    0x61, 0x72, 0x5F, 0x39, 0x20, 0x3D, 0x20, 0x28, 0x31, 0x2E, 0x30, 0x20,
    0x2D, 0x20, 0x28, 0x28, 0x32, 0x2E, 0x30, 0x20, 0x2A, 0x20, 0x0A, 0x20,
    0x20, 0x20, 0x20, 0x20, 0x20, 0x20, 0x20, 0x28, 0x31, 0x2E, 0x30, 0x20,
    0x2D, 0x20, 0x74, 0x6D, 0x70, 0x76, 0x61, 0x72, 0x5F, 0x33, 0x2E, 0x78,
    0x29, 0x0A, 0x20, 0x20, 0x20, 0x20, 0x20, 0x20, 0x29, 0x20, 0x2A, 0x20,
    0x28, 0x31, 0x2E, 0x30, 0x20, 0x2D, 0x20, 0x74, 0x6D, 0x70, 0x76, 0x61,
    0x72, 0x5F, 0x34, 0x2E, 0x78, 0x29, 0x29, 0x29, 0x3B, 0x0A, 0x20, 0x20,
    0x20, 0x20, 0x7D, 0x3B, 0x0A, 0x20, 0x20, 0x20, 0x20, 0x72, 0x5F, 0x38,
    0x2E, 0x78, 0x20, 0x3D, 0x20, 0x74, 0x6D, 0x70, 0x76, 0x61, 0x72, 0x5F,
    0x39, 0x3B, 0x0A, 0x20, 0x20, 0x20, 0x20, 0x66, 0x6C, 0x6F, 0x61, 0x74,
    0x20, 0x74, 0x6D, 0x70, 0x76, 0x61, 0x72, 0x5F, 0x31, 0x30, 0x3B, 0x0A,
    0x20, 0x20, 0x20, 0x20, 0x69, 0x66, 0x20, 0x28, 0x28, 0x74, 0x6D, 0x70,
    0x76, 0x61, 0x72, 0x5F, 0x33, 0x2E, 0x79, 0x20, 0x3C, 0x20, 0x30, 0x2E,
    0x35, 0x29, 0x29, 0x20, 0x7B, 0x0A, 0x20, 0x20, 0x20, 0x20, 0x20, 0x20,
    0x74, 0x6D, 0x70, 0x76, 0x61, 0x72, 0x5F, 0x31, 0x30, 0x20, 0x3D, 0x20,
    0x28, 0x28, 0x32, 0x2E, 0x30, 0x20, 0x2A, 0x20, 0x74, 0x6D, 0x70, 0x76,
    0x61, 0x72, 0x5F, 0x33, 0x2E, 0x79, 0x29, 0x20, 0x2A, 0x20, 0x74, 0x6D,
    0x70, 0x76, 0x61, 0x72, 0x5F, 0x34, 0x2E, 0x79, 0x29, 0x3B, 0x0A, 0x20,
    0x20, 0x20, 0x20, 0x7D, 0x20, 0x65, 0x6C, 0x73, 0x65, 0x20, 0x7B, 0x0A,
    0x20, 0x20, 0x20, 0x20, 0x20, 0x20, 0x74, 0x6D, 0x70, 0x76, 0x61, 0x72,
    0x5F, 0x31, 0x30, 0x20, 0x3D, 0x20, 0x28, 0x31, 0x2E, 0x30, 0x20, 0x2D,
    0x20, 0x28, 0x28, 0x32, 0x2E, 0x30, 0x20, 0x2A, 0x20, 0x0A, 0x20, 0x20,
    0x20, 0x20, 0x20, 0x20, 0x20, 0x20, 0x28, 0x31, 0x2E, 0x30, 0x20, 0x2D,
    0x20, 0x74, 0x6D, 0x70, 0x76, 0x61, 0x72, 0x5F, 0x33, 0x2E, 0x79, 0x29,
    0x0A, 0x20, 0x20, 0x20, 0x20, 0x20, 0x20, 0x29, 0x20, 0x2A, 0x20, 0x28,
    0x31, 0x2E, 0x30, 0x20, 0x2D, 0x20, 0x74, 0x6D, 0x70, 0x76, 0x61, 0x72,
    0x5F, 0x34, 0x2E, 0x79, 0x29, 0x29, 0x29, 0x3B, 0x0A, 0x20, 0x20, 0x20,
    0x20, 0x7D, 0x3B, 0x0A, 0x20, 0x20, 0x20, 0x20, 0x72, 0x5F, 0x38, 0x2E,
    0x79, 0x20, 0x3D, 0x20, 0x74, 0x6D, 0x70, 0x76, 0x61, 0x72, 0x5F, 0x31,
    0x30, 0x3B, 0x0A, 0x20, 0x20, 0x20, 0x20, 0x66, 0x6C, 0x6F, 0x61, 0x74,
    0x20, 0x74, 0x6D, 0x70, 0x76, 0x61, 0x72, 0x5F, 0x31, 0x31, 0x3B, 0x0A,
    0x20, 0x20, 0x20, 0x20, 0x69, 0x66, 0x20, 0x28, 0x28, 0x74, 0x6D, 0x70,
    0x76, 0x61, 0x72, 0x5F, 0x33, 0x2E, 0x7A, 0x20, 0x3C, 0x20, 0x30, 0x2E,
    0x35, 0x29, 0x29, 0x20, 0x7B, 0x0A, 0x20, 0x20, 0x20, 0x20, 0x20, 0x20,
    0x74, 0x6D, 0x70, 0x76, 0x61, 0x72, 0x5F, 0x31, 0x31, 0x20, 0x3D, 0x20,
    0x28, 0x28, 0x32, 0x2E, 0x30, 0x20, 0x2A, 0x20, 0x74, 0x6D, 0x70, 0x76,
    0x61, 0x72, 0x5F, 0x33, 0x2E, 0x7A, 0x29, 0x20, 0x2A, 0x20, 0x74, 0x6D,
    0x70, 0x76, 0x61, 0x72, 0x5F, 0x34, 0x2E, 0x7A, 0x29, 0x3B, 0x0A, 0x20,
    0x20, 0x20, 0x20, 0x7D, 0x20, 0x65, 0x6C, 0x73, 0x65, 0x20, 0x7B, 0x0A,
    0x20, 0x20, 0x20, 0x20, 0x20, 0x20, 0x74, 0x6D, 0x70, 0x76, 0x61, 0x72,
    0x5F, 0x31, 0x31, 0x20, 0x3D, 0x20, 0x28, 0x31, 0x2E, 0x30, 0x20, 0x2D,
    0x20, 0x28, 0x28, 0x32, 0x2E, 0x30, 0x20, 0x2A, 0x20, 0x0A, 0x20, 0x20,
    0x20, 0x20, 0x20, 0x20, 0x20, 0x20, 0x28, 0x31, 0x2E, 0x30, 0x20, 0x2D,
    0x20, 0x74, 0x6D, 0x70, 0x76, 0x61, 0x72, 0x5F, 0x33, 0x2E, 0x7A, 0x29,
    0x0A, 0x20, 0x20, 0x20, 0x20, 0x20, 0x20, 0x29, 0x20, 0x2A, 0x20, 0x28,
    0x31, 0x2E, 0x30, 0x20, 0x2D, 0x20, 0x74, 0x6D, 0x70, 0x76, 0x61, 0x72,
    0x5F, 0x34, 0x2E, 0x7A, 0x29, 0x29, 0x29, 0x3B, 0x0A, 0x20, 0x20, 0x20,
    0x20, 0x7D, 0x3B, 0x0A, 0x20, 0x20, 0x20, 0x20, 0x72, 0x5F, 0x38, 0x2E,
    0x7A, 0x20, 0x3D, 0x20, 0x74, 0x6D, 0x70, 0x76, 0x61, 0x72, 0x5F, 0x31,
    0x31, 0x3B, 0x0A, 0x20, 0x20, 0x20, 0x20, 0x63, 0x5F, 0x32, 0x20, 0x3D,
    0x20, 0x72, 0x5F, 0x38, 0x3B, 0x0A, 0x20, 0x20, 0x20, 0x20, 0x61, 0x6C,
    0x70, 0x68, 0x61, 0x5F, 0x31, 0x20, 0x3D, 0x20, 0x74, 0x6D, 0x70, 0x76,
    0x61, 0x72, 0x5F, 0x33, 0x2E, 0x77, 0x3B, 0x0A, 0x20, 0x20, 0x20, 0x20,
    0x74, 0x6D, 0x70, 0x76, 0x61, 0x72, 0x5F, 0x36, 0x20, 0x3D, 0x20, 0x62,
    0x6F, 0x6F, 0x6C, 0x28, 0x31, 0x29, 0x3B, 0x0A, 0x20, 0x20, 0x7D, 0x3B,
    0x0A, 0x20, 0x20, 0x28, 0x34, 0x20, 0x3D, 0x3D, 0x20, 0x74, 0x6D, 0x70,
    0x76, 0x61, 0x72, 0x5F, 0x37, 0x29, 0x20, 0x74, 0x6D, 0x70, 0x76, 0x61,
    0x72, 0x5F, 0x35, 0x20, 0x3D, 0x20, 0x62, 0x6F, 0x6F, 0x6C, 0x28, 0x31,
    0x29, 0x3B, 0x0A, 0x20, 0x20, 0x74, 0x6D, 0x70, 0x76, 0x61, 0x72, 0x5F,
    0x36, 0x20, 0x74, 0x6D, 0x70, 0x76, 0x61, 0x72, 0x5F, 0x35, 0x20, 0x3D,
    0x20, 0x62, 0x6F, 0x6F, 0x6C, 0x28, 0x30, 0x29, 0x3B, 0x0A, 0x20, 0x20,
    0x69, 0x66, 0x20, 0x28, 0x74, 0x6D, 0x70, 0x76, 0x61, 0x72, 0x5F, 0x35,
    0x29, 0x20, 0x7B, 0x0A, 0x20, 0x20, 0x20, 0x20, 0x63, 0x5F, 0x32, 0x20,
    0x3D, 0x20, 0x6D, 0x69, 0x6E, 0x20, 0x28, 0x74, 0x6D, 0x70, 0x76, 0x61,
    0x72, 0x5F, 0x33, 0x2E, 0x78, 0x79, 0x7A, 0x2C, 0x20, 0x74, 0x6D, 0x70,
    0x76, 0x61, 0x72, 0x5F, 0x34, 0x2E, 0x78, 0x79, 0x7A, 0x29, 0x3B, 0x0A,
    0x20, 0x20, 0x20, 0x20, 0x61, 0x6C, 0x70, 0x68, 0x61, 0x5F, 0x31, 0x20,
    0x3D, 0x20, 0x74, 0x6D, 0x70, 0x76, 0x61, 0x72, 0x5F, 0x33, 0x2E, 0x77,
    0x3B, 0x0A, 0x20, 0x20, 0x20, 0x20, 0x74, 0x6D, 0x70, 0x76, 0x61, 0x72,
    0x5F, 0x36, 0x20, 0x3D, 0x20, 0x62, 0x6F, 0x6F, 0x6C, 0x28, 0x31, 0x29,
    0x3B, 0x0A, 0x20, 0x20, 0x7D, 0x3B, 0x0A, 0x20, 0x20, 0x28, 0x35, 0x20,
    0x3D, 0x3D, 0x20, 0x74, 0x6D, 0x70, 0x76, 0x61, 0x72, 0x5F, 0x37, 0x29,
    0x20, 0x74, 0x6D, 0x70, 0x76, 0x61, 0x72, 0x5F, 0x35, 0x20, 0x3D, 0x20,
    0x62, 0x6F, 0x6F, 0x6C, 0x28, 0x31, 0x29, 0x3B, 0x0A, 0x20, 0x20, 0x74,
    0x6D, 0x70, 0x76, 0x61, 0x72, 0x5F, 0x36, 0x20, 0x74, 0x6D, 0x70, 0x76,
    0x61, 0x72, 0x5F, 0x35, 0x20, 0x3D, 0x20, 0x62, 0x6F, 0x6F, 0x6C, 0x28,
    0x30, 0x29, 0x3B, 0x0A, 0x20, 0x20, 0x69, 0x66, 0x20, 0x28, 0x74, 0x6D,
    0x70, 0x76, 0x61, 0x72, 0x5F, 0x35, 0x29, 0x20, 0x7B, 0x0A, 0x20, 0x20,
    0x20, 0x20, 0x63, 0x5F, 0x32, 0x20, 0x3D, 0x20, 0x6D, 0x61, 0x78, 0x20,
    0x28, 0x74, 0x6D, 0x70, 0x76, 0x61, 0x72, 0x5F, 0x33, 0x2E, 0x78, 0x79,
    0x7A, 0x2C, 0x20, 0x74, 0x6D, 0x70, 0x76, 0x61, 0x72, 0x5F, 0x34, 0x2E,
    0x78, 0x79, 0x7A, 0x29, 0x3B, 0x0A, 0x20, 0x20, 0x20, 0x20, 0x61, 0x6C,
    0x70, 0x68, 0x61, 0x5F, 0x31, 0x20, 0x3D, 0x20, 0x74, 0x6D, 0x70, 0x76,
    0x61, 0x72, 0x5F, 0x33, 0x2E, 0x77, 0x3B, 0x0A, 0x20, 0x20, 0x20, 0x20,
    0x74, 0x6D, 0x70, 0x76, 0x61, 0x72, 0x5F, 0x36, 0x20, 0x3D, 0x20, 0x62,
    0x6F, 0x6F, 0x6C, 0x28, 0x31, 0x29, 0x3B, 0x0A, 0x20, 0x20, 0x7D, 0x3B,
    0x0A, 0x20, 0x20, 0x28, 0x36, 0x20, 0x3D, 0x3D, 0x20, 0x74, 0x6D, 0x70,
    0x76, 0x61, 0x72, 0x5F, 0x37, 0x29, 0x20, 0x74, 0x6D, 0x70, 0x76, 0x61,
    0x72, 0x5F, 0x35, 0x20, 0x3D, 0x20, 0x62, 0x6F, 0x6F, 0x6C, 0x28, 0x31,
    0x29, 0x3B, 0x0A, 0x20, 0x20, 0x74, 0x6D, 0x70, 0x76, 0x61, 0x72, 0x5F,
    0x36, 0x20, 0x74, 0x6D, 0x70, 0x76, 0x61, 0x72, 0x5F, 0x35, 0x20, 0x3D,
    0x20, 0x62, 0x6F, 0x6F, 0x6C, 0x28, 0x30, 0x29, 0x3B, 0x0A, 0x20, 0x20,
    0x69, 0x66, 0x20, 0x28, 0x74, 0x6D, 0x70, 0x76, 0x61, 0x72, 0x5F, 0x35,
    0x29, 0x20, 0x7B, 0x0A, 0x20, 0x20, 0x20, 0x20, 0x63, 0x5F, 0x32, 0x20,
    0x3D, 0x20, 0x28, 0x74, 0x6D, 0x70, 0x76, 0x61, 0x72, 0x5F, 0x33, 0x2E,
    0x78, 0x79, 0x7A, 0x20, 0x2F, 0x20, 0x28, 0x76, 0x65, 0x63, 0x33, 0x28,
    0x31, 0x2E, 0x30, 0x2C, 0x20, 0x31, 0x2E, 0x30, 0x2C, 0x20, 0x31, 0x2E,
    0x30, 0x29, 0x20, 0x2D, 0x20, 0x74, 0x6D, 0x70, 0x76, 0x61, 0x72, 0x5F,
    0x34, 0x2E, 0x78, 0x79, 0x7A, 0x29, 0x29, 0x3B, 0x0A, 0x20, 0x20, 0x20,
    0x20, 0x61, 0x6C, 0x70, 0x68, 0x61, 0x5F, 0x31, 0x20, 0x3D, 0x20, 0x74,
    0x6D, 0x70, 0x76, 0x61, 0x72, 0x5F, 0x33, 0x2E, 0x77, 0x3B, 0x0A, 0x20,
    0x20, 0x20, 0x20, 0x74, 0x6D, 0x70, 0x76, 0x61, 0x72, 0x5F, 0x36, 0x20,
    0x3D, 0x20, 0x62, 0x6F, 0x6F, 0x6C, 0x28, 0x31, 0x29, 0x3B, 0x0A, 0x20,
    0x20, 0x7D, 0x3B, 0x0A, 0x20, 0x20, 0x28, 0x37, 0x20, 0x3D, 0x3D, 0x20,
    0x74, 0x6D, 0x70, 0x76, 0x61, 0x72, 0x5F, 0x37, 0x29, 0x20, 0x74, 0x6D,
    0x70, 0x76, 0x61, 0x72, 0x5F, 0x35, 0x20, 0x3D, 0x20, 0x62, 0x6F, 0x6F,
    0x6C, 0x28, 0x31, 0x29, 0x3B, 0x0A, 0x20, 0x20, 0x74, 0x6D, 0x70, 0x76,
    0x61, 0x72, 0x5F, 0x36, 0x20, 0x74, 0x6D, 0x70, 0x76, 0x61, 0x72, 0x5F,
    0x35, 0x20, 0x3D, 0x20, 0x62, 0x6F, 0x6F, 0x6C, 0x28, 0x30, 0x29, 0x3B,
    0x0A, 0x20, 0x20, 0x69, 0x66, 0x20, 0x28, 0x74, 0x6D, 0x70, 0x76, 0x61,
    0x72, 0x5F, 0x35, 0x29, 0x20, 0x7B, 0x0A, 0x20, 0x20, 0x20, 0x20, 0x63,
    0x5F, 0x32, 0x20, 0x3D, 0x20, 0x28, 0x76, 0x65, 0x63, 0x33, 0x28, 0x31,
    0x2E, 0x30, 0x2C, 0x20, 0x31, 0x2E, 0x30, 0x2C, 0x20, 0x31, 0x2E, 0x30,
    0x29, 0x20, 0x2D, 0x20, 0x28, 0x28, 0x76, 0x65, 0x63, 0x33, 0x28, 0x31,
    0x2E, 0x30, 0x2C, 0x20, 0x31, 0x2E, 0x30, 0x2C, 0x20, 0x31, 0x2E, 0x30,
    0x29, 0x20, 0x2D, 0x20, 0x74, 0x6D, 0x70, 0x76, 0x61, 0x72, 0x5F, 0x33,
    0x2E, 0x78, 0x79, 0x7A, 0x29, 0x20, 0x2F, 0x20, 0x74, 0x6D, 0x70, 0x76,
    0x61, 0x72, 0x5F, 0x34, 0x2E, 0x78, 0x79, 0x7A, 0x29, 0x29, 0x3B, 0x0A,
    0x20, 0x20, 0x20, 0x20, 0x61, 0x6C, 0x70, 0x68, 0x61, 0x5F, 0x31, 0x20,
    0x3D, 0x20, 0x74, 0x6D, 0x70, 0x76, 0x61, 0x72, 0x5F, 0x33, 0x2E, 0x77,
    0x3B, 0x0A, 0x20, 0x20, 0x20, 0x20, 0x74, 0x6D, 0x70, 0x76, 0x61, 0x72,
    0x5F, 0x36, 0x20, 0x3D, 0x20, 0x62, 0x6F, 0x6F, 0x6C, 0x28, 0x31, 0x29,
    0x3B, 0x0A, 0x20, 0x20, 0x7D, 0x3B, 0x0A, 0x20, 0x20, 0x28, 0x38, 0x20,
    0x3D, 0x3D, 0x20, 0x74, 0x6D, 0x70, 0x76, 0x61, 0x72, 0x5F, 0x37, 0x29,
    0x20, 0x74, 0x6D, 0x70, 0x76, 0x61, 0x72, 0x5F, 0x35, 0x20, 0x3D, 0x20,
    0x62, 0x6F, 0x6F, 0x6C, 0x28, 0x31, 0x29, 0x3B, 0x0A, 0x20, 0x20, 0x74,
    0x6D, 0x70, 0x76, 0x61, 0x72, 0x5F, 0x36, 0x20, 0x74, 0x6D, 0x70, 0x76,
    0x61, 0x72, 0x5F, 0x35, 0x20, 0x3D, 0x20, 0x62, 0x6F, 0x6F, 0x6C, 0x28,
    0x30, 0x29, 0x3B, 0x0A, 0x20, 0x20, 0x69, 0x66, 0x20, 0x28, 0x74, 0x6D,
    0x70, 0x76, 0x61, 0x72, 0x5F, 0x35, 0x29, 0x20, 0x7B, 0x0A, 0x20, 0x20,
    0x20, 0x20, 0x76, 0x65, 0x63, 0x33, 0x20, 0x72, 0x5F, 0x31, 0x32, 0x3B,
    0x0A, 0x20, 0x20, 0x20, 0x20, 0x66, 0x6C, 0x6F, 0x61, 0x74, 0x20, 0x74,
    0x6D, 0x70, 0x76, 0x61, 0x72, 0x5F, 0x31, 0x33, 0x3B, 0x0A, 0x20, 0x20,
    0x20, 0x20, 0x69, 0x66, 0x20, 0x28, 0x28, 0x74, 0x6D, 0x70, 0x76, 0x61,
    0x72, 0x5F, 0x34, 0x2E, 0x78, 0x20, 0x3C, 0x20, 0x30, 0x2E, 0x35, 0x29,
    0x29, 0x20, 0x7B, 0x0A, 0x20, 0x20, 0x20, 0x20, 0x20, 0x20, 0x74, 0x6D,
    0x70, 0x76, 0x61, 0x72, 0x5F, 0x31, 0x33, 0x20, 0x3D, 0x20, 0x28, 0x28,
    0x32, 0x2E, 0x30, 0x20, 0x2A, 0x20, 0x74, 0x6D, 0x70, 0x76, 0x61, 0x72,
    0x5F, 0x34, 0x2E, 0x78, 0x29, 0x20, 0x2A, 0x20, 0x74, 0x6D, 0x70, 0x76,
    0x61, 0x72, 0x5F, 0x33, 0x2E, 0x78, 0x29, 0x3B, 0x0A, 0x20, 0x20, 0x20,
    0x20, 0x7D, 0x20, 0x65, 0x6C, 0x73, 0x65, 0x20, 0x7B, 0x0A, 0x20, 0x20,
    0x20, 0x20, 0x20, 0x20, 0x74, 0x6D, 0x70, 0x76, 0x61, 0x72, 0x5F, 0x31,
    0x33, 0x20, 0x3D, 0x20, 0x28, 0x31, 0x2E, 0x30, 0x20, 0x2D, 0x20, 0x28,
    0x28, 0x32, 0x2E, 0x30, 0x20, 0x2A, 0x20, 0x0A, 0x20, 0x20, 0x20, 0x20,
    0x20, 0x20, 0x20, 0x20, 0x28, 0x31, 0x2E, 0x30, 0x20, 0x2D, 0x20, 0x74,
    0x6D, 0x70, 0x76, 0x61, 0x72, 0x5F, 0x34, 0x2E, 0x78, 0x29, 0x0A, 0x20,
    0x20, 0x20, 0x20, 0x20, 0x20, 0x29, 0x20, 0x2A, 0x20, 0x28, 0x31, 0x2E,
    0x30, 0x20, 0x2D, 0x20, 0x74, 0x6D, 0x70, 0x76, 0x61, 0x72, 0x5F, 0x33,
    0x2E, 0x78, 0x29, 0x29, 0x29, 0x3B, 0x0A, 0x20, 0x20, 0x20, 0x20, 0x7D,
    0x3B, 0x0A, 0x20, 0x20, 0x20, 0x20, 0x72, 0x5F, 0x31, 0x32, 0x2E, 0x78,
    0x20, 0x3D, 0x20, 0x74, 0x6D, 0x70, 0x76, 0x61, 0x72, 0x5F, 0x31, 0x33,
    0x3B, 0x0A, 0x20, 0x20, 0x20, 0x20, 0x66, 0x6C, 0x6F, 0x61, 0x74, 0x20,
    0x74, 0x6D, 0x70, 0x76, 0x61, 0x72, 0x5F, 0x31, 0x34, 0x3B, 0x0A, 0x20,
    0x20, 0x20, 0x20, 0x69, 0x66, 0x20, 0x28, 0x28, 0x74, 0x6D, 0x70, 0x76,
    0x61, 0x72, 0x5F, 0x34, 0x2E, 0x79, 0x20, 0x3C, 0x20, 0x30, 0x2E, 0x35,
    0x29, 0x29, 0x20, 0x7B, 0x0A, 0x20, 0x20, 0x20, 0x20, 0x20, 0x20, 0x74,
    0x6D, 0x70, 0x76, 0x61, 0x72, 0x5F, 0x31, 0x34, 0x20, 0x3D, 0x20, 0x28,
    0x28, 0x32, 0x2E, 0x30, 0x20, 0x2A, 0x20, 0x74, 0x6D, 0x70, 0x76, 0x61,
    0x72, 0x5F, 0x34, 0x2E, 0x79, 0x29, 0x20, 0x2A, 0x20, 0x74, 0x6D, 0x70,
    0x76, 0x61, 0x72, 0x5F, 0x33, 0x2E, 0x79, 0x29, 0x3B, 0x0A, 0x20, 0x20,
    0x20, 0x20, 0x7D, 0x20, 0x65, 0x6C, 0x73, 0x65, 0x20, 0x7B, 0x0A, 0x20,
    0x20, 0x20, 0x20, 0x20, 0x20, 0x74, 0x6D, 0x70, 0x76, 0x61, 0x72, 0x5F,
    0x31, 0x34, 0x20, 0x3D, 0x20, 0x28, 0x31, 0x2E, 0x30, 0x20, 0x2D, 0x20,
    0x28, 0x28, 0x32, 0x2E, 0x30, 0x20, 0x2A, 0x20, 0x0A, 0x20, 0x20, 0x20,
    0x20, 0x20, 0x20, 0x20, 0x20, 0x28, 0x31, 0x2E, 0x30, 0x20, 0x2D, 0x20,
    0x74, 0x6D, 0x70, 0x76, 0x61, 0x72, 0x5F, 0x34, 0x2E, 0x79, 0x29, 0x0A,
    0x20, 0x20, 0x20, 0x20, 0x20, 0x20, 0x29, 0x20, 0x2A, 0x20, 0x28, 0x31,
    0x2E, 0x30, 0x20, 0x2D, 0x20, 0x74, 0x6D, 0x70, 0x76, 0x61, 0x72, 0x5F,
    0x33, 0x2E, 0x79, 0x29, 0x29, 0x29, 0x3B, 0x0A, 0x20, 0x20, 0x20, 0x20,
    0x7D, 0x3B, 0x0A, 0x20, 0x20, 0x20, 0x20, 0x72, 0x5F, 0x31, 0x32, 0x2E,
    0x79, 0x20, 0x3D, 0x20, 0x74, 0x6D, 0x70, 0x76, 0x61, 0x72, 0x5F, 0x31,
    0x34, 0x3B, 0x0A, 0x20, 0x20, 0x20, 0x20, 0x66, 0x6C, 0x6F, 0x61, 0x74,
    0x20, 0x74, 0x6D, 0x70, 0x76, 0x61, 0x72, 0x5F, 0x31, 0x35, 0x3B, 0x0A,
    0x20, 0x20, 0x20, 0x20, 0x69, 0x66, 0x20, 0x28, 0x28, 0x74, 0x6D, 0x70,
    0x76, 0x61, 0x72, 0x5F, 0x34, 0x2E, 0x7A, 0x20, 0x3C, 0x20, 0x30, 0x2E,
    0x35, 0x29, 0x29, 0x20, 0x7B, 0x0A, 0x20, 0x20, 0x20, 0x20, 0x20, 0x20,
    0x74, 0x6D, 0x70, 0x76, 0x61, 0x72, 0x5F, 0x31, 0x35, 0x20, 0x3D, 0x20,
    0x28, 0x28, 0x32, 0x2E, 0x30, 0x20, 0x2A, 0x20, 0x74, 0x6D, 0x70, 0x76,
    0x61, 0x72, 0x5F, 0x34, 0x2E, 0x7A, 0x29, 0x20, 0x2A, 0x20, 0x74, 0x6D,
    0x70, 0x76, 0x61, 0x72, 0x5F, 0x33, 0x2E, 0x7A, 0x29, 0x3B, 0x0A, 0x20,
    0x20, 0x20, 0x20, 0x7D, 0x20, 0x65, 0x6C, 0x73, 0x65, 0x20, 0x7B, 0x0A,
    0x20, 0x20, 0x20, 0x20, 0x20, 0x20, 0x74, 0x6D, 0x70, 0x76, 0x61, 0x72,
    0x5F, 0x31, 0x35, 0x20, 0x3D, 0x20, 0x28, 0x31, 0x2E, 0x30, 0x20, 0x2D,
    0x20, 0x28, 0x28, 0x32, 0x2E, 0x30, 0x20, 0x2A, 0x20, 0x0A, 0x20, 0x20,
    0x20, 0x20, 0x20, 0x20, 0x20, 0x20, 0x28, 0x31, 0x2E, 0x30, 0x20, 0x2D,
    0x20, 0x74, 0x6D, 0x70, 0x76, 0x61, 0x72, 0x5F, 0x34, 0x2E, 0x7A, 0x29,
    0x0A, 0x20, 0x20, 0x20, 0x20, 0x20, 0x20, 0x29, 0x20, 0x2A, 0x20, 0x28,
    0x31, 0x2E, 0x30, 0x20, 0x2D, 0x20, 0x74, 0x6D, 0x70, 0x76, 0x61, 0x72,
    0x5F, 0x33, 0x2E, 0x7A, 0x29, 0x29, 0x29, 0x3B, 0x0A, 0x20, 0x20, 0x20,
    0x20, 0x7D, 0x3B, 0x0A, 0x20, 0x20, 0x20, 0x20, 0x72, 0x5F, 0x31, 0x32,
    0x2E, 0x7A, 0x20, 0x3D, 0x20, 0x74, 0x6D, 0x70, 0x76, 0x61, 0x72, 0x5F,
    0x31, 0x35, 0x3B, 0x0A, 0x20, 0x20, 0x20, 0x20, 0x63, 0x5F, 0x32, 0x20,
    0x3D, 0x20, 0x72, 0x5F, 0x31, 0x32, 0x3B, 0x0A, 0x20, 0x20, 0x20, 0x20,
    0x61, 0x6C, 0x70, 0x68, 0x61, 0x5F, 0x31, 0x20, 0x3D, 0x20, 0x74, 0x6D,
    0x70, 0x76, 0x61, 0x72, 0x5F, 0x33, 0x2E, 0x77, 0x3B, 0x0A, 0x20, 0x20,
    0x20, 0x20, 0x74, 0x6D, 0x70, 0x76, 0x61, 0x72, 0x5F, 0x36, 0x20, 0x3D,
    0x20, 0x62, 0x6F, 0x6F, 0x6C, 0x28, 0x31, 0x29, 0x3B, 0x0A, 0x20, 0x20,
    0x7D, 0x3B, 0x0A, 0x20, 0x20, 0x28, 0x39, 0x20, 0x3D, 0x3D, 0x20, 0x74,
    0x6D, 0x70, 0x76, 0x61, 0x72, 0x5F, 0x37, 0x29, 0x20, 0x74, 0x6D, 0x70,
    0x76, 0x61, 0x72, 0x5F, 0x35, 0x20, 0x3D, 0x20, 0x62, 0x6F, 0x6F, 0x6C,
    0x28, 0x31, 0x29, 0x3B, 0x0A, 0x20, 0x20, 0x74, 0x6D, 0x70, 0x76, 0x61,
    0x72, 0x5F, 0x36, 0x20, 0x74, 0x6D, 0x70, 0x76, 0x61, 0x72, 0x5F, 0x35,
    0x20, 0x3D, 0x20, 0x62, 0x6F, 0x6F, 0x6C, 0x28, 0x30, 0x29, 0x3B, 0x0A,
    0x20, 0x20, 0x69, 0x66, 0x20, 0x28, 0x74, 0x6D, 0x70, 0x76, 0x61, 0x72,
    0x5F, 0x35, 0x29, 0x20, 0x7B, 0x0A, 0x20, 0x20, 0x20, 0x20, 0x76, 0x65,
    0x63, 0x33, 0x20, 0x72, 0x5F, 0x31, 0x36, 0x3B, 0x0A, 0x20, 0x20, 0x20,
    0x20, 0x66, 0x6C, 0x6F, 0x61, 0x74, 0x20, 0x74, 0x6D, 0x70, 0x76, 0x61,
    0x72, 0x5F, 0x31, 0x37, 0x3B, 0x0A, 0x20, 0x20, 0x20, 0x20, 0x69, 0x66,
    0x20, 0x28, 0x28, 0x74, 0x6D, 0x70, 0x76, 0x61, 0x72, 0x5F, 0x34, 0x2E,
    0x78, 0x20, 0x3C, 0x20, 0x30, 0x2E, 0x35, 0x29, 0x29, 0x20, 0x7B, 0x0A,
    0x20, 0x20, 0x20, 0x20, 0x20, 0x20, 0x74, 0x6D, 0x70, 0x76, 0x61, 0x72,
    0x5F, 0x31, 0x37, 0x20, 0x3D, 0x20, 0x28, 0x74, 0x6D, 0x70, 0x76, 0x61,
    0x72, 0x5F, 0x33, 0x2E, 0x78, 0x20, 0x2A, 0x20, 0x28, 0x28, 0x32, 0x2E,
    0x30, 0x20, 0x2A, 0x20, 0x74, 0x6D, 0x70, 0x76, 0x61, 0x72, 0x5F, 0x34,
    0x2E, 0x78, 0x29, 0x20, 0x2B, 0x20, 0x28, 0x74, 0x6D, 0x70, 0x76, 0x61,
    0x72, 0x5F, 0x33, 0x2E, 0x78, 0x20, 0x2A, 0x20, 0x0A, 0x20, 0x20, 0x20,
    0x20, 0x20, 0x20, 0x20, 0x20, 0x28, 0x31, 0x2E, 0x30, 0x20, 0x2D, 0x20,
    0x28, 0x32, 0x2E, 0x30, 0x20, 0x2A, 0x20, 0x74, 0x6D, 0x70, 0x76, 0x61,
    0x72, 0x5F, 0x34, 0x2E, 0x78, 0x29, 0x29, 0x0A, 0x20, 0x20, 0x20, 0x20,
    0x20, 0x20, 0x29, 0x29, 0x29, 0x3B, 0x0A, 0x20, 0x20, 0x20, 0x20, 0x7D,
    0x20, 0x65, 0x6C, 0x73, 0x65, 0x20, 0x7B, 0x0A, 0x20, 0x20, 0x20, 0x20,
    0x20, 0x20, 0x74, 0x6D, 0x70, 0x76, 0x61, 0x72, 0x5F, 0x31, 0x37, 0x20,
    0x3D, 0x20, 0x28, 0x74, 0x6D, 0x70, 0x76, 0x61, 0x72, 0x5F, 0x33, 0x2E,
    0x78, 0x20, 0x2B, 0x20, 0x28, 0x28, 0x0A, 0x20, 0x20, 0x20, 0x20, 0x20,
    0x20, 0x20, 0x20, 0x28, 0x32, 0x2E, 0x30, 0x20, 0x2A, 0x20, 0x74, 0x6D,
    0x70, 0x76, 0x61, 0x72, 0x5F, 0x34, 0x2E, 0x78, 0x29, 0x0A, 0x20, 0x20,
    0x20, 0x20, 0x20, 0x20, 0x20, 0x2D, 0x20, 0x31, 0x2E, 0x30, 0x29, 0x20,
    0x2A, 0x20, 0x28, 0x0A, 0x20, 0x20, 0x20, 0x20, 0x20, 0x20, 0x20, 0x20,
    0x73, 0x71, 0x72, 0x74, 0x28, 0x74, 0x6D, 0x70, 0x76, 0x61, 0x72, 0x5F,
    0x33, 0x2E, 0x78, 0x29, 0x0A, 0x20, 0x20, 0x20, 0x20, 0x20, 0x20, 0x20,
    0x2D, 0x20, 0x74, 0x6D, 0x70, 0x76, 0x61, 0x72, 0x5F, 0x33, 0x2E, 0x78,
    0x29, 0x29, 0x29, 0x3B, 0x0A, 0x20, 0x20, 0x20, 0x20, 0x7D, 0x3B, 0x0A,
    0x20, 0x20, 0x20, 0x20, 0x72, 0x5F, 0x31, 0x36, 0x2E, 0x78, 0x20, 0x3D,
    0x20, 0x74, 0x6D, 0x70, 0x76, 0x61, 0x72, 0x5F, 0x31, 0x37, 0x3B, 0x0A,
    0x20, 0x20, 0x20, 0x20, 0x66, 0x6C, 0x6F, 0x61, 0x74, 0x20, 0x74, 0x6D,
    0x70, 0x76, 0x61, 0x72, 0x5F, 0x31, 0x38, 0x3B, 0x0A, 0x20, 0x20, 0x20,
    0x20, 0x69, 0x66, 0x20, 0x28, 0x28, 0x74, 0x6D, 0x70, 0x76, 0x61, 0x72,
    0x5F, 0x34, 0x2E, 0x79, 0x20, 0x3C, 0x20, 0x30, 0x2E, 0x35, 0x29, 0x29,
    0x20, 0x7B, 0x0A, 0x20, 0x20, 0x20, 0x20, 0x20, 0x20, 0x74, 0x6D, 0x70,
    0x76, 0x61, 0x72, 0x5F, 0x31, 0x38, 0x20, 0x3D, 0x20, 0x28, 0x74, 0x6D,
    0x70, 0x76, 0x61, 0x72, 0x5F, 0x33, 0x2E, 0x79, 0x20, 0x2A, 0x20, 0x28,
    0x28, 0x32, 0x2E, 0x30, 0x20, 0x2A, 0x20, 0x74, 0x6D, 0x70, 0x76, 0x61,
    0x72, 0x5F, 0x34, 0x2E, 0x79, 0x29, 0x20, 0x2B, 0x20, 0x28, 0x74, 0x6D,
    0x70, 0x76, 0x61, 0x72, 0x5F, 0x33, 0x2E, 0x79, 0x20, 0x2A, 0x20, 0x0A,
    0x20, 0x20, 0x20, 0x20, 0x20, 0x20, 0x20, 0x20, 0x28, 0x31, 0x2E, 0x30,
    0x20, 0x2D, 0x20, 0x28, 0x32, 0x2E, 0x30, 0x20, 0x2A, 0x20, 0x74, 0x6D,
    0x70, 0x76, 0x61, 0x72, 0x5F, 0x34, 0x2E, 0x79, 0x29, 0x29, 0x0A, 0x20,
    0x20, 0x20, 0x20, 0x20, 0x20, 0x29, 0x29, 0x29, 0x3B, 0x0A, 0x20, 0x20,
    0x20, 0x20, 0x7D, 0x20, 0x65, 0x6C, 0x73, 0x65, 0x20, 0x7B, 0x0A, 0x20,
    0x20, 0x20, 0x20, 0x20, 0x20, 0x74, 0x6D, 0x70, 0x76, 0x61, 0x72, 0x5F,
    0x31, 0x38, 0x20, 0x3D, 0x20, 0x28, 0x74, 0x6D, 0x70, 0x76, 0x61, 0x72,
    0x5F, 0x33, 0x2E, 0x79, 0x20, 0x2B, 0x20, 0x28, 0x28, 0x0A, 0x20, 0x20,
    0x20, 0x20, 0x20, 0x20, 0x20, 0x20, 0x28, 0x32, 0x2E, 0x30, 0x20, 0x2A,
    0x20, 0x74, 0x6D, 0x70, 0x76, 0x61, 0x72, 0x5F, 0x34, 0x2E, 0x79, 0x29,
    0x0A, 0x20, 0x20, 0x20, 0x20, 0x20, 0x20, 0x20, 0x2D, 0x20, 0x31, 0x2E,
    0x30, 0x29, 0x20, 0x2A, 0x20, 0x28, 0x0A, 0x20, 0x20, 0x20, 0x20, 0x20,
    0x20, 0x20, 0x20, 0x73, 0x71, 0x72, 0x74, 0x28, 0x74, 0x6D, 0x70, 0x76,
    0x61, 0x72, 0x5F, 0x33, 0x2E, 0x79, 0x29, 0x0A, 0x20, 0x20, 0x20, 0x20,
    0x20, 0x20, 0x20, 0x2D, 0x20, 0x74, 0x6D, 0x70, 0x76, 0x61, 0x72, 0x5F,
    0x33, 0x2E, 0x79, 0x29, 0x29, 0x29, 0x3B, 0x0A, 0x20, 0x20, 0x20, 0x20,
    0x7D, 0x3B, 0x0A, 0x20, 0x20, 0x20, 0x20, 0x72, 0x5F, 0x31, 0x36, 0x2E,
    0x79, 0x20, 0x3D, 0x20, 0x74, 0x6D, 0x70, 0x76, 0x61, 0x72, 0x5F, 0x31,
    0x38, 0x3B, 0x0A, 0x20, 0x20, 0x20, 0x20, 0x66, 0x6C, 0x6F, 0x61, 0x74,
    0x20, 0x74, 0x6D, 0x70, 0x76, 0x61, 0x72, 0x5F, 0x31, 0x39, 0x3B, 0x0A,
    0x20, 0x20, 0x20, 0x20, 0x69, 0x66, 0x20, 0x28, 0x28, 0x74, 0x6D, 0x70,
    0x76, 0x61, 0x72, 0x5F, 0x34, 0x2E, 0x7A, 0x20, 0x3C, 0x20, 0x30, 0x2E,
    0x35, 0x29, 0x29, 0x20, 0x7B, 0x0A, 0x20, 0x20, 0x20, 0x20, 0x20, 0x20,
    0x74, 0x6D, 0x70, 0x76, 0x61, 0x72, 0x5F, 0x31, 0x39, 0x20, 0x3D, 0x20,
    0x28, 0x74, 0x6D, 0x70, 0x76, 0x61, 0x72, 0x5F, 0x33, 0x2E, 0x7A, 0x20,
    0x2A, 0x20, 0x28, 0x28, 0x32, 0x2E, 0x30, 0x20, 0x2A, 0x20, 0x74, 0x6D,
    0x70, 0x76, 0x61, 0x72, 0x5F, 0x34, 0x2E, 0x7A, 0x29, 0x20, 0x2B, 0x20,
    0x28, 0x74, 0x6D, 0x70, 0x76, 0x61, 0x72, 0x5F, 0x33, 0x2E, 0x7A, 0x20,
    0x2A, 0x20, 0x0A, 0x20, 0x20, 0x20, 0x20, 0x20, 0x20, 0x20, 0x20, 0x28,
    0x31, 0x2E, 0x30, 0x20, 0x2D, 0x20, 0x28, 0x32, 0x2E, 0x30, 0x20, 0x2A,
    0x20, 0x74, 0x6D, 0x70, 0x76, 0x61, 0x72, 0x5F, 0x34, 0x2E, 0x7A, 0x29,
    0x29, 0x0A, 0x20, 0x20, 0x20, 0x20, 0x20, 0x20, 0x29, 0x29, 0x29, 0x3B,
    0x0A, 0x20, 0x20, 0x20, 0x20, 0x7D, 0x20, 0x65, 0x6C, 0x73, 0x65, 0x20,
    0x7B, 0x0A, 0x20, 0x20, 0x20, 0x20, 0x20, 0x20, 0x74, 0x6D, 0x70, 0x76,
    0x61, 0x72, 0x5F, 0x31, 0x39, 0x20, 0x3D, 0x20, 0x28, 0x74, 0x6D, 0x70,
    0x76, 0x61, 0x72, 0x5F, 0x33, 0x2E, 0x7A, 0x20, 0x2B, 0x20, 0x28, 0x28,
    0x0A, 0x20, 0x20, 0x20, 0x20, 0x20, 0x20, 0x20, 0x20, 0x28, 0x32, 0x2E,
    0x30, 0x20, 0x2A, 0x20, 0x74, 0x6D, 0x70, 0x76, 0x61, 0x72, 0x5F, 0x34,
    0x2E, 0x7A, 0x29, 0x0A, 0x20, 0x20, 0x20, 0x20, 0x20, 0x20, 0x20, 0x2D,
    0x20, 0x31, 0x2E, 0x30, 0x29, 0x20, 0x2A, 0x20, 0x28, 0x0A, 0x20, 0x20,
    0x20, 0x20, 0x20, 0x20, 0x20, 0x20, 0x73, 0x71, 0x72, 0x74, 0x28, 0x74,
    0x6D, 0x70, 0x76, 0x61, 0x72, 0x5F, 0x33, 0x2E, 0x7A, 0x29, 0x0A, 0x20,
    0x20, 0x20, 0x20, 0x20, 0x20, 0x20, 0x2D, 0x20, 0x74, 0x6D, 0x70, 0x76,
    0x61, 0x72, 0x5F, 0x33, 0x2E, 0x7A, 0x29, 0x29, 0x29, 0x3B, 0x0A, 0x20,
    0x20, 0x20, 0x20, 0x7D, 0x3B, 0x0A, 0x20, 0x20, 0x20, 0x20, 0x72, 0x5F,
    0x31, 0x36, 0x2E, 0x7A, 0x20, 0x3D, 0x20, 0x74, 0x6D, 0x70, 0x76, 0x61,
    0x72, 0x5F, 0x31, 0x39, 0x3B, 0x0A, 0x20, 0x20, 0x20, 0x20, 0x63, 0x5F,
    0x32, 0x20, 0x3D, 0x20, 0x72, 0x5F, 0x31, 0x36, 0x3B, 0x0A, 0x20, 0x20,
    0x20, 0x20, 0x61, 0x6C, 0x70, 0x68, 0x61, 0x5F, 0x31, 0x20, 0x3D, 0x20,
    0x74, 0x6D, 0x70, 0x76, 0x61, 0x72, 0x5F, 0x33, 0x2E, 0x77, 0x3B, 0x0A,
    0x20, 0x20, 0x20, 0x20, 0x74, 0x6D, 0x70, 0x76, 0x61, 0x72, 0x5F, 0x36,
    0x20, 0x3D, 0x20, 0x62, 0x6F, 0x6F, 0x6C, 0x28, 0x31, 0x29, 0x3B, 0x0A,
    0x20, 0x20, 0x7D, 0x3B, 0x0A, 0x20, 0x20, 0x28, 0x31, 0x30, 0x20, 0x3D,
    0x3D, 0x20, 0x74, 0x6D, 0x70, 0x76, 0x61, 0x72, 0x5F, 0x37, 0x29, 0x20,
    0x74, 0x6D, 0x70, 0x76, 0x61, 0x72, 0x5F, 0x35, 0x20, 0x3D, 0x20, 0x62,
    0x6F, 0x6F, 0x6C, 0x28, 0x31, 0x29, 0x3B, 0x0A, 0x20, 0x20, 0x74, 0x6D,
    0x70, 0x76, 0x61, 0x72, 0x5F, 0x36, 0x20, 0x74, 0x6D, 0x70, 0x76, 0x61,
    0x72, 0x5F, 0x35, 0x20, 0x3D, 0x20, 0x62, 0x6F, 0x6F, 0x6C, 0x28, 0x30,
    0x29, 0x3B, 0x0A, 0x20, 0x20, 0x69, 0x66, 0x20, 0x28, 0x74, 0x6D, 0x70,
    0x76, 0x61, 0x72, 0x5F, 0x35, 0x29, 0x20, 0x7B, 0x0A, 0x20, 0x20, 0x20,
    0x20, 0x63, 0x5F, 0x32, 0x20, 0x3D, 0x20, 0x61, 0x62, 0x73, 0x28, 0x28,
    0x74, 0x6D, 0x70, 0x76, 0x61, 0x72, 0x5F, 0x33, 0x2E, 0x78, 0x79, 0x7A,
    0x20, 0x2D, 0x20, 0x74, 0x6D, 0x70, 0x76, 0x61, 0x72, 0x5F, 0x34, 0x2E,
    0x78, 0x79, 0x7A, 0x29, 0x29, 0x3B, 0x0A, 0x20, 0x20, 0x20, 0x20, 0x61,
    0x6C, 0x70, 0x68, 0x61, 0x5F, 0x31, 0x20, 0x3D, 0x20, 0x74, 0x6D, 0x70,
    0x76, 0x61, 0x72, 0x5F, 0x33, 0x2E, 0x77, 0x3B, 0x0A, 0x20, 0x20, 0x20,
    0x20, 0x74, 0x6D, 0x70, 0x76, 0x61, 0x72, 0x5F, 0x36, 0x20, 0x3D, 0x20,
    0x62, 0x6F, 0x6F, 0x6C, 0x28, 0x31, 0x29, 0x3B, 0x0A, 0x20, 0x20, 0x7D,
    0x3B, 0x0A, 0x20, 0x20, 0x28, 0x31, 0x31, 0x20, 0x3D, 0x3D, 0x20, 0x74,
    0x6D, 0x70, 0x76, 0x61, 0x72, 0x5F, 0x37, 0x29, 0x20, 0x74, 0x6D, 0x70,
    0x76, 0x61, 0x72, 0x5F, 0x35, 0x20, 0x3D, 0x20, 0x62, 0x6F, 0x6F, 0x6C,
    0x28, 0x31, 0x29, 0x3B, 0x0A, 0x20, 0x20, 0x74, 0x6D, 0x70, 0x76, 0x61,
    0x72, 0x5F, 0x36, 0x20, 0x74, 0x6D, 0x70, 0x76, 0x61, 0x72, 0x5F, 0x35,
    0x20, 0x3D, 0x20, 0x62, 0x6F, 0x6F, 0x6C, 0x28, 0x30, 0x29, 0x3B, 0x0A,
    0x20, 0x20, 0x69, 0x66, 0x20, 0x28, 0x74, 0x6D, 0x70, 0x76, 0x61, 0x72,
    0x5F, 0x35, 0x29, 0x20, 0x7B, 0x0A, 0x20, 0x20, 0x20, 0x20, 0x63, 0x5F,
    0x32, 0x20, 0x3D, 0x20, 0x28, 0x28, 0x74, 0x6D, 0x70, 0x76, 0x61, 0x72,
    0x5F, 0x33, 0x2E, 0x78, 0x79, 0x7A, 0x20, 0x2B, 0x20, 0x74, 0x6D, 0x70,
    0x76, 0x61, 0x72, 0x5F, 0x34, 0x2E, 0x78, 0x79, 0x7A, 0x29, 0x20, 0x2D,
    0x20, 0x28, 0x28, 0x32, 0x2E, 0x30, 0x20, 0x2A, 0x20, 0x74, 0x6D, 0x70,
    0x76, 0x61, 0x72, 0x5F, 0x33, 0x2E, 0x78, 0x79, 0x7A, 0x29, 0x20, 0x2A,
    0x20, 0x74, 0x6D, 0x70, 0x76, 0x61, 0x72, 0x5F, 0x34, 0x2E, 0x78, 0x79,
    0x7A, 0x29, 0x29, 0x3B, 0x0A, 0x20, 0x20, 0x20, 0x20, 0x61, 0x6C, 0x70,
    0x68, 0x61, 0x5F, 0x31, 0x20, 0x3D, 0x20, 0x74, 0x6D, 0x70, 0x76, 0x61,
    0x72, 0x5F, 0x33, 0x2E, 0x77, 0x3B, 0x0A, 0x20, 0x20, 0x20, 0x20, 0x74,
    0x6D, 0x70, 0x76, 0x61, 0x72, 0x5F, 0x36, 0x20, 0x3D, 0x20, 0x62, 0x6F,
    0x6F, 0x6C, 0x28, 0x31, 0x29, 0x3B, 0x0A, 0x20, 0x20, 0x7D, 0x3B, 0x0A,
    0x20, 0x20, 0x28, 0x31, 0x32, 0x20, 0x3D, 0x3D, 0x20, 0x74, 0x6D, 0x70,
    0x76, 0x61, 0x72, 0x5F, 0x37, 0x29, 0x20, 0x74, 0x6D, 0x70, 0x76, 0x61,
    0x72, 0x5F, 0x35, 0x20, 0x3D, 0x20, 0x62, 0x6F, 0x6F, 0x6C, 0x28, 0x31,
    0x29, 0x3B, 0x0A, 0x20, 0x20, 0x74, 0x6D, 0x70, 0x76, 0x61, 0x72, 0x5F,
    0x36, 0x20, 0x74, 0x6D, 0x70, 0x76, 0x61, 0x72, 0x5F, 0x35, 0x20, 0x3D,
    0x20, 0x62, 0x6F, 0x6F, 0x6C, 0x28, 0x30, 0x29, 0x3B, 0x0A, 0x20, 0x20,
    0x69, 0x66, 0x20, 0x28, 0x74, 0x6D, 0x70, 0x76, 0x61, 0x72, 0x5F, 0x35,
    0x29, 0x20, 0x7B, 0x0A, 0x20, 0x20, 0x20, 0x20, 0x63, 0x5F, 0x32, 0x20,
    0x3D, 0x20, 0x63, 0x6C, 0x61, 0x6D, 0x70, 0x20, 0x28, 0x28, 0x74, 0x6D,
    0x70, 0x76, 0x61, 0x72, 0x5F, 0x34, 0x2E, 0x78, 0x79, 0x7A, 0x20, 0x2B,
    0x20, 0x76, 0x65, 0x63, 0x33, 0x28, 0x28, 0x0A, 0x20, 0x20, 0x20, 0x20,
    0x20, 0x20, 0x64, 0x6F, 0x74, 0x20, 0x28, 0x74, 0x6D, 0x70, 0x76, 0x61,
    0x72, 0x5F, 0x33, 0x2E, 0x78, 0x79, 0x7A, 0x2C, 0x20, 0x76, 0x65, 0x63,
    0x33, 0x28, 0x30, 0x2E, 0x32, 0x31, 0x32, 0x36, 0x2C, 0x20, 0x30, 0x2E,
    0x37, 0x31, 0x35, 0x32, 0x2C, 0x20, 0x30, 0x2E, 0x30, 0x37, 0x32, 0x32,
    0x29, 0x29, 0x0A, 0x20, 0x20, 0x20, 0x20, 0x20, 0x2D, 0x20, 0x0A, 0x20,
    0x20, 0x20, 0x20, 0x20, 0x20, 0x64, 0x6F, 0x74, 0x20, 0x28, 0x74, 0x6D,
    0x70, 0x76, 0x61, 0x72, 0x5F, 0x34, 0x2E, 0x78, 0x79, 0x7A, 0x2C, 0x20,
    0x76, 0x65, 0x63, 0x33, 0x28, 0x30, 0x2E, 0x32, 0x31, 0x32, 0x36, 0x2C,
    0x20, 0x30, 0x2E, 0x37, 0x31, 0x35, 0x32, 0x2C, 0x20, 0x30, 0x2E, 0x30,
    0x37, 0x32, 0x32, 0x29, 0x29, 0x0A, 0x20, 0x20, 0x20, 0x20, 0x29, 0x29,
    0x29, 0x2C, 0x20, 0x30, 0x2E, 0x30, 0x2C, 0x20, 0x31, 0x2E, 0x30, 0x29,
    0x3B, 0x0A, 0x20, 0x20, 0x20, 0x20, 0x61, 0x6C, 0x70, 0x68, 0x61, 0x5F,
    0x31, 0x20, 0x3D, 0x20, 0x74, 0x6D, 0x70, 0x76, 0x61, 0x72, 0x5F, 0x33,
    0x2E, 0x77, 0x3B, 0x0A, 0x20, 0x20, 0x20, 0x20, 0x74, 0x6D, 0x70, 0x76,
    0x61, 0x72, 0x5F, 0x36, 0x20, 0x3D, 0x20, 0x62, 0x6F, 0x6F, 0x6C, 0x28,
    0x31, 0x29, 0x3B, 0x0A, 0x20, 0x20, 0x7D, 0x3B, 0x0A, 0x20, 0x20, 0x28,
    0x31, 0x33, 0x20, 0x3D, 0x3D, 0x20, 0x74, 0x6D, 0x70, 0x76, 0x61, 0x72,
    0x5F, 0x37, 0x29, 0x20, 0x74, 0x6D, 0x70, 0x76, 0x61, 0x72, 0x5F, 0x35,
    0x20, 0x3D, 0x20, 0x62, 0x6F, 0x6F, 0x6C, 0x28, 0x31, 0x29, 0x3B, 0x0A,
    0x20, 0x20, 0x74, 0x6D, 0x70, 0x76, 0x61, 0x72, 0x5F, 0x36, 0x20, 0x74,
    0x6D, 0x70, 0x76, 0x61, 0x72, 0x5F, 0x35, 0x20, 0x3D, 0x20, 0x62, 0x6F,
    0x6F, 0x6C, 0x28, 0x30, 0x29, 0x3B, 0x0A, 0x20, 0x20, 0x69, 0x66, 0x20,
    0x28, 0x74, 0x6D, 0x70, 0x76, 0x61, 0x72, 0x5F, 0x35, 0x29, 0x20, 0x7B,
    0x0A, 0x20, 0x20, 0x20, 0x20, 0x76, 0x65, 0x63, 0x33, 0x20, 0x74, 0x6D,
    0x70, 0x76, 0x61, 0x72, 0x5F, 0x32, 0x30, 0x3B, 0x0A, 0x20, 0x20, 0x20,
    0x20, 0x74, 0x6D, 0x70, 0x76, 0x61, 0x72, 0x5F, 0x32, 0x30, 0x20, 0x3D,
    0x20, 0x63, 0x6C, 0x61, 0x6D, 0x70, 0x20, 0x28, 0x28, 0x74, 0x6D, 0x70,
    0x76, 0x61, 0x72, 0x5F, 0x34, 0x2E, 0x78, 0x79, 0x7A, 0x20, 0x2B, 0x20,
    0x76, 0x65, 0x63, 0x33, 0x28, 0x28, 0x0A, 0x20, 0x20, 0x20, 0x20, 0x20,
    0x20, 0x64, 0x6F, 0x74, 0x20, 0x28, 0x74, 0x6D, 0x70, 0x76, 0x61, 0x72,
    0x5F, 0x33, 0x2E, 0x78, 0x79, 0x7A, 0x2C, 0x20, 0x76, 0x65, 0x63, 0x33,
    0x28, 0x30, 0x2E, 0x32, 0x31, 0x32, 0x36, 0x2C, 0x20, 0x30, 0x2E, 0x37,
    0x31, 0x35, 0x32, 0x2C, 0x20, 0x30, 0x2E, 0x30, 0x37, 0x32, 0x32, 0x29,
    0x29, 0x0A, 0x20, 0x20, 0x20, 0x20, 0x20, 0x2D, 0x20, 0x0A, 0x20, 0x20,
    0x20, 0x20, 0x20, 0x20, 0x64, 0x6F, 0x74, 0x20, 0x28, 0x74, 0x6D, 0x70,
    0x76, 0x61, 0x72, 0x5F, 0x34, 0x2E, 0x78, 0x79, 0x7A, 0x2C, 0x20, 0x76,
    0x65, 0x63, 0x33, 0x28, 0x30, 0x2E, 0x32, 0x31, 0x32, 0x36, 0x2C, 0x20,
    0x30, 0x2E, 0x37, 0x31, 0x35, 0x32, 0x2C, 0x20, 0x30, 0x2E, 0x30, 0x37,
    0x32, 0x32, 0x29, 0x29, 0x0A, 0x20, 0x20, 0x20, 0x20, 0x29, 0x29, 0x29,
    0x2C, 0x20, 0x30, 0x2E, 0x30, 0x2C, 0x20, 0x31, 0x2E, 0x30, 0x29, 0x3B,
    0x0A, 0x20, 0x20, 0x20, 0x20, 0x63, 0x5F, 0x32, 0x20, 0x3D, 0x20, 0x63,
    0x6C, 0x61, 0x6D, 0x70, 0x20, 0x28, 0x28, 0x74, 0x6D, 0x70, 0x76, 0x61,
    0x72, 0x5F, 0x32, 0x30, 0x20, 0x2B, 0x20, 0x76, 0x65, 0x63, 0x33, 0x28,
    0x28, 0x0A, 0x20, 0x20, 0x20, 0x20, 0x20, 0x20, 0x64, 0x6F, 0x74, 0x20,
    0x28, 0x74, 0x6D, 0x70, 0x76, 0x61, 0x72, 0x5F, 0x33, 0x2E, 0x78, 0x79,
    0x7A, 0x2C, 0x20, 0x76, 0x65, 0x63, 0x33, 0x28, 0x30, 0x2E, 0x32, 0x31,
    0x32, 0x36, 0x2C, 0x20, 0x30, 0x2E, 0x37, 0x31, 0x35, 0x32, 0x2C, 0x20,
    0x30, 0x2E, 0x30, 0x37, 0x32, 0x32, 0x29, 0x29, 0x0A, 0x20, 0x20, 0x20,
    0x20, 0x20, 0x2D, 0x20, 0x0A, 0x20, 0x20, 0x20, 0x20, 0x20, 0x20, 0x64,
    0x6F, 0x74, 0x20, 0x28, 0x74, 0x6D, 0x70, 0x76, 0x61, 0x72, 0x5F, 0x32,
    0x30, 0x2C, 0x20, 0x76, 0x65, 0x63, 0x33, 0x28, 0x30, 0x2E, 0x32, 0x31,
    0x32, 0x36, 0x2C, 0x20, 0x30, 0x2E, 0x37, 0x31, 0x35, 0x32, 0x2C, 0x20,
    0x30, 0x2E, 0x30, 0x37, 0x32, 0x32, 0x29, 0x29, 0x0A, 0x20, 0x20, 0x20,
    0x20, 0x29, 0x29, 0x29, 0x2C, 0x20, 0x30, 0x2E, 0x30, 0x2C, 0x20, 0x31,
    0x2E, 0x30, 0x29, 0x3B, 0x0A, 0x20, 0x20, 0x20, 0x20, 0x61, 0x6C, 0x70,
    0x68, 0x61, 0x5F, 0x31, 0x20, 0x3D, 0x20, 0x74, 0x6D, 0x70, 0x76, 0x61,
    0x72, 0x5F, 0x33, 0x2E, 0x77, 0x3B, 0x0A, 0x20, 0x20, 0x20, 0x20, 0x74,
    0x6D, 0x70, 0x76, 0x61, 0x72, 0x5F, 0x36, 0x20, 0x3D, 0x20, 0x62, 0x6F,
    0x6F, 0x6C, 0x28, 0x31, 0x29, 0x3B, 0x0A, 0x20, 0x20, 0x7D, 0x3B, 0x0A,
    0x20, 0x20, 0x28, 0x31, 0x34, 0x20, 0x3D, 0x3D, 0x20, 0x74, 0x6D, 0x70,
    0x76, 0x61, 0x72, 0x5F, 0x37, 0x29, 0x20, 0x74, 0x6D, 0x70, 0x76, 0x61,
    0x72, 0x5F, 0x35, 0x20, 0x3D, 0x20, 0x62, 0x6F, 0x6F, 0x6C, 0x28, 0x31,
    0x29, 0x3B, 0x0A, 0x20, 0x20, 0x74, 0x6D, 0x70, 0x76, 0x61, 0x72, 0x5F,
    0x36, 0x20, 0x74, 0x6D, 0x70, 0x76, 0x61, 0x72, 0x5F, 0x35, 0x20, 0x3D,
    0x20, 0x62, 0x6F, 0x6F, 0x6C, 0x28, 0x30, 0x29, 0x3B, 0x0A, 0x20, 0x20,
    0x69, 0x66, 0x20, 0x28, 0x74, 0x6D, 0x70, 0x76, 0x61, 0x72, 0x5F, 0x35,
    0x29, 0x20, 0x7B, 0x0A, 0x20, 0x20, 0x20, 0x20, 0x63, 0x5F, 0x32, 0x20,
    0x3D, 0x20, 0x63, 0x6C, 0x61, 0x6D, 0x70, 0x20, 0x28, 0x28, 0x74, 0x6D,
    0x70, 0x76, 0x61, 0x72, 0x5F, 0x34, 0x2E, 0x78, 0x79, 0x7A, 0x20, 0x2B,
    0x20, 0x76, 0x65, 0x63, 0x33, 0x28, 0x28, 0x0A, 0x20, 0x20, 0x20, 0x20,
    0x20, 0x20, 0x64, 0x6F, 0x74, 0x20, 0x28, 0x74, 0x6D, 0x70, 0x76, 0x61,
    0x72, 0x5F, 0x33, 0x2E, 0x78, 0x79, 0x7A, 0x2C, 0x20, 0x76, 0x65, 0x63,
    0x33, 0x28, 0x30, 0x2E, 0x32, 0x31, 0x32, 0x36, 0x2C, 0x20, 0x30, 0x2E,
    0x37, 0x31, 0x35, 0x32, 0x2C, 0x20, 0x30, 0x2E, 0x30, 0x37, 0x32, 0x32,
    0x29, 0x29, 0x0A, 0x20, 0x20, 0x20, 0x20, 0x20, 0x2D, 0x20, 0x0A, 0x20,
    0x20, 0x20, 0x20, 0x20, 0x20, 0x64, 0x6F, 0x74, 0x20, 0x28, 0x74, 0x6D,
    0x70, 0x76, 0x61, 0x72, 0x5F, 0x34, 0x2E, 0x78, 0x79, 0x7A, 0x2C, 0x20,
    0x76, 0x65, 0x63, 0x33, 0x28, 0x30, 0x2E, 0x32, 0x31, 0x32, 0x36, 0x2C,
    0x20, 0x30, 0x2E, 0x37, 0x31, 0x35, 0x32, 0x2C, 0x20, 0x30, 0x2E, 0x30,
    0x37, 0x32, 0x32, 0x29, 0x29, 0x0A, 0x20, 0x20, 0x20, 0x20, 0x29, 0x29,
    0x29, 0x2C, 0x20, 0x30, 0x2E, 0x30, 0x2C, 0x20, 0x31, 0x2E, 0x30, 0x29,
    0x3B, 0x0A, 0x20, 0x20, 0x20, 0x20, 0x61, 0x6C, 0x70, 0x68, 0x61, 0x5F,
    0x31, 0x20, 0x3D, 0x20, 0x74, 0x6D, 0x70, 0x76, 0x61, 0x72, 0x5F, 0x33,
    0x2E, 0x77, 0x3B, 0x0A, 0x20, 0x20, 0x20, 0x20, 0x74, 0x6D, 0x70, 0x76,
    0x61, 0x72, 0x5F, 0x36, 0x20, 0x3D, 0x20, 0x62, 0x6F, 0x6F, 0x6C, 0x28,
    0x31, 0x29, 0x3B, 0x0A, 0x20, 0x20, 0x7D, 0x3B, 0x0A, 0x20, 0x20, 0x28,
    0x31, 0x35, 0x20, 0x3D, 0x3D, 0x20, 0x74, 0x6D, 0x70, 0x76, 0x61, 0x72,
    0x5F, 0x37, 0x29, 0x20, 0x74, 0x6D, 0x70, 0x76, 0x61, 0x72, 0x5F, 0x35,
    0x20, 0x3D, 0x20, 0x62, 0x6F, 0x6F, 0x6C, 0x28, 0x31, 0x29, 0x3B, 0x0A,
    0x20, 0x20, 0x74, 0x6D, 0x70, 0x76, 0x61, 0x72, 0x5F, 0x36, 0x20, 0x74,
    0x6D, 0x70, 0x76, 0x61, 0x72, 0x5F, 0x35, 0x20, 0x3D, 0x20, 0x62, 0x6F,
    0x6F, 0x6C, 0x28, 0x30, 0x29, 0x3B, 0x0A, 0x20, 0x20, 0x69, 0x66, 0x20,
    0x28, 0x74, 0x6D, 0x70, 0x76, 0x61, 0x72, 0x5F, 0x35, 0x29, 0x20, 0x7B,
    0x0A, 0x20, 0x20, 0x20, 0x20, 0x63, 0x5F, 0x32, 0x20, 0x3D, 0x20, 0x63,
    0x6C, 0x61, 0x6D, 0x70, 0x20, 0x28, 0x28, 0x74, 0x6D, 0x70, 0x76, 0x61,
    0x72, 0x5F, 0x33, 0x2E, 0x78, 0x79, 0x7A, 0x20, 0x2B, 0x20, 0x76, 0x65,
    0x63, 0x33, 0x28, 0x28, 0x0A, 0x20, 0x20, 0x20, 0x20, 0x20, 0x20, 0x64,
    0x6F, 0x74, 0x20, 0x28, 0x74, 0x6D, 0x70, 0x76, 0x61, 0x72, 0x5F, 0x34,
    0x2E, 0x78, 0x79, 0x7A, 0x2C, 0x20, 0x76, 0x65, 0x63, 0x33, 0x28, 0x30,
    0x2E, 0x32, 0x31, 0x32, 0x36, 0x2C, 0x20, 0x30, 0x2E, 0x37, 0x31, 0x35,
    0x32, 0x2C, 0x20, 0x30, 0x2E, 0x30, 0x37, 0x32, 0x32, 0x29, 0x29, 0x0A,
    0x20, 0x20, 0x20, 0x20, 0x20, 0x2D, 0x20, 0x0A, 0x20, 0x20, 0x20, 0x20,
    0x20, 0x20, 0x64, 0x6F, 0x74, 0x20, 0x28, 0x74, 0x6D, 0x70, 0x76, 0x61,
    0x72, 0x5F, 0x33, 0x2E, 0x78, 0x79, 0x7A, 0x2C, 0x20, 0x76, 0x65, 0x63,
    0x33, 0x28, 0x30, 0x2E, 0x32, 0x31, 0x32, 0x36, 0x2C, 0x20, 0x30, 0x2E,
    0x37, 0x31, 0x35, 0x32, 0x2C, 0x20, 0x30, 0x2E, 0x30, 0x37, 0x32, 0x32,
    0x29, 0x29, 0x0A, 0x20, 0x20, 0x20, 0x20, 0x29, 0x29, 0x29, 0x2C, 0x20,
    0x30, 0x2E, 0x30, 0x2C, 0x20, 0x31, 0x2E, 0x30, 0x29, 0x3B, 0x0A, 0x20,
    0x20, 0x20, 0x20, 0x61, 0x6C, 0x70, 0x68, 0x61, 0x5F, 0x31, 0x20, 0x3D,
    0x20, 0x74, 0x6D, 0x70, 0x76, 0x61, 0x72, 0x5F, 0x33, 0x2E, 0x77, 0x3B,
    0x0A, 0x20, 0x20, 0x20, 0x20, 0x74, 0x6D, 0x70, 0x76, 0x61, 0x72, 0x5F,
    0x36, 0x20, 0x3D, 0x20, 0x62, 0x6F, 0x6F, 0x6C, 0x28, 0x31, 0x29, 0x3B,
    0x0A, 0x20, 0x20, 0x7D, 0x3B, 0x0A, 0x20, 0x20, 0x28, 0x31, 0x36, 0x20,
    0x3D, 0x3D, 0x20, 0x74, 0x6D, 0x70, 0x76, 0x61, 0x72, 0x5F, 0x37, 0x29,
    0x20, 0x74, 0x6D, 0x70, 0x76, 0x61, 0x72, 0x5F, 0x35, 0x20, 0x3D, 0x20,
    0x62, 0x6F, 0x6F, 0x6C, 0x28, 0x31, 0x29, 0x3B, 0x0A, 0x20, 0x20, 0x74,
    0x6D, 0x70, 0x76, 0x61, 0x72, 0x5F, 0x36, 0x20, 0x74, 0x6D, 0x70, 0x76,
    0x61, 0x72, 0x5F, 0x35, 0x20, 0x3D, 0x20, 0x62, 0x6F, 0x6F, 0x6C, 0x28,
    0x30, 0x29, 0x3B, 0x0A, 0x20, 0x20, 0x69, 0x66, 0x20, 0x28, 0x74, 0x6D,
    0x70, 0x76, 0x61, 0x72, 0x5F, 0x35, 0x29, 0x20, 0x7B, 0x0A, 0x20, 0x20,
    0x20, 0x20, 0x63, 0x5F, 0x32, 0x20, 0x3D, 0x20, 0x28, 0x74, 0x6D, 0x70,
    0x76, 0x61, 0x72, 0x5F, 0x33, 0x2E, 0x78, 0x79, 0x7A, 0x20, 0x2B, 0x20,
    0x74, 0x6D, 0x70, 0x76, 0x61, 0x72, 0x5F, 0x34, 0x2E, 0x78, 0x79, 0x7A,
    0x29, 0x3B, 0x0A, 0x20, 0x20, 0x20, 0x20, 0x61, 0x6C, 0x70, 0x68, 0x61,
    0x5F, 0x31, 0x20, 0x3D, 0x20, 0x74, 0x6D, 0x70, 0x76, 0x61, 0x72, 0x5F,
    0x33, 0x2E, 0x77, 0x3B, 0x0A, 0x20, 0x20, 0x20, 0x20, 0x74, 0x6D, 0x70,
    0x76, 0x61, 0x72, 0x5F, 0x36, 0x20, 0x3D, 0x20, 0x62, 0x6F, 0x6F, 0x6C,
    0x28, 0x31, 0x29, 0x3B, 0x0A, 0x20, 0x20, 0x7D, 0x3B, 0x0A, 0x20, 0x20,
    0x28, 0x31, 0x37, 0x20, 0x3D, 0x3D, 0x20, 0x74, 0x6D, 0x70, 0x76, 0x61,
    0x72, 0x5F, 0x37, 0x29, 0x20, 0x74, 0x6D, 0x70, 0x76, 0x61, 0x72, 0x5F,
    0x35, 0x20, 0x3D, 0x20, 0x62, 0x6F, 0x6F, 0x6C, 0x28, 0x31, 0x29, 0x3B,
    0x0A, 0x20, 0x20, 0x74, 0x6D, 0x70, 0x76, 0x61, 0x72, 0x5F, 0x36, 0x20,
    0x74, 0x6D, 0x70, 0x76, 0x61, 0x72, 0x5F, 0x35, 0x20, 0x3D, 0x20, 0x62,
    0x6F, 0x6F, 0x6C, 0x28, 0x30, 0x29, 0x3B, 0x0A, 0x20, 0x20, 0x69, 0x66,
    0x20, 0x28, 0x74, 0x6D, 0x70, 0x76, 0x61, 0x72, 0x5F, 0x35, 0x29, 0x20,
    0x7B, 0x0A, 0x20, 0x20, 0x20, 0x20, 0x63, 0x5F, 0x32, 0x20, 0x3D, 0x20,
    0x28, 0x74, 0x6D, 0x70, 0x76, 0x61, 0x72, 0x5F, 0x33, 0x2E, 0x78, 0x79,
    0x7A, 0x20, 0x2D, 0x20, 0x74, 0x6D, 0x70, 0x76, 0x61, 0x72, 0x5F, 0x34,
    0x2E, 0x78, 0x79, 0x7A, 0x29, 0x3B, 0x0A, 0x20, 0x20, 0x20, 0x20, 0x61,
    0x6C, 0x70, 0x68, 0x61, 0x5F, 0x31, 0x20, 0x3D, 0x20, 0x74, 0x6D, 0x70,
    0x76, 0x61, 0x72, 0x5F, 0x33, 0x2E, 0x77, 0x3B, 0x0A, 0x20, 0x20, 0x20,
    0x20, 0x74, 0x6D, 0x70, 0x76, 0x61, 0x72, 0x5F, 0x36, 0x20, 0x3D, 0x20,
    0x62, 0x6F, 0x6F, 0x6C, 0x28, 0x31, 0x29, 0x3B, 0x0A, 0x20, 0x20, 0x7D,
    0x3B, 0x0A, 0x20, 0x20, 0x28, 0x31, 0x38, 0x20, 0x3D, 0x3D, 0x20, 0x74,
    0x6D, 0x70, 0x76, 0x61, 0x72, 0x5F, 0x37, 0x29, 0x20, 0x74, 0x6D, 0x70,
    0x76, 0x61, 0x72, 0x5F, 0x35, 0x20, 0x3D, 0x20, 0x62, 0x6F, 0x6F, 0x6C,
    0x28, 0x31, 0x29, 0x3B, 0x0A, 0x20, 0x20, 0x74, 0x6D, 0x70, 0x76, 0x61,
    0x72, 0x5F, 0x36, 0x20, 0x74, 0x6D, 0x70, 0x76, 0x61, 0x72, 0x5F, 0x35,
    0x20, 0x3D, 0x20, 0x62, 0x6F, 0x6F, 0x6C, 0x28, 0x30, 0x29, 0x3B, 0x0A,
    0x20, 0x20, 0x69, 0x66, 0x20, 0x28, 0x74, 0x6D, 0x70, 0x76, 0x61, 0x72,
    0x5F, 0x35, 0x29, 0x20, 0x7B, 0x0A, 0x20, 0x20, 0x20, 0x20, 0x63, 0x5F,
    0x32, 0x20, 0x3D, 0x20, 0x28, 0x74, 0x6D, 0x70, 0x76, 0x61, 0x72, 0x5F,
    0x33, 0x2E, 0x78, 0x79, 0x7A, 0x20, 0x2F, 0x20, 0x74, 0x6D, 0x70, 0x76,
    0x61, 0x72, 0x5F, 0x34, 0x2E, 0x78, 0x79, 0x7A, 0x29, 0x3B, 0x0A, 0x20,
    0x20, 0x20, 0x20, 0x61, 0x6C, 0x70, 0x68, 0x61, 0x5F, 0x31, 0x20, 0x3D,
    0x20, 0x74, 0x6D, 0x70, 0x76, 0x61, 0x72, 0x5F, 0x33, 0x2E, 0x77, 0x3B,
    0x0A, 0x20, 0x20, 0x20, 0x20, 0x74, 0x6D, 0x70, 0x76, 0x61, 0x72, 0x5F,
    0x36, 0x20, 0x3D, 0x20, 0x62, 0x6F, 0x6F, 0x6C, 0x28, 0x31, 0x29, 0x3B,
    0x0A, 0x20, 0x20, 0x7D, 0x3B, 0x0A, 0x20, 0x20, 0x28, 0x31, 0x39, 0x20,
    0x3D, 0x3D, 0x20, 0x74, 0x6D, 0x70, 0x76, 0x61, 0x72, 0x5F, 0x37, 0x29,
    0x20, 0x74, 0x6D, 0x70, 0x76, 0x61, 0x72, 0x5F, 0x35, 0x20, 0x3D, 0x20,
    0x62, 0x6F, 0x6F, 0x6C, 0x28, 0x31, 0x29, 0x3B, 0x0A, 0x20, 0x20, 0x74,
    0x6D, 0x70, 0x76, 0x61, 0x72, 0x5F, 0x36, 0x20, 0x74, 0x6D, 0x70, 0x76,
    0x61, 0x72, 0x5F, 0x35, 0x20, 0x3D, 0x20, 0x62, 0x6F, 0x6F, 0x6C, 0x28,
    0x30, 0x29, 0x3B, 0x0A, 0x20, 0x20, 0x69, 0x66, 0x20, 0x28, 0x74, 0x6D,
    0x70, 0x76, 0x61, 0x72, 0x5F, 0x35, 0x29, 0x20, 0x7B, 0x0A, 0x20, 0x20,
    0x20, 0x20, 0x63, 0x5F, 0x32, 0x20, 0x3D, 0x20, 0x28, 0x28, 0x74, 0x6D,
    0x70, 0x76, 0x61, 0x72, 0x5F, 0x33, 0x2E, 0x78, 0x79, 0x7A, 0x20, 0x2B,
    0x20, 0x74, 0x6D, 0x70, 0x76, 0x61, 0x72, 0x5F, 0x34, 0x2E, 0x78, 0x79,
    0x7A, 0x29, 0x20, 0x2D, 0x20, 0x76, 0x65, 0x63, 0x33, 0x28, 0x31, 0x2E,
    0x30, 0x2C, 0x20, 0x31, 0x2E, 0x30, 0x2C, 0x20, 0x31, 0x2E, 0x30, 0x29,
    0x29, 0x3B, 0x0A, 0x20, 0x20, 0x20, 0x20, 0x61, 0x6C, 0x70, 0x68, 0x61,
    0x5F, 0x31, 0x20, 0x3D, 0x20, 0x74, 0x6D, 0x70, 0x76, 0x61, 0x72, 0x5F,
    0x33, 0x2E, 0x77, 0x3B, 0x0A, 0x20, 0x20, 0x20, 0x20, 0x74, 0x6D, 0x70,
    0x76, 0x61, 0x72, 0x5F, 0x36, 0x20, 0x3D, 0x20, 0x62, 0x6F, 0x6F, 0x6C,
    0x28, 0x31, 0x29, 0x3B, 0x0A, 0x20, 0x20, 0x7D, 0x3B, 0x0A, 0x20, 0x20,
    0x28, 0x32, 0x30, 0x20, 0x3D, 0x3D, 0x20, 0x74, 0x6D, 0x70, 0x76, 0x61,
    0x72, 0x5F, 0x37, 0x29, 0x20, 0x74, 0x6D, 0x70, 0x76, 0x61, 0x72, 0x5F,
    0x35, 0x20, 0x3D, 0x20, 0x62, 0x6F, 0x6F, 0x6C, 0x28, 0x31, 0x29, 0x3B,
    0x0A, 0x20, 0x20, 0x74, 0x6D, 0x70, 0x76, 0x61, 0x72, 0x5F, 0x36, 0x20,
    0x74, 0x6D, 0x70, 0x76, 0x61, 0x72, 0x5F, 0x35, 0x20, 0x3D, 0x20, 0x62,
    0x6F, 0x6F, 0x6C, 0x28, 0x30, 0x29, 0x3B, 0x0A, 0x20, 0x20, 0x69, 0x66,
    0x20, 0x28, 0x74, 0x6D, 0x70, 0x76, 0x61, 0x72, 0x5F, 0x35, 0x29, 0x20,
    0x7B, 0x0A, 0x20, 0x20, 0x20, 0x20, 0x63, 0x5F, 0x32, 0x20, 0x3D, 0x20,
    0x28, 0x74, 0x6D, 0x70, 0x76, 0x61, 0x72, 0x5F, 0x33, 0x2E, 0x78, 0x79,
    0x7A, 0x20, 0x2B, 0x20, 0x74, 0x6D, 0x70, 0x76, 0x61, 0x72, 0x5F, 0x34,
    0x2E, 0x78, 0x79, 0x7A, 0x29, 0x3B, 0x0A, 0x20, 0x20, 0x20, 0x20, 0x61,
    0x6C, 0x70, 0x68, 0x61, 0x5F, 0x31, 0x20, 0x3D, 0x20, 0x74, 0x6D, 0x70,
    0x76, 0x61, 0x72, 0x5F, 0x33, 0x2E, 0x77, 0x3B, 0x0A, 0x20, 0x20, 0x20,
    0x20, 0x74, 0x6D, 0x70, 0x76, 0x61, 0x72, 0x5F, 0x36, 0x20, 0x3D, 0x20,
    0x62, 0x6F, 0x6F, 0x6C, 0x28, 0x31, 0x29, 0x3B, 0x0A, 0x20, 0x20, 0x7D,
    0x3B, 0x0A, 0x20, 0x20, 0x28, 0x32, 0x31, 0x20, 0x3D, 0x3D, 0x20, 0x74,
    0x6D, 0x70, 0x76, 0x61, 0x72, 0x5F, 0x37, 0x29, 0x20, 0x74, 0x6D, 0x70,
    0x76, 0x61, 0x72, 0x5F, 0x35, 0x20, 0x3D, 0x20, 0x62, 0x6F, 0x6F, 0x6C,
    0x28, 0x31, 0x29, 0x3B, 0x0A, 0x20, 0x20, 0x74, 0x6D, 0x70, 0x76, 0x61,
    0x72, 0x5F, 0x36, 0x20, 0x74, 0x6D, 0x70, 0x76, 0x61, 0x72, 0x5F, 0x35,
    0x20, 0x3D, 0x20, 0x62, 0x6F, 0x6F, 0x6C, 0x28, 0x30, 0x29, 0x3B, 0x0A,
    0x20, 0x20, 0x69, 0x66, 0x20, 0x28, 0x74, 0x6D, 0x70, 0x76, 0x61, 0x72,
    0x5F, 0x35, 0x29, 0x20, 0x7B, 0x0A, 0x20, 0x20, 0x20, 0x20, 0x76, 0x65,
    0x63, 0x33, 0x20, 0x72, 0x5F, 0x32, 0x31, 0x3B, 0x0A, 0x20, 0x20, 0x20,
    0x20, 0x66, 0x6C, 0x6F, 0x61, 0x74, 0x20, 0x74, 0x6D, 0x70, 0x76, 0x61,
    0x72, 0x5F, 0x32, 0x32, 0x3B, 0x0A, 0x20, 0x20, 0x20, 0x20, 0x69, 0x66,
    0x20, 0x28, 0x28, 0x74, 0x6D, 0x70, 0x76, 0x61, 0x72, 0x5F, 0x34, 0x2E,
    0x78, 0x20, 0x3C, 0x20, 0x30, 0x2E, 0x35, 0x29, 0x29, 0x20, 0x7B, 0x0A,
    0x20, 0x20, 0x20, 0x20, 0x20, 0x20, 0x66, 0x6C, 0x6F, 0x61, 0x74, 0x20,
    0x62, 0x5F, 0x32, 0x33, 0x3B, 0x0A, 0x20, 0x20, 0x20, 0x20, 0x20, 0x20,
    0x62, 0x5F, 0x32, 0x33, 0x20, 0x3D, 0x20, 0x28, 0x32, 0x2E, 0x30, 0x20,
    0x2A, 0x20, 0x74, 0x6D, 0x70, 0x76, 0x61, 0x72, 0x5F, 0x34, 0x2E, 0x78,
    0x29, 0x3B, 0x0A, 0x20, 0x20, 0x20, 0x20, 0x20, 0x20, 0x66, 0x6C, 0x6F,
    0x61, 0x74, 0x20, 0x74, 0x6D, 0x70, 0x76, 0x61, 0x72, 0x5F, 0x32, 0x34,
    0x3B, 0x0A, 0x20, 0x20, 0x20, 0x20, 0x20, 0x20, 0x69, 0x66, 0x20, 0x28,
    0x28, 0x62, 0x5F, 0x32, 0x33, 0x20, 0x3C, 0x3D, 0x20, 0x30, 0x2E, 0x30,
    0x29, 0x29, 0x20, 0x7B, 0x0A, 0x20, 0x20, 0x20, 0x20, 0x20, 0x20, 0x20,
    0x20, 0x74, 0x6D, 0x70, 0x76, 0x61, 0x72, 0x5F, 0x32, 0x34, 0x20, 0x3D,
    0x20, 0x30, 0x2E, 0x30, 0x3B, 0x0A, 0x20, 0x20, 0x20, 0x20, 0x20, 0x20,
    0x7D, 0x20, 0x65, 0x6C, 0x73, 0x65, 0x20, 0x7B, 0x0A, 0x20, 0x20, 0x20,
    0x20, 0x20, 0x20, 0x20, 0x20, 0x74, 0x6D, 0x70, 0x76, 0x61, 0x72, 0x5F,
    0x32, 0x34, 0x20, 0x3D, 0x20, 0x28, 0x31, 0x2E, 0x30, 0x20, 0x2D, 0x20,
    0x6D, 0x69, 0x6E, 0x20, 0x28, 0x31, 0x2E, 0x30, 0x2C, 0x20, 0x28, 0x0A,
    0x20, 0x20, 0x20, 0x20, 0x20, 0x20, 0x20, 0x20, 0x20, 0x20, 0x28, 0x31,
    0x2E, 0x30, 0x20, 0x2D, 0x20, 0x74, 0x6D, 0x70, 0x76, 0x61, 0x72, 0x5F,
    0x33, 0x2E, 0x78, 0x29, 0x0A, 0x20, 0x20, 0x20, 0x20, 0x20, 0x20, 0x20,
    0x20, 0x20, 0x2F, 0x20, 0x62, 0x5F, 0x32, 0x33, 0x29, 0x29, 0x29, 0x3B,
    0x0A, 0x20, 0x20, 0x20, 0x20, 0x20, 0x20, 0x7D, 0x3B, 0x0A, 0x20, 0x20,
    0x20, 0x20, 0x20, 0x20, 0x74, 0x6D, 0x70, 0x76, 0x61, 0x72, 0x5F, 0x32,
    0x32, 0x20, 0x3D, 0x20, 0x74, 0x6D, 0x70, 0x76, 0x61, 0x72, 0x5F, 0x32,
    0x34, 0x3B, 0x0A, 0x20, 0x20, 0x20, 0x20, 0x7D, 0x20, 0x65, 0x6C, 0x73,
    0x65, 0x20, 0x7B, 0x0A, 0x20, 0x20, 0x20, 0x20, 0x20, 0x20, 0x66, 0x6C,
    0x6F, 0x61, 0x74, 0x20, 0x62, 0x5F, 0x32, 0x35, 0x3B, 0x0A, 0x20, 0x20,
    0x20, 0x20, 0x20, 0x20, 0x62, 0x5F, 0x32, 0x35, 0x20, 0x3D, 0x20, 0x28,
    0x32, 0x2E, 0x30, 0x20, 0x2A, 0x20, 0x28, 0x74, 0x6D, 0x70, 0x76, 0x61,
    0x72, 0x5F, 0x34, 0x2E, 0x78, 0x20, 0x2D, 0x20, 0x30, 0x2E, 0x35, 0x29,
    0x29, 0x3B, 0x0A, 0x20, 0x20, 0x20, 0x20, 0x20, 0x20, 0x66, 0x6C, 0x6F,
    0x61, 0x74, 0x20, 0x74, 0x6D, 0x70, 0x76, 0x61, 0x72, 0x5F, 0x32, 0x36,
    0x3B, 0x0A, 0x20, 0x20, 0x20, 0x20, 0x20, 0x20, 0x69, 0x66, 0x20, 0x28,
    0x28, 0x62, 0x5F, 0x32, 0x35, 0x20, 0x3E, 0x3D, 0x20, 0x31, 0x2E, 0x30,
    0x29, 0x29, 0x20, 0x7B, 0x0A, 0x20, 0x20, 0x20, 0x20, 0x20, 0x20, 0x20,
    0x20, 0x74, 0x6D, 0x70, 0x76, 0x61, 0x72, 0x5F, 0x32, 0x36, 0x20, 0x3D,
    0x20, 0x31, 0x2E, 0x30, 0x3B, 0x0A, 0x20, 0x20, 0x20, 0x20, 0x20, 0x20,
    0x7D, 0x20, 0x65, 0x6C, 0x73, 0x65, 0x20, 0x7B, 0x0A, 0x20, 0x20, 0x20,
    0x20, 0x20, 0x20, 0x20, 0x20, 0x74, 0x6D, 0x70, 0x76, 0x61, 0x72, 0x5F,
    0x32, 0x36, 0x20, 0x3D, 0x20, 0x6D, 0x69, 0x6E, 0x20, 0x28, 0x31, 0x2E,
    0x30, 0x2C, 0x20, 0x28, 0x74, 0x6D, 0x70, 0x76, 0x61, 0x72, 0x5F, 0x33,
    0x2E, 0x78, 0x20, 0x2F, 0x20, 0x28, 0x31, 0x2E, 0x30, 0x20, 0x2D, 0x20,
    0x62, 0x5F, 0x32, 0x35, 0x29, 0x29, 0x29, 0x3B, 0x0A, 0x20, 0x20, 0x20,
    0x20, 0x20, 0x20, 0x7D, 0x3B, 0x0A, 0x20, 0x20, 0x20, 0x20, 0x20, 0x20,
    0x74, 0x6D, 0x70, 0x76, 0x61, 0x72, 0x5F, 0x32, 0x32, 0x20, 0x3D, 0x20,
    0x74, 0x6D, 0x70, 0x76, 0x61, 0x72, 0x5F, 0x32, 0x36, 0x3B, 0x0A, 0x20,
    0x20, 0x20, 0x20, 0x7D, 0x3B, 0x0A, 0x20, 0x20, 0x20, 0x20, 0x72, 0x5F,
    0x32, 0x31, 0x2E, 0x78, 0x20, 0x3D, 0x20, 0x74, 0x6D, 0x70, 0x76, 0x61,
    0x72, 0x5F, 0x32, 0x32, 0x3B, 0x0A, 0x20, 0x20, 0x20, 0x20, 0x66, 0x6C,
    0x6F, 0x61, 0x74, 0x20, 0x74, 0x6D, 0x70, 0x76, 0x61, 0x72, 0x5F, 0x32,
    0x37, 0x3B, 0x0A, 0x20, 0x20, 0x20, 0x20, 0x69, 0x66, 0x20, 0x28, 0x28,
    0x74, 0x6D, 0x70, 0x76, 0x61, 0x72, 0x5F, 0x34, 0x2E, 0x79, 0x20, 0x3C,
    0x20, 0x30, 0x2E, 0x35, 0x29, 0x29, 0x20, 0x7B, 0x0A, 0x20, 0x20, 0x20,
    0x20, 0x20, 0x20, 0x66, 0x6C, 0x6F, 0x61, 0x74, 0x20, 0x62, 0x5F, 0x32,
    0x38, 0x3B, 0x0A, 0x20, 0x20, 0x20, 0x20, 0x20, 0x20, 0x62, 0x5F, 0x32,
    0x38, 0x20, 0x3D, 0x20, 0x28, 0x32, 0x2E, 0x30, 0x20, 0x2A, 0x20, 0x74,
    0x6D, 0x70, 0x76, 0x61, 0x72, 0x5F, 0x34, 0x2E, 0x79, 0x29, 0x3B, 0x0A,
    0x20, 0x20, 0x20, 0x20, 0x20, 0x20, 0x66, 0x6C, 0x6F, 0x61, 0x74, 0x20,
    0x74, 0x6D, 0x70, 0x76, 0x61, 0x72, 0x5F, 0x32, 0x39, 0x3B, 0x0A, 0x20,
    0x20, 0x20, 0x20, 0x20, 0x20, 0x69, 0x66, 0x20, 0x28, 0x28, 0x62, 0x5F,
    0x32, 0x38, 0x20, 0x3C, 0x3D, 0x20, 0x30, 0x2E, 0x30, 0x29, 0x29, 0x20,
    0x7B, 0x0A, 0x20, 0x20, 0x20, 0x20, 0x20, 0x20, 0x20, 0x20, 0x74, 0x6D,
    0x70, 0x76, 0x61, 0x72, 0x5F, 0x32, 0x39, 0x20, 0x3D, 0x20, 0x30, 0x2E,
    0x30, 0x3B, 0x0A, 0x20, 0x20, 0x20, 0x20, 0x20, 0x20, 0x7D, 0x20, 0x65,
    0x6C, 0x73, 0x65, 0x20, 0x7B, 0x0A, 0x20, 0x20, 0x20, 0x20, 0x20, 0x20,
    0x20, 0x20, 0x74, 0x6D, 0x70, 0x76, 0x61, 0x72, 0x5F, 0x32, 0x39, 0x20,
    0x3D, 0x20, 0x28, 0x31, 0x2E, 0x30, 0x20, 0x2D, 0x20, 0x6D, 0x69, 0x6E,
    0x20, 0x28, 0x31, 0x2E, 0x30, 0x2C, 0x20, 0x28, 0x0A, 0x20, 0x20, 0x20,
    0x20, 0x20, 0x20, 0x20, 0x20, 0x20, 0x20, 0x28, 0x31, 0x2E, 0x30, 0x20,
    0x2D, 0x20, 0x74, 0x6D, 0x70, 0x76, 0x61, 0x72, 0x5F, 0x33, 0x2E, 0x79,
    0x29, 0x0A, 0x20, 0x20, 0x20, 0x20, 0x20, 0x20, 0x20, 0x20, 0x20, 0x2F,
    0x20, 0x62, 0x5F, 0x32, 0x38, 0x29, 0x29, 0x29, 0x3B, 0x0A, 0x20, 0x20,
    0x20, 0x20, 0x20, 0x20, 0x7D, 0x3B, 0x0A, 0x20, 0x20, 0x20, 0x20, 0x20,
    0x20, 0x74, 0x6D, 0x70, 0x76, 0x61, 0x72, 0x5F, 0x32, 0x37, 0x20, 0x3D,
    0x20, 0x74, 0x6D, 0x70, 0x76, 0x61, 0x72, 0x5F, 0x32, 0x39, 0x3B, 0x0A,
    0x20, 0x20, 0x20, 0x20, 0x7D, 0x20, 0x65, 0x6C, 0x73, 0x65, 0x20, 0x7B,
    0x0A, 0x20, 0x20, 0x20, 0x20, 0x20, 0x20, 0x66, 0x6C, 0x6F, 0x61, 0x74,
    0x20, 0x62, 0x5F, 0x33, 0x30, 0x3B, 0x0A, 0x20, 0x20, 0x20, 0x20, 0x20,
    0x20, 0x62, 0x5F, 0x33, 0x30, 0x20, 0x3D, 0x20, 0x28, 0x32, 0x2E, 0x30,
    0x20, 0x2A, 0x20, 0x28, 0x74, 0x6D, 0x70, 0x76, 0x61, 0x72, 0x5F, 0x34,
    0x2E, 0x79, 0x20, 0x2D, 0x20, 0x30, 0x2E, 0x35, 0x29, 0x29, 0x3B, 0x0A,
    0x20, 0x20, 0x20, 0x20, 0x20, 0x20, 0x66, 0x6C, 0x6F, 0x61, 0x74, 0x20,
    0x74, 0x6D, 0x70, 0x76, 0x61, 0x72, 0x5F, 0x33, 0x31, 0x3B, 0x0A, 0x20,
    0x20, 0x20, 0x20, 0x20, 0x20, 0x69, 0x66, 0x20, 0x28, 0x28, 0x62, 0x5F,
    0x33, 0x30, 0x20, 0x3E, 0x3D, 0x20, 0x31, 0x2E, 0x30, 0x29, 0x29, 0x20,
    0x7B, 0x0A, 0x20, 0x20, 0x20, 0x20, 0x20, 0x20, 0x20, 0x20, 0x74, 0x6D,
    0x70, 0x76, 0x61, 0x72, 0x5F, 0x33, 0x31, 0x20, 0x3D, 0x20, 0x31, 0x2E,
    0x30, 0x3B, 0x0A, 0x20, 0x20, 0x20, 0x20, 0x20, 0x20, 0x7D, 0x20, 0x65,
    0x6C, 0x73, 0x65, 0x20, 0x7B, 0x0A, 0x20, 0x20, 0x20, 0x20, 0x20, 0x20,
    0x20, 0x20, 0x74, 0x6D, 0x70, 0x76, 0x61, 0x72, 0x5F, 0x33, 0x31, 0x20,
    0x3D, 0x20, 0x6D, 0x69, 0x6E, 0x20, 0x28, 0x31, 0x2E, 0x30, 0x2C, 0x20,
    0x28, 0x74, 0x6D, 0x70, 0x76, 0x61, 0x72, 0x5F, 0x33, 0x2E, 0x79, 0x20,
    0x2F, 0x20, 0x28, 0x31, 0x2E, 0x30, 0x20, 0x2D, 0x20, 0x62, 0x5F, 0x33,
    0x30, 0x29, 0x29, 0x29, 0x3B, 0x0A, 0x20, 0x20, 0x20, 0x20, 0x20, 0x20,
    0x7D, 0x3B, 0x0A, 0x20, 0x20, 0x20, 0x20, 0x20, 0x20, 0x74, 0x6D, 0x70,
    0x76, 0x61, 0x72, 0x5F, 0x32, 0x37, 0x20, 0x3D, 0x20, 0x74, 0x6D, 0x70,
    0x76, 0x61, 0x72, 0x5F, 0x33, 0x31, 0x3B, 0x0A, 0x20, 0x20, 0x20, 0x20,
    0x7D, 0x3B, 0x0A, 0x20, 0x20, 0x20, 0x20, 0x72, 0x5F, 0x32, 0x31, 0x2E,
    0x79, 0x20, 0x3D, 0x20, 0x74, 0x6D, 0x70, 0x76, 0x61, 0x72, 0x5F, 0x32,
    0x37, 0x3B, 0x0A, 0x20, 0x20, 0x20, 0x20, 0x66, 0x6C, 0x6F, 0x61, 0x74,
    0x20, 0x74, 0x6D, 0x70, 0x76, 0x61, 0x72, 0x5F, 0x33, 0x32, 0x3B, 0x0A,
    0x20, 0x20, 0x20, 0x20, 0x69, 0x66, 0x20, 0x28, 0x28, 0x74, 0x6D, 0x70,
    0x76, 0x61, 0x72, 0x5F, 0x34, 0x2E, 0x7A, 0x20, 0x3C, 0x20, 0x30, 0x2E,
    0x35, 0x29, 0x29, 0x20, 0x7B, 0x0A, 0x20, 0x20, 0x20, 0x20, 0x20, 0x20,
    0x66, 0x6C, 0x6F, 0x61, 0x74, 0x20, 0x62, 0x5F, 0x33, 0x33, 0x3B, 0x0A,
    0x20, 0x20, 0x20, 0x20, 0x20, 0x20, 0x62, 0x5F, 0x33, 0x33, 0x20, 0x3D,
    0x20, 0x28, 0x32, 0x2E, 0x30, 0x20, 0x2A, 0x20, 0x74, 0x6D, 0x70, 0x76,
    0x61, 0x72, 0x5F, 0x34, 0x2E, 0x7A, 0x29, 0x3B, 0x0A, 0x20, 0x20, 0x20,
    0x20, 0x20, 0x20, 0x66, 0x6C, 0x6F, 0x61, 0x74, 0x20, 0x74, 0x6D, 0x70,
    0x76, 0x61, 0x72, 0x5F, 0x33, 0x34, 0x3B, 0x0A, 0x20, 0x20, 0x20, 0x20,
    0x20, 0x20, 0x69, 0x66, 0x20, 0x28, 0x28, 0x62, 0x5F, 0x33, 0x33, 0x20,
    0x3C, 0x3D, 0x20, 0x30, 0x2E, 0x30, 0x29, 0x29, 0x20, 0x7B, 0x0A, 0x20,
    0x20, 0x20, 0x20, 0x20, 0x20, 0x20, 0x20, 0x74, 0x6D, 0x70, 0x76, 0x61,
    0x72, 0x5F, 0x33, 0x34, 0x20, 0x3D, 0x20, 0x30, 0x2E, 0x30, 0x3B, 0x0A,
    0x20, 0x20, 0x20, 0x20, 0x20, 0x20, 0x7D, 0x20, 0x65, 0x6C, 0x73, 0x65,
    0x20, 0x7B, 0x0A, 0x20, 0x20, 0x20, 0x20, 0x20, 0x20, 0x20, 0x20, 0x74,
    0x6D, 0x70, 0x76, 0x61, 0x72, 0x5F, 0x33, 0x34, 0x20, 0x3D, 0x20, 0x28,
    0x31, 0x2E, 0x30, 0x20, 0x2D, 0x20, 0x6D, 0x69, 0x6E, 0x20, 0x28, 0x31,
    0x2E, 0x30, 0x2C, 0x20, 0x28, 0x0A, 0x20, 0x20, 0x20, 0x20, 0x20, 0x20,
    0x20, 0x20, 0x20, 0x20, 0x28, 0x31, 0x2E, 0x30, 0x20, 0x2D, 0x20, 0x74,
    0x6D, 0x70, 0x76, 0x61, 0x72, 0x5F, 0x33, 0x2E, 0x7A, 0x29, 0x0A, 0x20,
    0x20, 0x20, 0x20, 0x20, 0x20, 0x20, 0x20, 0x20, 0x2F, 0x20, 0x62, 0x5F,
    0x33, 0x33, 0x29, 0x29, 0x29, 0x3B, 0x0A, 0x20, 0x20, 0x20, 0x20, 0x20,
    0x20, 0x7D, 0x3B, 0x0A, 0x20, 0x20, 0x20, 0x20, 0x20, 0x20, 0x74, 0x6D,
    0x70, 0x76, 0x61, 0x72, 0x5F, 0x33, 0x32, 0x20, 0x3D, 0x20, 0x74, 0x6D,
    0x70, 0x76, 0x61, 0x72, 0x5F, 0x33, 0x34, 0x3B, 0x0A, 0x20, 0x20, 0x20,
    0x20, 0x7D, 0x20, 0x65, 0x6C, 0x73, 0x65, 0x20, 0x7B, 0x0A, 0x20, 0x20,
    0x20, 0x20, 0x20, 0x20, 0x66, 0x6C, 0x6F, 0x61, 0x74, 0x20, 0x62, 0x5F,
    0x33, 0x35, 0x3B, 0x0A, 0x20, 0x20, 0x20, 0x20, 0x20, 0x20, 0x62, 0x5F,
    0x33, 0x35, 0x20, 0x3D, 0x20, 0x28, 0x32, 0x2E, 0x30, 0x20, 0x2A, 0x20,
    0x28, 0x74, 0x6D, 0x70, 0x76, 0x61, 0x72, 0x5F, 0x34, 0x2E, 0x7A, 0x20,
    0x2D, 0x20, 0x30, 0x2E, 0x35, 0x29, 0x29, 0x3B, 0x0A, 0x20, 0x20, 0x20,
    0x20, 0x20, 0x20, 0x66, 0x6C, 0x6F, 0x61, 0x74, 0x20, 0x74, 0x6D, 0x70,
    0x76, 0x61, 0x72, 0x5F, 0x33, 0x36, 0x3B, 0x0A, 0x20, 0x20, 0x20, 0x20,
    0x20, 0x20, 0x69, 0x66, 0x20, 0x28, 0x28, 0x62, 0x5F, 0x33, 0x35, 0x20,
    0x3E, 0x3D, 0x20, 0x31, 0x2E, 0x30, 0x29, 0x29, 0x20, 0x7B, 0x0A, 0x20,
    0x20, 0x20, 0x20, 0x20, 0x20, 0x20, 0x20, 0x74, 0x6D, 0x70, 0x76, 0x61,
    0x72, 0x5F, 0x33, 0x36, 0x20, 0x3D, 0x20, 0x31, 0x2E, 0x30, 0x3B, 0x0A,
    0x20, 0x20, 0x20, 0x20, 0x20, 0x20, 0x7D, 0x20, 0x65, 0x6C, 0x73, 0x65,
    0x20, 0x7B, 0x0A, 0x20, 0x20, 0x20, 0x20, 0x20, 0x20, 0x20, 0x20, 0x74,
    0x6D, 0x70, 0x76, 0x61, 0x72, 0x5F, 0x33, 0x36, 0x20, 0x3D, 0x20, 0x6D,
    0x69, 0x6E, 0x20, 0x28, 0x31, 0x2E, 0x30, 0x2C, 0x20, 0x28, 0x74, 0x6D,
    0x70, 0x76, 0x61, 0x72, 0x5F, 0x33, 0x2E, 0x7A, 0x20, 0x2F, 0x20, 0x28,
    0x31, 0x2E, 0x30, 0x20, 0x2D, 0x20, 0x62, 0x5F, 0x33, 0x35, 0x29, 0x29,
    0x29, 0x3B, 0x0A, 0x20, 0x20, 0x20, 0x20, 0x20, 0x20, 0x7D, 0x3B, 0x0A,
    0x20, 0x20, 0x20, 0x20, 0x20, 0x20, 0x74, 0x6D, 0x70, 0x76, 0x61, 0x72,
    0x5F, 0x33, 0x32, 0x20, 0x3D, 0x20, 0x74, 0x6D, 0x70, 0x76, 0x61, 0x72,
    0x5F, 0x33, 0x36, 0x3B, 0x0A, 0x20, 0x20, 0x20, 0x20, 0x7D, 0x3B, 0x0A,
    0x20, 0x20, 0x20, 0x20, 0x72, 0x5F, 0x32, 0x31, 0x2E, 0x7A, 0x20, 0x3D,
    0x20, 0x74, 0x6D, 0x70, 0x76, 0x61, 0x72, 0x5F, 0x33, 0x32, 0x3B, 0x0A,
    0x20, 0x20, 0x20, 0x20, 0x63, 0x5F, 0x32, 0x20, 0x3D, 0x20, 0x72, 0x5F,
    0x32, 0x31, 0x3B, 0x0A, 0x20, 0x20, 0x20, 0x20, 0x61, 0x6C, 0x70, 0x68,
    0x61, 0x5F, 0x31, 0x20, 0x3D, 0x20, 0x74, 0x6D, 0x70, 0x76, 0x61, 0x72,
    0x5F, 0x33, 0x2E, 0x77, 0x3B, 0x0A, 0x20, 0x20, 0x20, 0x20, 0x74, 0x6D,
    0x70, 0x76, 0x61, 0x72, 0x5F, 0x36, 0x20, 0x3D, 0x20, 0x62, 0x6F, 0x6F,
    0x6C, 0x28, 0x31, 0x29, 0x3B, 0x0A, 0x20, 0x20, 0x7D, 0x3B, 0x0A, 0x20,
    0x20, 0x28, 0x32, 0x32, 0x20, 0x3D, 0x3D, 0x20, 0x74, 0x6D, 0x70, 0x76,
    0x61, 0x72, 0x5F, 0x37, 0x29, 0x20, 0x74, 0x6D, 0x70, 0x76, 0x61, 0x72,
    0x5F, 0x35, 0x20, 0x3D, 0x20, 0x62, 0x6F, 0x6F, 0x6C, 0x28, 0x31, 0x29,
    0x3B, 0x0A, 0x20, 0x20, 0x74, 0x6D, 0x70, 0x76, 0x61, 0x72, 0x5F, 0x36,
    0x20, 0x74, 0x6D, 0x70, 0x76, 0x61, 0x72, 0x5F, 0x35, 0x20, 0x3D, 0x20,
    0x62, 0x6F, 0x6F, 0x6C, 0x28, 0x30, 0x29, 0x3B, 0x0A, 0x20, 0x20, 0x69,
    0x66, 0x20, 0x28, 0x74, 0x6D, 0x70, 0x76, 0x61, 0x72, 0x5F, 0x35, 0x29,
    0x20, 0x7B, 0x0A, 0x20, 0x20, 0x20, 0x20, 0x63, 0x5F, 0x32, 0x20, 0x3D,
    0x20, 0x28, 0x74, 0x6D, 0x70, 0x76, 0x61, 0x72, 0x5F, 0x33, 0x2E, 0x78,
    0x79, 0x7A, 0x20, 0x2B, 0x20, 0x28, 0x28, 0x32, 0x2E, 0x30, 0x20, 0x2A,
    0x20, 0x74, 0x6D, 0x70, 0x76, 0x61, 0x72, 0x5F, 0x34, 0x2E, 0x78, 0x79,
    0x7A, 0x29, 0x20, 0x2D, 0x20, 0x76, 0x65, 0x63, 0x33, 0x28, 0x31, 0x2E,
    0x30, 0x2C, 0x20, 0x31, 0x2E, 0x30, 0x2C, 0x20, 0x31, 0x2E, 0x30, 0x29,
    0x29, 0x29, 0x3B, 0x0A, 0x20, 0x20, 0x20, 0x20, 0x61, 0x6C, 0x70, 0x68,
    0x61, 0x5F, 0x31, 0x20, 0x3D, 0x20, 0x74, 0x6D, 0x70, 0x76, 0x61, 0x72,
    0x5F, 0x33, 0x2E, 0x77, 0x3B, 0x0A, 0x20, 0x20, 0x20, 0x20, 0x74, 0x6D,
    0x70, 0x76, 0x61, 0x72, 0x5F, 0x36, 0x20, 0x3D, 0x20, 0x62, 0x6F, 0x6F,
    0x6C, 0x28, 0x31, 0x29, 0x3B, 0x0A, 0x20, 0x20, 0x7D, 0x3B, 0x0A, 0x20,
    0x20, 0x28, 0x32, 0x33, 0x20, 0x3D, 0x3D, 0x20, 0x74, 0x6D, 0x70, 0x76,
    0x61, 0x72, 0x5F, 0x37, 0x29, 0x20, 0x74, 0x6D, 0x70, 0x76, 0x61, 0x72,
    0x5F, 0x35, 0x20, 0x3D, 0x20, 0x62, 0x6F, 0x6F, 0x6C, 0x28, 0x31, 0x29,
    0x3B, 0x0A, 0x20, 0x20, 0x74, 0x6D, 0x70, 0x76, 0x61, 0x72, 0x5F, 0x36,
    0x20, 0x74, 0x6D, 0x70, 0x76, 0x61, 0x72, 0x5F, 0x35, 0x20, 0x3D, 0x20,
    0x62, 0x6F, 0x6F, 0x6C, 0x28, 0x30, 0x29, 0x3B, 0x0A, 0x20, 0x20, 0x69,
    0x66, 0x20, 0x28, 0x74, 0x6D, 0x70, 0x76, 0x61, 0x72, 0x5F, 0x35, 0x29,
    0x20, 0x7B, 0x0A, 0x20, 0x20, 0x20, 0x20, 0x76, 0x65, 0x63, 0x33, 0x20,
    0x72, 0x5F, 0x33, 0x37, 0x3B, 0x0A, 0x20, 0x20, 0x20, 0x20, 0x66, 0x6C,
    0x6F, 0x61, 0x74, 0x20, 0x74, 0x6D, 0x70, 0x76, 0x61, 0x72, 0x5F, 0x33,
    0x38, 0x3B, 0x0A, 0x20, 0x20, 0x20, 0x20, 0x69, 0x66, 0x20, 0x28, 0x28,
    0x74, 0x6D, 0x70, 0x76, 0x61, 0x72, 0x5F, 0x34, 0x2E, 0x78, 0x20, 0x3C,
    0x20, 0x30, 0x2E, 0x35, 0x29, 0x29, 0x20, 0x7B, 0x0A, 0x20, 0x20, 0x20,
    0x20, 0x20, 0x20, 0x74, 0x6D, 0x70, 0x76, 0x61, 0x72, 0x5F, 0x33, 0x38,
    0x20, 0x3D, 0x20, 0x6D, 0x69, 0x6E, 0x20, 0x28, 0x74, 0x6D, 0x70, 0x76,
    0x61, 0x72, 0x5F, 0x33, 0x2E, 0x78, 0x2C, 0x20, 0x28, 0x32, 0x2E, 0x30,
    0x20, 0x2A, 0x20, 0x74, 0x6D, 0x70, 0x76, 0x61, 0x72, 0x5F, 0x34, 0x2E,
    0x78, 0x29, 0x29, 0x3B, 0x0A, 0x20, 0x20, 0x20, 0x20, 0x7D, 0x20, 0x65,
    0x6C, 0x73, 0x65, 0x20, 0x7B, 0x0A, 0x20, 0x20, 0x20, 0x20, 0x20, 0x20,
    0x74, 0x6D, 0x70, 0x76, 0x61, 0x72, 0x5F, 0x33, 0x38, 0x20, 0x3D, 0x20,
    0x6D, 0x61, 0x78, 0x20, 0x28, 0x74, 0x6D, 0x70, 0x76, 0x61, 0x72, 0x5F,
    0x33, 0x2E, 0x78, 0x2C, 0x20, 0x28, 0x32, 0x2E, 0x30, 0x20, 0x2A, 0x20,
    0x28, 0x74, 0x6D, 0x70, 0x76, 0x61, 0x72, 0x5F, 0x34, 0x2E, 0x78, 0x20,
    0x2D, 0x20, 0x30, 0x2E, 0x35, 0x29, 0x29, 0x29, 0x3B, 0x0A, 0x20, 0x20,
    0x20, 0x20, 0x7D, 0x3B, 0x0A, 0x20, 0x20, 0x20, 0x20, 0x72, 0x5F, 0x33,
    0x37, 0x2E, 0x78, 0x20, 0x3D, 0x20, 0x74, 0x6D, 0x70, 0x76, 0x61, 0x72,
    0x5F, 0x33, 0x38, 0x3B, 0x0A, 0x20, 0x20, 0x20, 0x20, 0x66, 0x6C, 0x6F,
    0x61, 0x74, 0x20, 0x74, 0x6D, 0x70, 0x76, 0x61, 0x72, 0x5F, 0x33, 0x39,
    0x3B, 0x0A, 0x20, 0x20, 0x20, 0x20, 0x69, 0x66, 0x20, 0x28, 0x28, 0x74,
    0x6D, 0x70, 0x76, 0x61, 0x72, 0x5F, 0x34, 0x2E, 0x79, 0x20, 0x3C, 0x20,
    0x30, 0x2E, 0x35, 0x29, 0x29, 0x20, 0x7B, 0x0A, 0x20, 0x20, 0x20, 0x20,
    0x20, 0x20, 0x74, 0x6D, 0x70, 0x76, 0x61, 0x72, 0x5F, 0x33, 0x39, 0x20,
    0x3D, 0x20, 0x6D, 0x69, 0x6E, 0x20, 0x28, 0x74, 0x6D, 0x70, 0x76, 0x61,
    0x72, 0x5F, 0x33, 0x2E, 0x79, 0x2C, 0x20, 0x28, 0x32, 0x2E, 0x30, 0x20,
    0x2A, 0x20, 0x74, 0x6D, 0x70, 0x76, 0x61, 0x72, 0x5F, 0x34, 0x2E, 0x79,
    0x29, 0x29, 0x3B, 0x0A, 0x20, 0x20, 0x20, 0x20, 0x7D, 0x20, 0x65, 0x6C,
    0x73, 0x65, 0x20, 0x7B, 0x0A, 0x20, 0x20, 0x20, 0x20, 0x20, 0x20, 0x74,
    0x6D, 0x70, 0x76, 0x61, 0x72, 0x5F, 0x33, 0x39, 0x20, 0x3D, 0x20, 0x6D,
    0x61, 0x78, 0x20, 0x28, 0x74, 0x6D, 0x70, 0x76, 0x61, 0x72, 0x5F, 0x33,
    0x2E, 0x79, 0x2C, 0x20, 0x28, 0x32, 0x2E, 0x30, 0x20, 0x2A, 0x20, 0x28,
    0x74, 0x6D, 0x70, 0x76, 0x61, 0x72, 0x5F, 0x34, 0x2E, 0x79, 0x20, 0x2D,
    0x20, 0x30, 0x2E, 0x35, 0x29, 0x29, 0x29, 0x3B, 0x0A, 0x20, 0x20, 0x20,
    0x20, 0x7D, 0x3B, 0x0A, 0x20, 0x20, 0x20, 0x20, 0x72, 0x5F, 0x33, 0x37,
    0x2E, 0x79, 0x20, 0x3D, 0x20, 0x74, 0x6D, 0x70, 0x76, 0x61, 0x72, 0x5F,
    0x33, 0x39, 0x3B, 0x0A, 0x20, 0x20, 0x20, 0x20, 0x66, 0x6C, 0x6F, 0x61,
    0x74, 0x20, 0x74, 0x6D, 0x70, 0x76, 0x61, 0x72, 0x5F, 0x34, 0x30, 0x3B,
    0x0A, 0x20, 0x20, 0x20, 0x20, 0x69, 0x66, 0x20, 0x28, 0x28, 0x74, 0x6D,
    0x70, 0x76, 0x61, 0x72, 0x5F, 0x34, 0x2E, 0x7A, 0x20, 0x3C, 0x20, 0x30,
    0x2E, 0x35, 0x29, 0x29, 0x20, 0x7B, 0x0A, 0x20, 0x20, 0x20, 0x20, 0x20,
    0x20, 0x74, 0x6D, 0x70, 0x76, 0x61, 0x72, 0x5F, 0x34, 0x30, 0x20, 0x3D,
    0x20, 0x6D, 0x69, 0x6E, 0x20, 0x28, 0x74, 0x6D, 0x70, 0x76, 0x61, 0x72,
    0x5F, 0x33, 0x2E, 0x7A, 0x2C, 0x20, 0x28, 0x32, 0x2E, 0x30, 0x20, 0x2A,
    0x20, 0x74, 0x6D, 0x70, 0x76, 0x61, 0x72, 0x5F, 0x34, 0x2E, 0x7A, 0x29,
    0x29, 0x3B, 0x0A, 0x20, 0x20, 0x20, 0x20, 0x7D, 0x20, 0x65, 0x6C, 0x73,
    0x65, 0x20, 0x7B, 0x0A, 0x20, 0x20, 0x20, 0x20, 0x20, 0x20, 0x74, 0x6D,
    0x70, 0x76, 0x61, 0x72, 0x5F, 0x34, 0x30, 0x20, 0x3D, 0x20, 0x6D, 0x61,
    0x78, 0x20, 0x28, 0x74, 0x6D, 0x70, 0x76, 0x61, 0x72, 0x5F, 0x33, 0x2E,
    0x7A, 0x2C, 0x20, 0x28, 0x32, 0x2E, 0x30, 0x20, 0x2A, 0x20, 0x28, 0x74,
    0x6D, 0x70, 0x76, 0x61, 0x72, 0x5F, 0x34, 0x2E, 0x7A, 0x20, 0x2D, 0x20,
    0x30, 0x2E, 0x35, 0x29, 0x29, 0x29, 0x3B, 0x0A, 0x20, 0x20, 0x20, 0x20,
    0x7D, 0x3B, 0x0A, 0x20, 0x20, 0x20, 0x20, 0x72, 0x5F, 0x33, 0x37, 0x2E,
    0x7A, 0x20, 0x3D, 0x20, 0x74, 0x6D, 0x70, 0x76, 0x61, 0x72, 0x5F, 0x34,
    0x30, 0x3B, 0x0A, 0x20, 0x20, 0x20, 0x20, 0x63, 0x5F, 0x32, 0x20, 0x3D,
    0x20, 0x72, 0x5F, 0x33, 0x37, 0x3B, 0x0A, 0x20, 0x20, 0x20, 0x20, 0x61,
    0x6C, 0x70, 0x68, 0x61, 0x5F, 0x31, 0x20, 0x3D, 0x20, 0x74, 0x6D, 0x70,
    0x76, 0x61, 0x72, 0x5F, 0x33, 0x2E, 0x77, 0x3B, 0x0A, 0x20, 0x20, 0x20,
    0x20, 0x74, 0x6D, 0x70, 0x76, 0x61, 0x72, 0x5F, 0x36, 0x20, 0x3D, 0x20,
    0x62, 0x6F, 0x6F, 0x6C, 0x28, 0x31, 0x29, 0x3B, 0x0A, 0x20, 0x20, 0x7D,
    0x3B, 0x0A, 0x20, 0x20, 0x28, 0x32, 0x34, 0x20, 0x3D, 0x3D, 0x20, 0x74,
    0x6D, 0x70, 0x76, 0x61, 0x72, 0x5F, 0x37, 0x29, 0x20, 0x74, 0x6D, 0x70,
    0x76, 0x61, 0x72, 0x5F, 0x35, 0x20, 0x3D, 0x20, 0x62, 0x6F, 0x6F, 0x6C,
    0x28, 0x31, 0x29, 0x3B, 0x0A, 0x20, 0x20, 0x74, 0x6D, 0x70, 0x76, 0x61,
    0x72, 0x5F, 0x36, 0x20, 0x74, 0x6D, 0x70, 0x76, 0x61, 0x72, 0x5F, 0x35,
    0x20, 0x3D, 0x20, 0x62, 0x6F, 0x6F, 0x6C, 0x28, 0x30, 0x29, 0x3B, 0x0A,
    0x20, 0x20, 0x69, 0x66, 0x20, 0x28, 0x74, 0x6D, 0x70, 0x76, 0x61, 0x72,
    0x5F, 0x35, 0x29, 0x20, 0x7B, 0x0A, 0x20, 0x20, 0x20, 0x20, 0x76, 0x65,
    0x63, 0x33, 0x20, 0x72, 0x5F, 0x34, 0x31, 0x3B, 0x0A, 0x20, 0x20, 0x20,
    0x20, 0x66, 0x6C, 0x6F, 0x61, 0x74, 0x20, 0x74, 0x6D, 0x70, 0x76, 0x61,
    0x72, 0x5F, 0x34, 0x32, 0x3B, 0x0A, 0x20, 0x20, 0x20, 0x20, 0x69, 0x66,
    0x20, 0x28, 0x28, 0x28, 0x74, 0x6D, 0x70, 0x76, 0x61, 0x72, 0x5F, 0x33,
    0x2E, 0x78, 0x20, 0x2B, 0x20, 0x74, 0x6D, 0x70, 0x76, 0x61, 0x72, 0x5F,
    0x34, 0x2E, 0x78, 0x29, 0x20, 0x3C, 0x20, 0x31, 0x2E, 0x30, 0x29, 0x29,
    0x20, 0x7B, 0x0A, 0x20, 0x20, 0x20, 0x20, 0x20, 0x20, 0x74, 0x6D, 0x70,
    0x76, 0x61, 0x72, 0x5F, 0x34, 0x32, 0x20, 0x3D, 0x20, 0x30, 0x2E, 0x30,
    0x3B, 0x0A, 0x20, 0x20, 0x20, 0x20, 0x7D, 0x20, 0x65, 0x6C, 0x73, 0x65,
    0x20, 0x7B, 0x0A, 0x20, 0x20, 0x20, 0x20, 0x20, 0x20, 0x74, 0x6D, 0x70,
    0x76, 0x61, 0x72, 0x5F, 0x34, 0x32, 0x20, 0x3D, 0x20, 0x31, 0x2E, 0x30,
    0x3B, 0x0A, 0x20, 0x20, 0x20, 0x20, 0x7D, 0x3B, 0x0A, 0x20, 0x20, 0x20,
    0x20, 0x72, 0x5F, 0x34, 0x31, 0x2E, 0x78, 0x20, 0x3D, 0x20, 0x74, 0x6D,
    0x70, 0x76, 0x61, 0x72, 0x5F, 0x34, 0x32, 0x3B, 0x0A, 0x20, 0x20, 0x20,
    0x20, 0x66, 0x6C, 0x6F, 0x61, 0x74, 0x20, 0x74, 0x6D, 0x70, 0x76, 0x61,
    0x72, 0x5F, 0x34, 0x33, 0x3B, 0x0A, 0x20, 0x20, 0x20, 0x20, 0x69, 0x66,
    0x20, 0x28, 0x28, 0x28, 0x74, 0x6D, 0x70, 0x76, 0x61, 0x72, 0x5F, 0x33,
    0x2E, 0x79, 0x20, 0x2B, 0x20, 0x74, 0x6D, 0x70, 0x76, 0x61, 0x72, 0x5F,
    0x34, 0x2E, 0x79, 0x29, 0x20, 0x3C, 0x20, 0x31, 0x2E, 0x30, 0x29, 0x29,
    0x20, 0x7B, 0x0A, 0x20, 0x20, 0x20, 0x20, 0x20, 0x20, 0x74, 0x6D, 0x70,
    0x76, 0x61, 0x72, 0x5F, 0x34, 0x33, 0x20, 0x3D, 0x20, 0x30, 0x2E, 0x30,
    0x3B, 0x0A, 0x20, 0x20, 0x20, 0x20, 0x7D, 0x20, 0x65, 0x6C, 0x73, 0x65,
    0x20, 0x7B, 0x0A, 0x20, 0x20, 0x20, 0x20, 0x20, 0x20, 0x74, 0x6D, 0x70,
    0x76, 0x61, 0x72, 0x5F, 0x34, 0x33, 0x20, 0x3D, 0x20, 0x31, 0x2E, 0x30,
    0x3B, 0x0A, 0x20, 0x20, 0x20, 0x20, 0x7D, 0x3B, 0x0A, 0x20, 0x20, 0x20,
    0x20, 0x72, 0x5F, 0x34, 0x31, 0x2E, 0x79, 0x20, 0x3D, 0x20, 0x74, 0x6D,
    0x70, 0x76, 0x61, 0x72, 0x5F, 0x34, 0x33, 0x3B, 0x0A, 0x20, 0x20, 0x20,
    0x20, 0x66, 0x6C, 0x6F, 0x61, 0x74, 0x20, 0x74, 0x6D, 0x70, 0x76, 0x61,
    0x72, 0x5F, 0x34, 0x34, 0x3B, 0x0A, 0x20, 0x20, 0x20, 0x20, 0x69, 0x66,
    0x20, 0x28, 0x28, 0x28, 0x74, 0x6D, 0x70, 0x76, 0x61, 0x72, 0x5F, 0x33,
    0x2E, 0x7A, 0x20, 0x2B, 0x20, 0x74, 0x6D, 0x70, 0x76, 0x61, 0x72, 0x5F,
    0x34, 0x2E, 0x7A, 0x29, 0x20, 0x3C, 0x20, 0x31, 0x2E, 0x30, 0x29, 0x29,
    0x20, 0x7B, 0x0A, 0x20, 0x20, 0x20, 0x20, 0x20, 0x20, 0x74, 0x6D, 0x70,
    0x76, 0x61, 0x72, 0x5F, 0x34, 0x34, 0x20, 0x3D, 0x20, 0x30, 0x2E, 0x30,
    0x3B, 0x0A, 0x20, 0x20, 0x20, 0x20, 0x7D, 0x20, 0x65, 0x6C, 0x73, 0x65,
    0x20, 0x7B, 0x0A, 0x20, 0x20, 0x20, 0x20, 0x20, 0x20, 0x74, 0x6D, 0x70,
    0x76, 0x61, 0x72, 0x5F, 0x34, 0x34, 0x20, 0x3D, 0x20, 0x31, 0x2E, 0x30,
    0x3B, 0x0A, 0x20, 0x20, 0x20, 0x20, 0x7D, 0x3B, 0x0A, 0x20, 0x20, 0x20,
    0x20, 0x72, 0x5F, 0x34, 0x31, 0x2E, 0x7A, 0x20, 0x3D, 0x20, 0x74, 0x6D,
    0x70, 0x76, 0x61, 0x72, 0x5F, 0x34, 0x34, 0x3B, 0x0A, 0x20, 0x20, 0x20,
    0x20, 0x63, 0x5F, 0x32, 0x20, 0x3D, 0x20, 0x72, 0x5F, 0x34, 0x31, 0x3B,
    0x0A, 0x20, 0x20, 0x20, 0x20, 0x61, 0x6C, 0x70, 0x68, 0x61, 0x5F, 0x31,
    0x20, 0x3D, 0x20, 0x74, 0x6D, 0x70, 0x76, 0x61, 0x72, 0x5F, 0x33, 0x2E,
    0x77, 0x3B, 0x0A, 0x20, 0x20, 0x20, 0x20, 0x74, 0x6D, 0x70, 0x76, 0x61,
    0x72, 0x5F, 0x36, 0x20, 0x3D, 0x20, 0x62, 0x6F, 0x6F, 0x6C, 0x28, 0x31,
    0x29, 0x3B, 0x0A, 0x20, 0x20, 0x7D, 0x3B, 0x0A, 0x20, 0x20, 0x28, 0x32,
    0x35, 0x20, 0x3D, 0x3D, 0x20, 0x74, 0x6D, 0x70, 0x76, 0x61, 0x72, 0x5F,
    0x37, 0x29, 0x20, 0x74, 0x6D, 0x70, 0x76, 0x61, 0x72, 0x5F, 0x35, 0x20,
    0x3D, 0x20, 0x62, 0x6F, 0x6F, 0x6C, 0x28, 0x31, 0x29, 0x3B, 0x0A, 0x20,
    0x20, 0x74, 0x6D, 0x70, 0x76, 0x61, 0x72, 0x5F, 0x36, 0x20, 0x74, 0x6D,
    0x70, 0x76, 0x61, 0x72, 0x5F, 0x35, 0x20, 0x3D, 0x20, 0x62, 0x6F, 0x6F,
    0x6C, 0x28, 0x30, 0x29, 0x3B, 0x0A, 0x20, 0x20, 0x69, 0x66, 0x20, 0x28,
    0x74, 0x6D, 0x70, 0x76, 0x61, 0x72, 0x5F, 0x35, 0x29, 0x20, 0x7B, 0x0A,
    0x20, 0x20, 0x20, 0x20, 0x63, 0x5F, 0x32, 0x20, 0x3D, 0x20, 0x28, 0x76,
    0x65, 0x63, 0x33, 0x28, 0x31, 0x2E, 0x30, 0x2C, 0x20, 0x31, 0x2E, 0x30,
    0x2C, 0x20, 0x31, 0x2E, 0x30, 0x29, 0x20, 0x2D, 0x20, 0x74, 0x6D, 0x70,
    0x76, 0x61, 0x72, 0x5F, 0x33, 0x2E, 0x78, 0x79, 0x7A, 0x29, 0x3B, 0x0A,
    0x20, 0x20, 0x20, 0x20, 0x61, 0x6C, 0x70, 0x68, 0x61, 0x5F, 0x31, 0x20,
    0x3D, 0x20, 0x74, 0x6D, 0x70, 0x76, 0x61, 0x72, 0x5F, 0x33, 0x2E, 0x77,
    0x3B, 0x0A, 0x20, 0x20, 0x20, 0x20, 0x74, 0x6D, 0x70, 0x76, 0x61, 0x72,
    0x5F, 0x36, 0x20, 0x3D, 0x20, 0x62, 0x6F, 0x6F, 0x6C, 0x28, 0x31, 0x29,
    0x3B, 0x0A, 0x20, 0x20, 0x7D, 0x3B, 0x0A, 0x20, 0x20, 0x28, 0x32, 0x36,
    0x20, 0x3D, 0x3D, 0x20, 0x74, 0x6D, 0x70, 0x76, 0x61, 0x72, 0x5F, 0x37,
    0x29, 0x20, 0x74, 0x6D, 0x70, 0x76, 0x61, 0x72, 0x5F, 0x35, 0x20, 0x3D,
    0x20, 0x62, 0x6F, 0x6F, 0x6C, 0x28, 0x31, 0x29, 0x3B, 0x0A, 0x20, 0x20,
    0x74, 0x6D, 0x70, 0x76, 0x61, 0x72, 0x5F, 0x36, 0x20, 0x74, 0x6D, 0x70,
    0x76, 0x61, 0x72, 0x5F, 0x35, 0x20, 0x3D, 0x20, 0x62, 0x6F, 0x6F, 0x6C,
    0x28, 0x30, 0x29, 0x3B, 0x0A, 0x20, 0x20, 0x69, 0x66, 0x20, 0x28, 0x74,
    0x6D, 0x70, 0x76, 0x61, 0x72, 0x5F, 0x35, 0x29, 0x20, 0x7B, 0x0A, 0x20,
    0x20, 0x20, 0x20, 0x63, 0x5F, 0x32, 0x20, 0x3D, 0x20, 0x74, 0x6D, 0x70,
    0x76, 0x61, 0x72, 0x5F, 0x33, 0x2E, 0x78, 0x79, 0x7A, 0x3B, 0x0A, 0x20,
    0x20, 0x20, 0x20, 0x61, 0x6C, 0x70, 0x68, 0x61, 0x5F, 0x31, 0x20, 0x3D,
    0x20, 0x28, 0x74, 0x6D, 0x70, 0x76, 0x61, 0x72, 0x5F, 0x33, 0x2E, 0x77,
    0x20, 0x2A, 0x20, 0x74, 0x6D, 0x70, 0x76, 0x61, 0x72, 0x5F, 0x34, 0x2E,
    0x77, 0x29, 0x3B, 0x0A, 0x20, 0x20, 0x20, 0x20, 0x74, 0x6D, 0x70, 0x76,
    0x61, 0x72, 0x5F, 0x36, 0x20, 0x3D, 0x20, 0x62, 0x6F, 0x6F, 0x6C, 0x28,
    0x31, 0x29, 0x3B, 0x0A, 0x20, 0x20, 0x7D, 0x3B, 0x0A, 0x20, 0x20, 0x28,
    0x32, 0x37, 0x20, 0x3D, 0x3D, 0x20, 0x74, 0x6D, 0x70, 0x76, 0x61, 0x72,
    0x5F, 0x37, 0x29, 0x20, 0x74, 0x6D, 0x70, 0x76, 0x61, 0x72, 0x5F, 0x35,
    0x20, 0x3D, 0x20, 0x62, 0x6F, 0x6F, 0x6C, 0x28, 0x31, 0x29, 0x3B, 0x0A,
    0x20, 0x20, 0x74, 0x6D, 0x70, 0x76, 0x61, 0x72, 0x5F, 0x36, 0x20, 0x74,
    0x6D, 0x70, 0x76, 0x61, 0x72, 0x5F, 0x35, 0x20, 0x3D, 0x20, 0x62, 0x6F,
    0x6F, 0x6C, 0x28, 0x30, 0x29, 0x3B, 0x0A, 0x20, 0x20, 0x69, 0x66, 0x20,
    0x28, 0x74, 0x6D, 0x70, 0x76, 0x61, 0x72, 0x5F, 0x35, 0x29, 0x20, 0x7B,
    0x0A, 0x20, 0x20, 0x20, 0x20, 0x63, 0x5F, 0x32, 0x20, 0x3D, 0x20, 0x74,
    0x6D, 0x70, 0x76, 0x61, 0x72, 0x5F, 0x33, 0x2E, 0x78, 0x79, 0x7A, 0x3B,
    0x0A, 0x20, 0x20, 0x20, 0x20, 0x61, 0x6C, 0x70, 0x68, 0x61, 0x5F, 0x31,
    0x20, 0x3D, 0x20, 0x28, 0x74, 0x6D, 0x70, 0x76, 0x61, 0x72, 0x5F, 0x33,
    0x2E, 0x77, 0x20, 0x2A, 0x20, 0x28, 0x31, 0x2E, 0x30, 0x20, 0x2D, 0x20,
    0x74, 0x6D, 0x70, 0x76, 0x61, 0x72, 0x5F, 0x34, 0x2E, 0x77, 0x29, 0x29,
    0x3B, 0x0A, 0x20, 0x20, 0x20, 0x20, 0x74, 0x6D, 0x70, 0x76, 0x61, 0x72,
    0x5F, 0x36, 0x20, 0x3D, 0x20, 0x62, 0x6F, 0x6F, 0x6C, 0x28, 0x31, 0x29,
    0x3B, 0x0A, 0x20, 0x20, 0x7D, 0x3B, 0x0A, 0x20, 0x20, 0x74, 0x6D, 0x70,
    0x76, 0x61, 0x72, 0x5F, 0x35, 0x20, 0x3D, 0x20, 0x62, 0x6F, 0x6F, 0x6C,
    0x28, 0x31, 0x29, 0x3B, 0x0A, 0x20, 0x20, 0x74, 0x6D, 0x70, 0x76, 0x61,
    0x72, 0x5F, 0x36, 0x20, 0x74, 0x6D, 0x70, 0x76, 0x61, 0x72, 0x5F, 0x35,
    0x20, 0x3D, 0x20, 0x62, 0x6F, 0x6F, 0x6C, 0x28, 0x30, 0x29, 0x3B, 0x0A,
    0x20, 0x20, 0x69, 0x66, 0x20, 0x28, 0x74, 0x6D, 0x70, 0x76, 0x61, 0x72,
    0x5F, 0x35, 0x29, 0x20, 0x7B, 0x0A, 0x20, 0x20, 0x20, 0x20, 0x63, 0x5F,
    0x32, 0x20, 0x3D, 0x20, 0x6D, 0x69, 0x78, 0x20, 0x28, 0x74, 0x6D, 0x70,
    0x76, 0x61, 0x72, 0x5F, 0x33, 0x2E, 0x78, 0x79, 0x7A, 0x2C, 0x20, 0x74,
    0x6D, 0x70, 0x76, 0x61, 0x72, 0x5F, 0x34, 0x2E, 0x78, 0x79, 0x7A, 0x2C,
    0x20, 0x74, 0x6D, 0x70, 0x76, 0x61, 0x72, 0x5F, 0x34, 0x2E, 0x77, 0x29,
    0x3B, 0x0A, 0x20, 0x20, 0x20, 0x20, 0x61, 0x6C, 0x70, 0x68, 0x61, 0x5F,
    0x31, 0x20, 0x3D, 0x20, 0x63, 0x6C, 0x61, 0x6D, 0x70, 0x20, 0x28, 0x28,
    0x74, 0x6D, 0x70, 0x76, 0x61, 0x72, 0x5F, 0x33, 0x2E, 0x77, 0x20, 0x2B,
    0x20, 0x74, 0x6D, 0x70, 0x76, 0x61, 0x72, 0x5F, 0x34, 0x2E, 0x77, 0x29,
    0x2C, 0x20, 0x30, 0x2E, 0x30, 0x2C, 0x20, 0x31, 0x2E, 0x30, 0x29, 0x3B,
    0x0A, 0x20, 0x20, 0x20, 0x20, 0x74, 0x6D, 0x70, 0x76, 0x61, 0x72, 0x5F,
    0x36, 0x20, 0x3D, 0x20, 0x62, 0x6F, 0x6F, 0x6C, 0x28, 0x31, 0x29, 0x3B,
    0x0A, 0x20, 0x20, 0x7D, 0x3B, 0x0A, 0x20, 0x20, 0x76, 0x65, 0x63, 0x34,
    0x20, 0x74, 0x6D, 0x70, 0x76, 0x61, 0x72, 0x5F, 0x34, 0x35, 0x3B, 0x0A,
    0x20, 0x20, 0x74, 0x6D, 0x70, 0x76, 0x61, 0x72, 0x5F, 0x34, 0x35, 0x2E,
    0x78, 0x79, 0x7A, 0x20, 0x3D, 0x20, 0x63, 0x5F, 0x32, 0x3B, 0x0A, 0x20,
    0x20, 0x74, 0x6D, 0x70, 0x76, 0x61, 0x72, 0x5F, 0x34, 0x35, 0x2E, 0x77,
    0x20, 0x3D, 0x20, 0x61, 0x6C, 0x70, 0x68, 0x61, 0x5F, 0x31, 0x3B, 0x0A,
    0x20, 0x20, 0x67, 0x6C, 0x5F, 0x46, 0x72, 0x61, 0x67, 0x43, 0x6F, 0x6C,
    0x6F, 0x72, 0x20, 0x3D, 0x20, 0x28, 0x74, 0x6D, 0x70, 0x76, 0x61, 0x72,
    0x5F, 0x34, 0x35, 0x20, 0x2A, 0x20, 0x42, 0x6C, 0x65, 0x6E, 0x64, 0x50,
    0x61, 0x72, 0x61, 0x6D, 0x73, 0x2E, 0x7A, 0x29, 0x3B, 0x0A, 0x7D, 0x0A,
    0x0A, 0x00,
};
const size_t kEmbeddedGL_fs_blend_size = 12410;

const uint8_t kEmbeddedGL_fs_transition[] = {
    0x46, 0x53, 0x48, 0x0B, 0x6F, 0x1E, 0x3E, 0x3C, 0x00, 0x00, 0x00, 0x00,
    0x04, 0x00, 0x09, 0x73, 0x5F, 0x74, 0x65, 0x78, 0x74, 0x75, 0x72, 0x65,
    0x00, 0x01, 0x00, 0x00, 0x01, 0x00, 0x00, 0x00, 0x00, 0x00, 0x0A, 0x73,
    0x5F, 0x74, 0x65, 0x78, 0x74, 0x75, 0x72, 0x65, 0x31, 0x00, 0x01, 0x00,
    0x00, 0x01, 0x00, 0x00, 0x00, 0x00, 0x00, 0x0A, 0x73, 0x5F, 0x74, 0x65,
    0x78, 0x74, 0x75, 0x72, 0x65, 0x32, 0x00, 0x01, 0x00, 0x00, 0x01, 0x00,
    0x00, 0x00, 0x00, 0x00, 0x0B, 0x54, 0x72, 0x61, 0x6E, 0x73, 0x50, 0x61,
    0x72, 0x61, 0x6D, 0x73, 0x02, 0x01, 0x00, 0x00, 0x01, 0x00, 0x00, 0x00,
    0x00, 0x00, 0xDE, 0x03, 0x00, 0x00, 0xF0, 0x03, 0x00, 0x00, 0x23, 0x76,
    0x65, 0x72, 0x73, 0x69, 0x6F, 0x6E, 0x20, 0x34, 0x33, 0x30, 0x20, 0x63,
    0x6F, 0x72, 0x65, 0x0A, 0x69, 0x6E, 0x20, 0x76, 0x65, 0x63, 0x32, 0x20,
    0x76, 0x5F, 0x74, 0x65, 0x78, 0x63, 0x6F, 0x6F, 0x72, 0x64, 0x30, 0x3B,
    0x0A, 0x75, 0x6E, 0x69, 0x66, 0x6F, 0x72, 0x6D, 0x20, 0x73, 0x61, 0x6D,
    0x70, 0x6C, 0x65, 0x72, 0x32, 0x44, 0x20, 0x73, 0x5F, 0x74, 0x65, 0x78,
    0x74, 0x75, 0x72, 0x65, 0x3B, 0x0A, 0x75, 0x6E, 0x69, 0x66, 0x6F, 0x72,
    0x6D, 0x20, 0x73, 0x61, 0x6D, 0x70, 0x6C, 0x65, 0x72, 0x32, 0x44, 0x20,
    0x73, 0x5F, 0x74, 0x65, 0x78, 0x74, 0x75, 0x72, 0x65, 0x31, 0x3B, 0x0A,
    0x75, 0x6E, 0x69, 0x66, 0x6F, 0x72, 0x6D, 0x20, 0x73, 0x61, 0x6D, 0x70,
    0x6C, 0x65, 0x72, 0x32, 0x44, 0x20, 0x73, 0x5F, 0x74, 0x65, 0x78, 0x74,
    0x75, 0x72, 0x65, 0x32, 0x3B, 0x0A, 0x75, 0x6E, 0x69, 0x66, 0x6F, 0x72,
    0x6D, 0x20, 0x76, 0x65, 0x63, 0x34, 0x20, 0x54, 0x72, 0x61, 0x6E, 0x73,
    0x50, 0x61, 0x72, 0x61, 0x6D, 0x73, 0x3B, 0x0A, 0x76, 0x6F, 0x69, 0x64,
    0x20, 0x6D, 0x61, 0x69, 0x6E, 0x20, 0x28, 0x29, 0x0A, 0x7B, 0x0A, 0x20,
    0x20, 0x66, 0x6C, 0x6F, 0x61, 0x74, 0x20, 0x74, 0x5F, 0x31, 0x3B, 0x0A,
    0x20, 0x20, 0x76, 0x65, 0x63, 0x34, 0x20, 0x74, 0x6D, 0x70, 0x76, 0x61,
    0x72, 0x5F, 0x32, 0x3B, 0x0A, 0x20, 0x20, 0x74, 0x6D, 0x70, 0x76, 0x61,
    0x72, 0x5F, 0x32, 0x20, 0x3D, 0x20, 0x74, 0x65, 0x78, 0x74, 0x75, 0x72,
    0x65, 0x20, 0x28, 0x73, 0x5F, 0x74, 0x65, 0x78, 0x74, 0x75, 0x72, 0x65,
    0x2C, 0x20, 0x76, 0x5F, 0x74, 0x65, 0x78, 0x63, 0x6F, 0x6F, 0x72, 0x64,
    0x30, 0x29, 0x3B, 0x0A, 0x20, 0x20, 0x76, 0x65, 0x63, 0x34, 0x20, 0x74,
    0x6D, 0x70, 0x76, 0x61, 0x72, 0x5F, 0x33, 0x3B, 0x0A, 0x20, 0x20, 0x74,
    0x6D, 0x70, 0x76, 0x61, 0x72, 0x5F, 0x33, 0x20, 0x3D, 0x20, 0x74, 0x65,
    0x78, 0x74, 0x75, 0x72, 0x65, 0x20, 0x28, 0x73, 0x5F, 0x74, 0x65, 0x78,
    0x74, 0x75, 0x72, 0x65, 0x31, 0x2C, 0x20, 0x76, 0x5F, 0x74, 0x65, 0x78,
    0x63, 0x6F, 0x6F, 0x72, 0x64, 0x30, 0x29, 0x3B, 0x0A, 0x20, 0x20, 0x66,
    0x6C, 0x6F, 0x61, 0x74, 0x20, 0x74, 0x6D, 0x70, 0x76, 0x61, 0x72, 0x5F,
    0x34, 0x3B, 0x0A, 0x20, 0x20, 0x74, 0x6D, 0x70, 0x76, 0x61, 0x72, 0x5F,
    0x34, 0x20, 0x3D, 0x20, 0x63, 0x6C, 0x61, 0x6D, 0x70, 0x20, 0x28, 0x54,
    0x72, 0x61, 0x6E, 0x73, 0x50, 0x61, 0x72, 0x61, 0x6D, 0x73, 0x2E, 0x78,
    0x2C, 0x20, 0x30, 0x2E, 0x30, 0x2C, 0x20, 0x31, 0x2E, 0x30, 0x29, 0x3B,
    0x0A, 0x20, 0x20, 0x74, 0x5F, 0x31, 0x20, 0x3D, 0x20, 0x74, 0x6D, 0x70,
    0x76, 0x61, 0x72, 0x5F, 0x34, 0x3B, 0x0A, 0x20, 0x20, 0x69, 0x66, 0x20,
    0x28, 0x28, 0x69, 0x6E, 0x74, 0x28, 0x54, 0x72, 0x61, 0x6E, 0x73, 0x50,
    0x61, 0x72, 0x61, 0x6D, 0x73, 0x2E, 0x79, 0x29, 0x20, 0x3D, 0x3D, 0x20,
    0x31, 0x29, 0x29, 0x20, 0x7B, 0x0A, 0x20, 0x20, 0x20, 0x20, 0x74, 0x5F,
    0x31, 0x20, 0x3D, 0x20, 0x66, 0x6C, 0x6F, 0x61, 0x74, 0x28, 0x28, 0x74,
    0x6D, 0x70, 0x76, 0x61, 0x72, 0x5F, 0x34, 0x20, 0x3E, 0x3D, 0x20, 0x74,
    0x65, 0x78, 0x74, 0x75, 0x72, 0x65, 0x20, 0x28, 0x73, 0x5F, 0x74, 0x65,
    0x78, 0x74, 0x75, 0x72, 0x65, 0x32, 0x2C, 0x20, 0x76, 0x5F, 0x74, 0x65,
    0x78, 0x63, 0x6F, 0x6F, 0x72, 0x64, 0x30, 0x29, 0x2E, 0x78, 0x29, 0x29,
    0x3B, 0x0A, 0x20, 0x20, 0x7D, 0x20, 0x65, 0x6C, 0x73, 0x65, 0x20, 0x7B,
    0x0A, 0x20, 0x20, 0x20, 0x20, 0x69, 0x66, 0x20, 0x28, 0x28, 0x69, 0x6E,
    0x74, 0x28, 0x54, 0x72, 0x61, 0x6E, 0x73, 0x50, 0x61, 0x72, 0x61, 0x6D,
    0x73, 0x2E, 0x79, 0x29, 0x20, 0x3D, 0x3D, 0x20, 0x32, 0x29, 0x29, 0x20,
    0x7B, 0x0A, 0x20, 0x20, 0x20, 0x20, 0x20, 0x20, 0x74, 0x5F, 0x31, 0x20,
    0x3D, 0x20, 0x66, 0x6C, 0x6F, 0x61, 0x74, 0x28, 0x28, 0x74, 0x5F, 0x31,
    0x20, 0x3E, 0x3D, 0x20, 0x76, 0x5F, 0x74, 0x65, 0x78, 0x63, 0x6F, 0x6F,
    0x72, 0x64, 0x30, 0x2E, 0x78, 0x29, 0x29, 0x3B, 0x0A, 0x20, 0x20, 0x20,
    0x20, 0x7D, 0x20, 0x65, 0x6C, 0x73, 0x65, 0x20, 0x7B, 0x0A, 0x20, 0x20,
    0x20, 0x20, 0x20, 0x20, 0x69, 0x66, 0x20, 0x28, 0x28, 0x69, 0x6E, 0x74,
    0x28, 0x54, 0x72, 0x61, 0x6E, 0x73, 0x50, 0x61, 0x72, 0x61, 0x6D, 0x73,
    0x2E, 0x79, 0x29, 0x20, 0x3D, 0x3D, 0x20, 0x33, 0x29, 0x29, 0x20, 0x7B,
    0x0A, 0x20, 0x20, 0x20, 0x20, 0x20, 0x20, 0x20, 0x20, 0x74, 0x5F, 0x31,
    0x20, 0x3D, 0x20, 0x66, 0x6C, 0x6F, 0x61, 0x74, 0x28, 0x28, 0x74, 0x5F,
    0x31, 0x20, 0x3E, 0x3D, 0x20, 0x28, 0x31, 0x2E, 0x30, 0x20, 0x2D, 0x20,
    0x76, 0x5F, 0x74, 0x65, 0x78, 0x63, 0x6F, 0x6F, 0x72, 0x64, 0x30, 0x2E,
    0x78, 0x29, 0x29, 0x29, 0x3B, 0x0A, 0x20, 0x20, 0x20, 0x20, 0x20, 0x20,
    0x7D, 0x20, 0x65, 0x6C, 0x73, 0x65, 0x20, 0x7B, 0x0A, 0x20, 0x20, 0x20,
    0x20, 0x20, 0x20, 0x20, 0x20, 0x69, 0x66, 0x20, 0x28, 0x28, 0x69, 0x6E,
    0x74, 0x28, 0x54, 0x72, 0x61, 0x6E, 0x73, 0x50, 0x61, 0x72, 0x61, 0x6D,
    0x73, 0x2E, 0x79, 0x29, 0x20, 0x3D, 0x3D, 0x20, 0x34, 0x29, 0x29, 0x20,
    0x7B, 0x0A, 0x20, 0x20, 0x20, 0x20, 0x20, 0x20, 0x20, 0x20, 0x20, 0x20,
    0x74, 0x5F, 0x31, 0x20, 0x3D, 0x20, 0x66, 0x6C, 0x6F, 0x61, 0x74, 0x28,
    0x28, 0x74, 0x5F, 0x31, 0x20, 0x3E, 0x3D, 0x20, 0x28, 0x31, 0x2E, 0x30,
    0x20, 0x2D, 0x20, 0x76, 0x5F, 0x74, 0x65, 0x78, 0x63, 0x6F, 0x6F, 0x72,
    0x64, 0x30, 0x2E, 0x79, 0x29, 0x29, 0x29, 0x3B, 0x0A, 0x20, 0x20, 0x20,
    0x20, 0x20, 0x20, 0x20, 0x20, 0x7D, 0x20, 0x65, 0x6C, 0x73, 0x65, 0x20,
    0x7B, 0x0A, 0x20, 0x20, 0x20, 0x20, 0x20, 0x20, 0x20, 0x20, 0x20, 0x20,
    0x69, 0x66, 0x20, 0x28, 0x28, 0x69, 0x6E, 0x74, 0x28, 0x54, 0x72, 0x61,
    0x6E, 0x73, 0x50, 0x61, 0x72, 0x61, 0x6D, 0x73, 0x2E, 0x79, 0x29, 0x20,
    0x3D, 0x3D, 0x20, 0x35, 0x29, 0x29, 0x20, 0x7B, 0x0A, 0x20, 0x20, 0x20,
    0x20, 0x20, 0x20, 0x20, 0x20, 0x20, 0x20, 0x20, 0x20, 0x74, 0x5F, 0x31,
    0x20, 0x3D, 0x20, 0x66, 0x6C, 0x6F, 0x61, 0x74, 0x28, 0x28, 0x74, 0x5F,
    0x31, 0x20, 0x3E, 0x3D, 0x20, 0x76, 0x5F, 0x74, 0x65, 0x78, 0x63, 0x6F,
    0x6F, 0x72, 0x64, 0x30, 0x2E, 0x79, 0x29, 0x29, 0x3B, 0x0A, 0x20, 0x20,
    0x20, 0x20, 0x20, 0x20, 0x20, 0x20, 0x20, 0x20, 0x7D, 0x3B, 0x0A, 0x20,
    0x20, 0x20, 0x20, 0x20, 0x20, 0x20, 0x20, 0x7D, 0x3B, 0x0A, 0x20, 0x20,
    0x20, 0x20, 0x20, 0x20, 0x7D, 0x3B, 0x0A, 0x20, 0x20, 0x20, 0x20, 0x7D,
    0x3B, 0x0A, 0x20, 0x20, 0x7D, 0x3B, 0x0A, 0x20, 0x20, 0x67, 0x6C, 0x5F,
    0x46, 0x72, 0x61, 0x67, 0x43, 0x6F, 0x6C, 0x6F, 0x72, 0x20, 0x3D, 0x20,
    0x6D, 0x69, 0x78, 0x20, 0x28, 0x74, 0x6D, 0x70, 0x76, 0x61, 0x72, 0x5F,
    0x32, 0x2C, 0x20, 0x74, 0x6D, 0x70, 0x76, 0x61, 0x72, 0x5F, 0x33, 0x2C,
    0x20, 0x74, 0x5F, 0x31, 0x29, 0x3B, 0x0A, 0x7D, 0x0A, 0x0A, 0x00,
};
const size_t kEmbeddedGL_fs_transition_size = 1115;

const uint8_t kEmbeddedGL_fs_vfx[] = {
    0x46, 0x53, 0x48, 0x0B, 0x6F, 0x1E, 0x3E, 0x3C, 0x00, 0x00, 0x00, 0x00,
    0x02, 0x00, 0x09, 0x73, 0x5F, 0x74, 0x65, 0x78, 0x74, 0x75, 0x72, 0x65,
    0x00, 0x01, 0x00, 0x00, 0x01, 0x00, 0x00, 0x00, 0x00, 0x00, 0x09, 0x56,
    0x46, 0x58, 0x50, 0x61, 0x72, 0x61, 0x6D, 0x73, 0x02, 0x03, 0x00, 0x00,
    0x03, 0x00, 0x00, 0x00, 0x00, 0x00, 0xA2, 0x05, 0x00, 0x00, 0xB4, 0x05,
    0x00, 0x00, 0x23, 0x76, 0x65, 0x72, 0x73, 0x69, 0x6F, 0x6E, 0x20, 0x34,
    0x33, 0x30, 0x20, 0x63, 0x6F, 0x72, 0x65, 0x0A, 0x69, 0x6E, 0x20, 0x76,
    0x65, 0x63, 0x32, 0x20, 0x76, 0x5F, 0x74, 0x65, 0x78, 0x63, 0x6F, 0x6F,
    0x72, 0x64, 0x30, 0x3B, 0x0A, 0x75, 0x6E, 0x69, 0x66, 0x6F, 0x72, 0x6D,
    0x20, 0x73, 0x61, 0x6D, 0x70, 0x6C, 0x65, 0x72, 0x32, 0x44, 0x20, 0x73,
    0x5F, 0x74, 0x65, 0x78, 0x74, 0x75, 0x72, 0x65, 0x3B, 0x0A, 0x75, 0x6E,
    0x69, 0x66, 0x6F, 0x72, 0x6D, 0x20, 0x76, 0x65, 0x63, 0x34, 0x20, 0x56,
    0x46, 0x58, 0x50, 0x61, 0x72, 0x61, 0x6D, 0x73, 0x5B, 0x33, 0x5D, 0x3B,
    0x0A, 0x76, 0x6F, 0x69, 0x64, 0x20, 0x6D, 0x61, 0x69, 0x6E, 0x20, 0x28,
    0x29, 0x0A, 0x7B, 0x0A, 0x20, 0x20, 0x76, 0x65, 0x63, 0x34, 0x20, 0x63,
    0x5F, 0x31, 0x3B, 0x0A, 0x20, 0x20, 0x63, 0x5F, 0x31, 0x20, 0x3D, 0x20,
    0x76, 0x65, 0x63, 0x34, 0x28, 0x30, 0x2E, 0x30, 0x2C, 0x20, 0x30, 0x2E,
    0x30, 0x2C, 0x20, 0x30, 0x2E, 0x30, 0x2C, 0x20, 0x30, 0x2E, 0x30, 0x29,
    0x3B, 0x0A, 0x20, 0x20, 0x69, 0x66, 0x20, 0x28, 0x28, 0x69, 0x6E, 0x74,
    0x28, 0x56, 0x46, 0x58, 0x50, 0x61, 0x72, 0x61, 0x6D, 0x73, 0x5B, 0x32,
    0x5D, 0x2E, 0x78, 0x29, 0x20, 0x3D, 0x3D, 0x20, 0x31, 0x29, 0x29, 0x20,
    0x7B, 0x0A, 0x20, 0x20, 0x20, 0x20, 0x63, 0x5F, 0x31, 0x20, 0x3D, 0x20,
    0x6D, 0x69, 0x78, 0x20, 0x28, 0x74, 0x65, 0x78, 0x74, 0x75, 0x72, 0x65,
    0x20, 0x28, 0x73, 0x5F, 0x74, 0x65, 0x78, 0x74, 0x75, 0x72, 0x65, 0x2C,
    0x20, 0x76, 0x5F, 0x74, 0x65, 0x78, 0x63, 0x6F, 0x6F, 0x72, 0x64, 0x30,
    0x29, 0x2C, 0x20, 0x56, 0x46, 0x58, 0x50, 0x61, 0x72, 0x61, 0x6D, 0x73,
    0x5B, 0x30, 0x5D, 0x2C, 0x20, 0x56, 0x46, 0x58, 0x50, 0x61, 0x72, 0x61,
    0x6D, 0x73, 0x5B, 0x30, 0x5D, 0x2E, 0x77, 0x29, 0x3B, 0x0A, 0x20, 0x20,
    0x7D, 0x20, 0x65, 0x6C, 0x73, 0x65, 0x20, 0x7B, 0x0A, 0x20, 0x20, 0x20,
    0x20, 0x69, 0x66, 0x20, 0x28, 0x28, 0x69, 0x6E, 0x74, 0x28, 0x56, 0x46,
    0x58, 0x50, 0x61, 0x72, 0x61, 0x6D, 0x73, 0x5B, 0x32, 0x5D, 0x2E, 0x78,
    0x29, 0x20, 0x3D, 0x3D, 0x20, 0x32, 0x29, 0x29, 0x20, 0x7B, 0x0A, 0x20,
    0x20, 0x20, 0x20, 0x20, 0x20, 0x76, 0x65, 0x63, 0x32, 0x20, 0x73, 0x74,
    0x65, 0x70, 0x53, 0x69, 0x7A, 0x65, 0x5F, 0x32, 0x3B, 0x0A, 0x20, 0x20,
    0x20, 0x20, 0x20, 0x20, 0x73, 0x74, 0x65, 0x70, 0x53, 0x69, 0x7A, 0x65,
    0x5F, 0x32, 0x20, 0x3D, 0x20, 0x28, 0x56, 0x46, 0x58, 0x50, 0x61, 0x72,
    0x61, 0x6D, 0x73, 0x5B, 0x31, 0x5D, 0x2E, 0x78, 0x79, 0x20, 0x2A, 0x20,
    0x30, 0x2E, 0x33, 0x33, 0x33, 0x33, 0x29, 0x3B, 0x0A, 0x20, 0x20, 0x20,
    0x20, 0x20, 0x20, 0x63, 0x5F, 0x31, 0x20, 0x3D, 0x20, 0x28, 0x63, 0x5F,
    0x31, 0x20, 0x2B, 0x20, 0x74, 0x65, 0x78, 0x74, 0x75, 0x72, 0x65, 0x20,
    0x28, 0x73, 0x5F, 0x74, 0x65, 0x78, 0x74, 0x75, 0x72, 0x65, 0x2C, 0x20,
    0x28, 0x76, 0x5F, 0x74, 0x65, 0x78, 0x63, 0x6F, 0x6F, 0x72, 0x64, 0x30,
    0x20, 0x2D, 0x20, 0x73, 0x74, 0x65, 0x70, 0x53, 0x69, 0x7A, 0x65, 0x5F,
    0x32, 0x29, 0x29, 0x29, 0x3B, 0x0A, 0x20, 0x20, 0x20, 0x20, 0x20, 0x20,
    0x63, 0x5F, 0x31, 0x20, 0x3D, 0x20, 0x28, 0x63, 0x5F, 0x31, 0x20, 0x2B,
    0x20, 0x74, 0x65, 0x78, 0x74, 0x75, 0x72, 0x65, 0x20, 0x28, 0x73, 0x5F,
    0x74, 0x65, 0x78, 0x74, 0x75, 0x72, 0x65, 0x2C, 0x20, 0x28, 0x76, 0x5F,
    0x74, 0x65, 0x78, 0x63, 0x6F, 0x6F, 0x72, 0x64, 0x30, 0x20, 0x2B, 0x20,
    0x28, 0x76, 0x65, 0x63, 0x32, 0x28, 0x30, 0x2E, 0x30, 0x2C, 0x20, 0x2D,
    0x31, 0x2E, 0x30, 0x29, 0x20, 0x2A, 0x20, 0x73, 0x74, 0x65, 0x70, 0x53,
    0x69, 0x7A, 0x65, 0x5F, 0x32, 0x29, 0x29, 0x29, 0x29, 0x3B, 0x0A, 0x20,
    0x20, 0x20, 0x20, 0x20, 0x20, 0x63, 0x5F, 0x31, 0x20, 0x3D, 0x20, 0x28,
    0x63, 0x5F, 0x31, 0x20, 0x2B, 0x20, 0x74, 0x65, 0x78, 0x74, 0x75, 0x72,
    0x65, 0x20, 0x28, 0x73, 0x5F, 0x74, 0x65, 0x78, 0x74, 0x75, 0x72, 0x65,
    0x2C, 0x20, 0x28, 0x76, 0x5F, 0x74, 0x65, 0x78, 0x63, 0x6F, 0x6F, 0x72,
    0x64, 0x30, 0x20, 0x2B, 0x20, 0x28, 0x76, 0x65, 0x63, 0x32, 0x28, 0x31,
    0x2E, 0x30, 0x2C, 0x20, 0x2D, 0x31, 0x2E, 0x30, 0x29, 0x20, 0x2A, 0x20,
    0x73, 0x74, 0x65, 0x70, 0x53, 0x69, 0x7A, 0x65, 0x5F, 0x32, 0x29, 0x29,
    0x29, 0x29, 0x3B, 0x0A, 0x20, 0x20, 0x20, 0x20, 0x20, 0x20, 0x63, 0x5F,
    0x31, 0x20, 0x3D, 0x20, 0x28, 0x63, 0x5F, 0x31, 0x20, 0x2B, 0x20, 0x74,
    0x65, 0x78, 0x74, 0x75, 0x72, 0x65, 0x20, 0x28, 0x73, 0x5F, 0x74, 0x65,
    0x78, 0x74, 0x75, 0x72, 0x65, 0x2C, 0x20, 0x28, 0x76, 0x5F, 0x74, 0x65,
    0x78, 0x63, 0x6F, 0x6F, 0x72, 0x64, 0x30, 0x20, 0x2B, 0x20, 0x28, 0x76,
    0x65, 0x63, 0x32, 0x28, 0x2D, 0x31, 0x2E, 0x30, 0x2C, 0x20, 0x30, 0x2E,
    0x30, 0x29, 0x20, 0x2A, 0x20, 0x73, 0x74, 0x65, 0x70, 0x53, 0x69, 0x7A,
    0x65, 0x5F, 0x32, 0x29, 0x29, 0x29, 0x29, 0x3B, 0x0A, 0x20, 0x20, 0x20,
    0x20, 0x20, 0x20, 0x63, 0x5F, 0x31, 0x20, 0x3D, 0x20, 0x28, 0x63, 0x5F,
    0x31, 0x20, 0x2B, 0x20, 0x74, 0x65, 0x78, 0x74, 0x75, 0x72, 0x65, 0x20,
    0x28, 0x73, 0x5F, 0x74, 0x65, 0x78, 0x74, 0x75, 0x72, 0x65, 0x2C, 0x20,
    0x76, 0x5F, 0x74, 0x65, 0x78, 0x63, 0x6F, 0x6F, 0x72, 0x64, 0x30, 0x29,
    0x29, 0x3B, 0x0A, 0x20, 0x20, 0x20, 0x20, 0x20, 0x20, 0x63, 0x5F, 0x31,
    0x20, 0x3D, 0x20, 0x28, 0x63, 0x5F, 0x31, 0x20, 0x2B, 0x20, 0x74, 0x65,
    0x78, 0x74, 0x75, 0x72, 0x65, 0x20, 0x28, 0x73, 0x5F, 0x74, 0x65, 0x78,
    0x74, 0x75, 0x72, 0x65, 0x2C, 0x20, 0x28, 0x76, 0x5F, 0x74, 0x65, 0x78,
    0x63, 0x6F, 0x6F, 0x72, 0x64, 0x30, 0x20, 0x2B, 0x20, 0x28, 0x76, 0x65,
    0x63, 0x32, 0x28, 0x31, 0x2E, 0x30, 0x2C, 0x20, 0x30, 0x2E, 0x30, 0x29,
    0x20, 0x2A, 0x20, 0x73, 0x74, 0x65, 0x70, 0x53, 0x69, 0x7A, 0x65, 0x5F,
    0x32, 0x29, 0x29, 0x29, 0x29, 0x3B, 0x0A, 0x20, 0x20, 0x20, 0x20, 0x20,
    0x20, 0x63, 0x5F, 0x31, 0x20, 0x3D, 0x20, 0x28, 0x63, 0x5F, 0x31, 0x20,
    0x2B, 0x20, 0x74, 0x65, 0x78, 0x74, 0x75, 0x72, 0x65, 0x20, 0x28, 0x73,
    0x5F, 0x74, 0x65, 0x78, 0x74, 0x75, 0x72, 0x65, 0x2C, 0x20, 0x28, 0x76,
    0x5F, 0x74, 0x65, 0x78, 0x63, 0x6F, 0x6F, 0x72, 0x64, 0x30, 0x20, 0x2B,
    0x20, 0x28, 0x76, 0x65, 0x63, 0x32, 0x28, 0x2D, 0x31, 0x2E, 0x30, 0x2C,
    0x20, 0x31, 0x2E, 0x30, 0x29, 0x20, 0x2A, 0x20, 0x73, 0x74, 0x65, 0x70,
    0x53, 0x69, 0x7A, 0x65, 0x5F, 0x32, 0x29, 0x29, 0x29, 0x29, 0x3B, 0x0A,
    0x20, 0x20, 0x20, 0x20, 0x20, 0x20, 0x63, 0x5F, 0x31, 0x20, 0x3D, 0x20,
    0x28, 0x63, 0x5F, 0x31, 0x20, 0x2B, 0x20, 0x74, 0x65, 0x78, 0x74, 0x75,
    0x72, 0x65, 0x20, 0x28, 0x73, 0x5F, 0x74, 0x65, 0x78, 0x74, 0x75, 0x72,
    0x65, 0x2C, 0x20, 0x28, 0x76, 0x5F, 0x74, 0x65, 0x78, 0x63, 0x6F, 0x6F,
    0x72, 0x64, 0x30, 0x20, 0x2B, 0x20, 0x28, 0x76, 0x65, 0x63, 0x32, 0x28,
    0x30, 0x2E, 0x30, 0x2C, 0x20, 0x31, 0x2E, 0x30, 0x29, 0x20, 0x2A, 0x20,
    0x73, 0x74, 0x65, 0x70, 0x53, 0x69, 0x7A, 0x65, 0x5F, 0x32, 0x29, 0x29,
    0x29, 0x29, 0x3B, 0x0A, 0x20, 0x20, 0x20, 0x20, 0x20, 0x20, 0x63, 0x5F,
    0x31, 0x20, 0x3D, 0x20, 0x28, 0x63, 0x5F, 0x31, 0x20, 0x2B, 0x20, 0x74,
    0x65, 0x78, 0x74, 0x75, 0x72, 0x65, 0x20, 0x28, 0x73, 0x5F, 0x74, 0x65,
    0x78, 0x74, 0x75, 0x72, 0x65, 0x2C, 0x20, 0x28, 0x76, 0x5F, 0x74, 0x65,
    0x78, 0x63, 0x6F, 0x6F, 0x72, 0x64, 0x30, 0x20, 0x2B, 0x20, 0x73, 0x74,
    0x65, 0x70, 0x53, 0x69, 0x7A, 0x65, 0x5F, 0x32, 0x29, 0x29, 0x29, 0x3B,
    0x0A, 0x20, 0x20, 0x20, 0x20, 0x20, 0x20, 0x63, 0x5F, 0x31, 0x20, 0x3D,
    0x20, 0x28, 0x63, 0x5F, 0x31, 0x20, 0x2F, 0x20, 0x39, 0x2E, 0x30, 0x29,
    0x3B, 0x0A, 0x20, 0x20, 0x20, 0x20, 0x7D, 0x20, 0x65, 0x6C, 0x73, 0x65,
    0x20, 0x7B, 0x0A, 0x20, 0x20, 0x20, 0x20, 0x20, 0x20, 0x69, 0x66, 0x20,
    0x28, 0x28, 0x69, 0x6E, 0x74, 0x28, 0x56, 0x46, 0x58, 0x50, 0x61, 0x72,
    0x61, 0x6D, 0x73, 0x5B, 0x32, 0x5D, 0x2E, 0x78, 0x29, 0x20, 0x3D, 0x3D,
    0x20, 0x33, 0x29, 0x29, 0x20, 0x7B, 0x0A, 0x20, 0x20, 0x20, 0x20, 0x20,
    0x20, 0x20, 0x20, 0x76, 0x65, 0x63, 0x32, 0x20, 0x74, 0x6D, 0x70, 0x76,
    0x61, 0x72, 0x5F, 0x33, 0x3B, 0x0A, 0x20, 0x20, 0x20, 0x20, 0x20, 0x20,
    0x20, 0x20, 0x74, 0x6D, 0x70, 0x76, 0x61, 0x72, 0x5F, 0x33, 0x2E, 0x78,
    0x20, 0x3D, 0x20, 0x56, 0x46, 0x58, 0x50, 0x61, 0x72, 0x61, 0x6D, 0x73,
    0x5B, 0x31, 0x5D, 0x2E, 0x7A, 0x3B, 0x0A, 0x20, 0x20, 0x20, 0x20, 0x20,
    0x20, 0x20, 0x20, 0x74, 0x6D, 0x70, 0x76, 0x61, 0x72, 0x5F, 0x33, 0x2E,
    0x79, 0x20, 0x3D, 0x20, 0x56, 0x46, 0x58, 0x50, 0x61, 0x72, 0x61, 0x6D,
    0x73, 0x5B, 0x31, 0x5D, 0x2E, 0x77, 0x3B, 0x0A, 0x20, 0x20, 0x20, 0x20,
    0x20, 0x20, 0x20, 0x20, 0x63, 0x5F, 0x31, 0x20, 0x3D, 0x20, 0x74, 0x65,
    0x78, 0x74, 0x75, 0x72, 0x65, 0x20, 0x28, 0x73, 0x5F, 0x74, 0x65, 0x78,
    0x74, 0x75, 0x72, 0x65, 0x2C, 0x20, 0x28, 0x76, 0x5F, 0x74, 0x65, 0x78,
    0x63, 0x6F, 0x6F, 0x72, 0x64, 0x30, 0x20, 0x2B, 0x20, 0x74, 0x6D, 0x70,
    0x76, 0x61, 0x72, 0x5F, 0x33, 0x29, 0x29, 0x3B, 0x0A, 0x20, 0x20, 0x20,
    0x20, 0x20, 0x20, 0x7D, 0x20, 0x65, 0x6C, 0x73, 0x65, 0x20, 0x7B, 0x0A,
    0x20, 0x20, 0x20, 0x20, 0x20, 0x20, 0x20, 0x20, 0x63, 0x5F, 0x31, 0x20,
    0x3D, 0x20, 0x74, 0x65, 0x78, 0x74, 0x75, 0x72, 0x65, 0x20, 0x28, 0x73,
    0x5F, 0x74, 0x65, 0x78, 0x74, 0x75, 0x72, 0x65, 0x2C, 0x20, 0x76, 0x5F,
    0x74, 0x65, 0x78, 0x63, 0x6F, 0x6F, 0x72, 0x64, 0x30, 0x29, 0x3B, 0x0A,
    0x20, 0x20, 0x20, 0x20, 0x20, 0x20, 0x7D, 0x3B, 0x0A, 0x20, 0x20, 0x20,
    0x20, 0x7D, 0x3B, 0x0A, 0x20, 0x20, 0x7D, 0x3B, 0x0A, 0x20, 0x20, 0x67,
    0x6C, 0x5F, 0x46, 0x72, 0x61, 0x67, 0x43, 0x6F, 0x6C, 0x6F, 0x72, 0x20,
    0x3D, 0x20, 0x63, 0x5F, 0x31, 0x3B, 0x0A, 0x7D, 0x0A, 0x0A, 0x00,
};
const size_t kEmbeddedGL_fs_vfx_size = 1523;

const uint8_t kEmbeddedGL_stretch_blt_fs[] = {
    0x46, 0x53, 0x48, 0x0B, 0x6F, 0x1E, 0x3E, 0x3C, 0x00, 0x00, 0x00, 0x00,
    0x02, 0x00, 0x09, 0x73, 0x5F, 0x74, 0x65, 0x78, 0x74, 0x75, 0x72, 0x65,
    0x00, 0x01, 0x00, 0x00, 0x01, 0x00, 0x00, 0x00, 0x00, 0x00, 0x0D, 0x53,
    0x74, 0x72, 0x65, 0x74, 0x63, 0x68, 0x50, 0x61, 0x72, 0x61, 0x6D, 0x73,
    0x02, 0x01, 0x00, 0x00, 0x01, 0x00, 0x00, 0x00, 0x00, 0x00, 0xBD, 0x00,
    0x00, 0x00, 0xCF, 0x00, 0x00, 0x00, 0x23, 0x76, 0x65, 0x72, 0x73, 0x69,
    0x6F, 0x6E, 0x20, 0x34, 0x33, 0x30, 0x20, 0x63, 0x6F, 0x72, 0x65, 0x0A,
    0x69, 0x6E, 0x20, 0x76, 0x65, 0x63, 0x32, 0x20, 0x76, 0x5F, 0x74, 0x65,
    0x78, 0x63, 0x6F, 0x6F, 0x72, 0x64, 0x30, 0x3B, 0x0A, 0x75, 0x6E, 0x69,
    0x66, 0x6F, 0x72, 0x6D, 0x20, 0x73, 0x61, 0x6D, 0x70, 0x6C, 0x65, 0x72,
    0x32, 0x44, 0x20, 0x73, 0x5F, 0x74, 0x65, 0x78, 0x74, 0x75, 0x72, 0x65,
    0x3B, 0x0A, 0x75, 0x6E, 0x69, 0x66, 0x6F, 0x72, 0x6D, 0x20, 0x76, 0x65,
    0x63, 0x34, 0x20, 0x53, 0x74, 0x72, 0x65, 0x74, 0x63, 0x68, 0x50, 0x61,
    0x72, 0x61, 0x6D, 0x73, 0x3B, 0x0A, 0x76, 0x6F, 0x69, 0x64, 0x20, 0x6D,
    0x61, 0x69, 0x6E, 0x20, 0x28, 0x29, 0x0A, 0x7B, 0x0A, 0x20, 0x20, 0x67,
    0x6C, 0x5F, 0x46, 0x72, 0x61, 0x67, 0x43, 0x6F, 0x6C, 0x6F, 0x72, 0x20,
    0x3D, 0x20, 0x74, 0x65, 0x78, 0x74, 0x75, 0x72, 0x65, 0x20, 0x28, 0x73,
    0x5F, 0x74, 0x65, 0x78, 0x74, 0x75, 0x72, 0x65, 0x2C, 0x20, 0x28, 0x53,
    0x74, 0x72, 0x65, 0x74, 0x63, 0x68, 0x50, 0x61, 0x72, 0x61, 0x6D, 0x73,
    0x2E, 0x78, 0x79, 0x20, 0x2B, 0x20, 0x28, 0x76, 0x5F, 0x74, 0x65, 0x78,
    0x63, 0x6F, 0x6F, 0x72, 0x64, 0x30, 0x20, 0x2A, 0x20, 0x53, 0x74, 0x72,
    0x65, 0x74, 0x63, 0x68, 0x50, 0x61, 0x72, 0x61, 0x6D, 0x73, 0x2E, 0x7A,
    0x77, 0x29, 0x29, 0x29, 0x3B, 0x0A, 0x7D, 0x0A, 0x0A, 0x00,
};
const size_t kEmbeddedGL_stretch_blt_fs_size = 274;

const uint8_t kEmbeddedGL_affine_blt_fs[] = {
    0x46, 0x53, 0x48, 0x0B, 0x6F, 0x1E, 0x3E, 0x3C, 0x00, 0x00, 0x00, 0x00,
    0x01, 0x00, 0x09, 0x73, 0x5F, 0x74, 0x65, 0x78, 0x74, 0x75, 0x72, 0x65,
    0x00, 0x01, 0x00, 0x00, 0x01, 0x00, 0x00, 0x00, 0x00, 0x00, 0x77, 0x00,
    0x00, 0x00, 0x89, 0x00, 0x00, 0x00, 0x23, 0x76, 0x65, 0x72, 0x73, 0x69,
    0x6F, 0x6E, 0x20, 0x34, 0x33, 0x30, 0x20, 0x63, 0x6F, 0x72, 0x65, 0x0A,
    0x69, 0x6E, 0x20, 0x76, 0x65, 0x63, 0x32, 0x20, 0x76, 0x5F, 0x74, 0x65,
    0x78, 0x63, 0x6F, 0x6F, 0x72, 0x64, 0x30, 0x3B, 0x0A, 0x75, 0x6E, 0x69,
    0x66, 0x6F, 0x72, 0x6D, 0x20, 0x73, 0x61, 0x6D, 0x70, 0x6C, 0x65, 0x72,
    0x32, 0x44, 0x20, 0x73, 0x5F, 0x74, 0x65, 0x78, 0x74, 0x75, 0x72, 0x65,
    0x3B, 0x0A, 0x76, 0x6F, 0x69, 0x64, 0x20, 0x6D, 0x61, 0x69, 0x6E, 0x20,
    0x28, 0x29, 0x0A, 0x7B, 0x0A, 0x20, 0x20, 0x67, 0x6C, 0x5F, 0x46, 0x72,
    0x61, 0x67, 0x43, 0x6F, 0x6C, 0x6F, 0x72, 0x20, 0x3D, 0x20, 0x74, 0x65,
    0x78, 0x74, 0x75, 0x72, 0x65, 0x20, 0x28, 0x73, 0x5F, 0x74, 0x65, 0x78,
    0x74, 0x75, 0x72, 0x65, 0x2C, 0x20, 0x76, 0x5F, 0x74, 0x65, 0x78, 0x63,
    0x6F, 0x6F, 0x72, 0x64, 0x30, 0x29, 0x3B, 0x0A, 0x7D, 0x0A, 0x0A, 0x00,
};
const size_t kEmbeddedGL_affine_blt_fs_size = 180;

} // namespace Caesura