// Auto-generated Metal (MSL) embedded shaders.
// Compiled from shaders/glsl/*.sc via bgfx shaderc.
#include "EmbeddedShaders.h"

namespace Caesura {

const uint8_t kEmbeddedMetal_vs_sprite[] = {
    0x56, 0x53, 0x48, 0x0B, 0x00, 0x00, 0x00, 0x00, 0x6F, 0x1E, 0x3E, 0x3C,
    0x00, 0x00, 0x46, 0x02, 0x00, 0x00, 0x23, 0x69, 0x6E, 0x63, 0x6C, 0x75,
    0x64, 0x65, 0x20, 0x3C, 0x6D, 0x65, 0x74, 0x61, 0x6C, 0x5F, 0x73, 0x74,
    0x64, 0x6C, 0x69, 0x62, 0x3E, 0x0A, 0x23, 0x69, 0x6E, 0x63, 0x6C, 0x75,
    0x64, 0x65, 0x20, 0x3C, 0x73, 0x69, 0x6D, 0x64, 0x2F, 0x73, 0x69, 0x6D,
    0x64, 0x2E, 0x68, 0x3E, 0x0A, 0x0A, 0x75, 0x73, 0x69, 0x6E, 0x67, 0x20,
    0x6E, 0x61, 0x6D, 0x65, 0x73, 0x70, 0x61, 0x63, 0x65, 0x20, 0x6D, 0x65,
    0x74, 0x61, 0x6C, 0x3B, 0x0A, 0x0A, 0x73, 0x74, 0x72, 0x75, 0x63, 0x74,
    0x20, 0x78, 0x6C, 0x61, 0x74, 0x4D, 0x74, 0x6C, 0x4D, 0x61, 0x69, 0x6E,
    0x5F, 0x6F, 0x75, 0x74, 0x0A, 0x7B, 0x0A, 0x09, 0x66, 0x6C, 0x6F, 0x61,
    0x74, 0x20, 0x62, 0x67, 0x66, 0x78, 0x5F, 0x6D, 0x65, 0x74, 0x61, 0x6C,
    0x5F, 0x70, 0x6F, 0x69, 0x6E, 0x74, 0x53, 0x69, 0x7A, 0x65, 0x20, 0x5B,
    0x5B, 0x70, 0x6F, 0x69, 0x6E, 0x74, 0x5F, 0x73, 0x69, 0x7A, 0x65, 0x5D,
    0x5D, 0x20, 0x3D, 0x20, 0x31, 0x3B, 0x0A, 0x20, 0x20, 0x20, 0x20, 0x66,
    0x6C, 0x6F, 0x61, 0x74, 0x32, 0x20, 0x5F, 0x65, 0x6E, 0x74, 0x72, 0x79,
    0x50, 0x6F, 0x69, 0x6E, 0x74, 0x4F, 0x75, 0x74, 0x70, 0x75, 0x74, 0x5F,
    0x76, 0x5F, 0x74, 0x65, 0x78, 0x63, 0x6F, 0x6F, 0x72, 0x64, 0x30, 0x20,
    0x5B, 0x5B, 0x75, 0x73, 0x65, 0x72, 0x28, 0x6C, 0x6F, 0x63, 0x6E, 0x30,
    0x29, 0x5D, 0x5D, 0x3B, 0x0A, 0x20, 0x20, 0x20, 0x20, 0x66, 0x6C, 0x6F,
    0x61, 0x74, 0x34, 0x20, 0x67, 0x6C, 0x5F, 0x50, 0x6F, 0x73, 0x69, 0x74,
    0x69, 0x6F, 0x6E, 0x20, 0x5B, 0x5B, 0x70, 0x6F, 0x73, 0x69, 0x74, 0x69,
    0x6F, 0x6E, 0x5D, 0x5D, 0x3B, 0x0A, 0x7D, 0x3B, 0x0A, 0x0A, 0x73, 0x74,
    0x72, 0x75, 0x63, 0x74, 0x20, 0x78, 0x6C, 0x61, 0x74, 0x4D, 0x74, 0x6C,
    0x4D, 0x61, 0x69, 0x6E, 0x5F, 0x69, 0x6E, 0x0A, 0x7B, 0x0A, 0x20, 0x20,
    0x20, 0x20, 0x66, 0x6C, 0x6F, 0x61, 0x74, 0x32, 0x20, 0x61, 0x5F, 0x70,
    0x6F, 0x73, 0x69, 0x74, 0x69, 0x6F, 0x6E, 0x20, 0x5B, 0x5B, 0x61, 0x74,
    0x74, 0x72, 0x69, 0x62, 0x75, 0x74, 0x65, 0x28, 0x30, 0x29, 0x5D, 0x5D,
    0x3B, 0x0A, 0x20, 0x20, 0x20, 0x20, 0x66, 0x6C, 0x6F, 0x61, 0x74, 0x32,
    0x20, 0x61, 0x5F, 0x74, 0x65, 0x78, 0x63, 0x6F, 0x6F, 0x72, 0x64, 0x30,
    0x20, 0x5B, 0x5B, 0x61, 0x74, 0x74, 0x72, 0x69, 0x62, 0x75, 0x74, 0x65,
    0x28, 0x31, 0x29, 0x5D, 0x5D, 0x3B, 0x0A, 0x7D, 0x3B, 0x0A, 0x0A, 0x76,
    0x65, 0x72, 0x74, 0x65, 0x78, 0x20, 0x78, 0x6C, 0x61, 0x74, 0x4D, 0x74,
    0x6C, 0x4D, 0x61, 0x69, 0x6E, 0x5F, 0x6F, 0x75, 0x74, 0x20, 0x78, 0x6C,
    0x61, 0x74, 0x4D, 0x74, 0x6C, 0x4D, 0x61, 0x69, 0x6E, 0x28, 0x78, 0x6C,
    0x61, 0x74, 0x4D, 0x74, 0x6C, 0x4D, 0x61, 0x69, 0x6E, 0x5F, 0x69, 0x6E,
    0x20, 0x69, 0x6E, 0x20, 0x5B, 0x5B, 0x73, 0x74, 0x61, 0x67, 0x65, 0x5F,
    0x69, 0x6E, 0x5D, 0x5D, 0x29, 0x0A, 0x7B, 0x0A, 0x20, 0x20, 0x20, 0x20,
    0x78, 0x6C, 0x61, 0x74, 0x4D, 0x74, 0x6C, 0x4D, 0x61, 0x69, 0x6E, 0x5F,
    0x6F, 0x75, 0x74, 0x20, 0x6F, 0x75, 0x74, 0x20, 0x3D, 0x20, 0x7B, 0x7D,
    0x3B, 0x0A, 0x20, 0x20, 0x20, 0x20, 0x6F, 0x75, 0x74, 0x2E, 0x67, 0x6C,
    0x5F, 0x50, 0x6F, 0x73, 0x69, 0x74, 0x69, 0x6F, 0x6E, 0x20, 0x3D, 0x20,
    0x66, 0x6C, 0x6F, 0x61, 0x74, 0x34, 0x28, 0x69, 0x6E, 0x2E, 0x61, 0x5F,
    0x70, 0x6F, 0x73, 0x69, 0x74, 0x69, 0x6F, 0x6E, 0x2C, 0x20, 0x30, 0x2E,
    0x30, 0x2C, 0x20, 0x31, 0x2E, 0x30, 0x29, 0x3B, 0x0A, 0x20, 0x20, 0x20,
    0x20, 0x6F, 0x75, 0x74, 0x2E, 0x5F, 0x65, 0x6E, 0x74, 0x72, 0x79, 0x50,
    0x6F, 0x69, 0x6E, 0x74, 0x4F, 0x75, 0x74, 0x70, 0x75, 0x74, 0x5F, 0x76,
    0x5F, 0x74, 0x65, 0x78, 0x63, 0x6F, 0x6F, 0x72, 0x64, 0x30, 0x20, 0x3D,
    0x20, 0x69, 0x6E, 0x2E, 0x61, 0x5F, 0x74, 0x65, 0x78, 0x63, 0x6F, 0x6F,
    0x72, 0x64, 0x30, 0x3B, 0x0A, 0x20, 0x20, 0x20, 0x20, 0x72, 0x65, 0x74,
    0x75, 0x72, 0x6E, 0x20, 0x6F, 0x75, 0x74, 0x3B, 0x0A, 0x7D, 0x0A, 0x0A,
    0x00, 0x02, 0x01, 0x00, 0x10, 0x00, 0x00, 0x00,
};
const size_t kEmbeddedMetal_vs_sprite_size = 608;

const uint8_t kEmbeddedMetal_vs_fullscreen[] = {
    0x56, 0x53, 0x48, 0x0B, 0x00, 0x00, 0x00, 0x00, 0x6F, 0x1E, 0x3E, 0x3C,
    0x00, 0x00, 0x7B, 0x02, 0x00, 0x00, 0x23, 0x69, 0x6E, 0x63, 0x6C, 0x75,
    0x64, 0x65, 0x20, 0x3C, 0x6D, 0x65, 0x74, 0x61, 0x6C, 0x5F, 0x73, 0x74,
    0x64, 0x6C, 0x69, 0x62, 0x3E, 0x0A, 0x23, 0x69, 0x6E, 0x63, 0x6C, 0x75,
    0x64, 0x65, 0x20, 0x3C, 0x73, 0x69, 0x6D, 0x64, 0x2F, 0x73, 0x69, 0x6D,
    0x64, 0x2E, 0x68, 0x3E, 0x0A, 0x0A, 0x75, 0x73, 0x69, 0x6E, 0x67, 0x20,
    0x6E, 0x61, 0x6D, 0x65, 0x73, 0x70, 0x61, 0x63, 0x65, 0x20, 0x6D, 0x65,
    0x74, 0x61, 0x6C, 0x3B, 0x0A, 0x0A, 0x73, 0x74, 0x72, 0x75, 0x63, 0x74,
    0x20, 0x78, 0x6C, 0x61, 0x74, 0x4D, 0x74, 0x6C, 0x4D, 0x61, 0x69, 0x6E,
    0x5F, 0x6F, 0x75, 0x74, 0x0A, 0x7B, 0x0A, 0x09, 0x66, 0x6C, 0x6F, 0x61,
    0x74, 0x20, 0x62, 0x67, 0x66, 0x78, 0x5F, 0x6D, 0x65, 0x74, 0x61, 0x6C,
    0x5F, 0x70, 0x6F, 0x69, 0x6E, 0x74, 0x53, 0x69, 0x7A, 0x65, 0x20, 0x5B,
    0x5B, 0x70, 0x6F, 0x69, 0x6E, 0x74, 0x5F, 0x73, 0x69, 0x7A, 0x65, 0x5D,
    0x5D, 0x20, 0x3D, 0x20, 0x31, 0x3B, 0x0A, 0x20, 0x20, 0x20, 0x20, 0x66,
    0x6C, 0x6F, 0x61, 0x74, 0x32, 0x20, 0x5F, 0x65, 0x6E, 0x74, 0x72, 0x79,
    0x50, 0x6F, 0x69, 0x6E, 0x74, 0x4F, 0x75, 0x74, 0x70, 0x75, 0x74, 0x5F,
    0x76, 0x5F, 0x74, 0x65, 0x78, 0x63, 0x6F, 0x6F, 0x72, 0x64, 0x30, 0x20,
    0x5B, 0x5B, 0x75, 0x73, 0x65, 0x72, 0x28, 0x6C, 0x6F, 0x63, 0x6E, 0x30,
    0x29, 0x5D, 0x5D, 0x3B, 0x0A, 0x20, 0x20, 0x20, 0x20, 0x66, 0x6C, 0x6F,
    0x61, 0x74, 0x34, 0x20, 0x67, 0x6C, 0x5F, 0x50, 0x6F, 0x73, 0x69, 0x74,
    0x69, 0x6F, 0x6E, 0x20, 0x5B, 0x5B, 0x70, 0x6F, 0x73, 0x69, 0x74, 0x69,
    0x6F, 0x6E, 0x5D, 0x5D, 0x3B, 0x0A, 0x7D, 0x3B, 0x0A, 0x0A, 0x76, 0x65,
    0x72, 0x74, 0x65, 0x78, 0x20, 0x78, 0x6C, 0x61, 0x74, 0x4D, 0x74, 0x6C,
    0x4D, 0x61, 0x69, 0x6E, 0x5F, 0x6F, 0x75, 0x74, 0x20, 0x78, 0x6C, 0x61,
    0x74, 0x4D, 0x74, 0x6C, 0x4D, 0x61, 0x69, 0x6E, 0x28, 0x75, 0x69, 0x6E,
    0x74, 0x20, 0x67, 0x6C, 0x5F, 0x56, 0x65, 0x72, 0x74, 0x65, 0x78, 0x49,
    0x6E, 0x64, 0x65, 0x78, 0x20, 0x5B, 0x5B, 0x76, 0x65, 0x72, 0x74, 0x65,
    0x78, 0x5F, 0x69, 0x64, 0x5D, 0x5D, 0x29, 0x0A, 0x7B, 0x0A, 0x20, 0x20,
    0x20, 0x20, 0x78, 0x6C, 0x61, 0x74, 0x4D, 0x74, 0x6C, 0x4D, 0x61, 0x69,
    0x6E, 0x5F, 0x6F, 0x75, 0x74, 0x20, 0x6F, 0x75, 0x74, 0x20, 0x3D, 0x20,
    0x7B, 0x7D, 0x3B, 0x0A, 0x20, 0x20, 0x20, 0x20, 0x66, 0x6C, 0x6F, 0x61,
    0x74, 0x32, 0x20, 0x5F, 0x31, 0x30, 0x37, 0x20, 0x3D, 0x20, 0x66, 0x6C,
    0x6F, 0x61, 0x74, 0x32, 0x28, 0x66, 0x6C, 0x6F, 0x61, 0x74, 0x28, 0x28,
    0x67, 0x6C, 0x5F, 0x56, 0x65, 0x72, 0x74, 0x65, 0x78, 0x49, 0x6E, 0x64,
    0x65, 0x78, 0x20, 0x3C, 0x3C, 0x20, 0x75, 0x69, 0x6E, 0x74, 0x28, 0x31,
    0x29, 0x29, 0x20, 0x26, 0x20, 0x32, 0x75, 0x29, 0x2C, 0x20, 0x66, 0x6C,
    0x6F, 0x61, 0x74, 0x28, 0x67, 0x6C, 0x5F, 0x56, 0x65, 0x72, 0x74, 0x65,
    0x78, 0x49, 0x6E, 0x64, 0x65, 0x78, 0x20, 0x26, 0x20, 0x32, 0x75, 0x29,
    0x29, 0x3B, 0x0A, 0x20, 0x20, 0x20, 0x20, 0x6F, 0x75, 0x74, 0x2E, 0x67,
    0x6C, 0x5F, 0x50, 0x6F, 0x73, 0x69, 0x74, 0x69, 0x6F, 0x6E, 0x20, 0x3D,
    0x20, 0x66, 0x6C, 0x6F, 0x61, 0x74, 0x34, 0x28, 0x28, 0x5F, 0x31, 0x30,
    0x37, 0x20, 0x2A, 0x20, 0x66, 0x6C, 0x6F, 0x61, 0x74, 0x32, 0x28, 0x32,
    0x2E, 0x30, 0x2C, 0x20, 0x2D, 0x32, 0x2E, 0x30, 0x29, 0x29, 0x20, 0x2B,
    0x20, 0x66, 0x6C, 0x6F, 0x61, 0x74, 0x32, 0x28, 0x2D, 0x31, 0x2E, 0x30,
    0x2C, 0x20, 0x31, 0x2E, 0x30, 0x29, 0x2C, 0x20, 0x30, 0x2E, 0x30, 0x2C,
    0x20, 0x31, 0x2E, 0x30, 0x29, 0x3B, 0x0A, 0x20, 0x20, 0x20, 0x20, 0x6F,
    0x75, 0x74, 0x2E, 0x5F, 0x65, 0x6E, 0x74, 0x72, 0x79, 0x50, 0x6F, 0x69,
    0x6E, 0x74, 0x4F, 0x75, 0x74, 0x70, 0x75, 0x74, 0x5F, 0x76, 0x5F, 0x74,
    0x65, 0x78, 0x63, 0x6F, 0x6F, 0x72, 0x64, 0x30, 0x20, 0x3D, 0x20, 0x28,
    0x5F, 0x31, 0x30, 0x37, 0x20, 0x2A, 0x20, 0x66, 0x6C, 0x6F, 0x61, 0x74,
    0x32, 0x28, 0x30, 0x2E, 0x35, 0x2C, 0x20, 0x2D, 0x30, 0x2E, 0x35, 0x29,
    0x29, 0x20, 0x2B, 0x20, 0x66, 0x6C, 0x6F, 0x61, 0x74, 0x32, 0x28, 0x30,
    0x2E, 0x30, 0x2C, 0x20, 0x31, 0x2E, 0x30, 0x29, 0x3B, 0x0A, 0x20, 0x20,
    0x20, 0x20, 0x72, 0x65, 0x74, 0x75, 0x72, 0x6E, 0x20, 0x6F, 0x75, 0x74,
    0x3B, 0x0A, 0x7D, 0x0A, 0x0A, 0x00, 0x01, 0xFF, 0xFF, 0x00, 0x00,
};
const size_t kEmbeddedMetal_vs_fullscreen_size = 659;

const uint8_t kEmbeddedMetal_stretch_blt_vs[] = {
    0x56, 0x53, 0x48, 0x0B, 0x00, 0x00, 0x00, 0x00, 0x6F, 0x1E, 0x3E, 0x3C,
    0x00, 0x00, 0x5C, 0x02, 0x00, 0x00, 0x23, 0x69, 0x6E, 0x63, 0x6C, 0x75,
    0x64, 0x65, 0x20, 0x3C, 0x6D, 0x65, 0x74, 0x61, 0x6C, 0x5F, 0x73, 0x74,
    0x64, 0x6C, 0x69, 0x62, 0x3E, 0x0A, 0x23, 0x69, 0x6E, 0x63, 0x6C, 0x75,
    0x64, 0x65, 0x20, 0x3C, 0x73, 0x69, 0x6D, 0x64, 0x2F, 0x73, 0x69, 0x6D,
    0x64, 0x2E, 0x68, 0x3E, 0x0A, 0x0A, 0x75, 0x73, 0x69, 0x6E, 0x67, 0x20,
    0x6E, 0x61, 0x6D, 0x65, 0x73, 0x70, 0x61, 0x63, 0x65, 0x20, 0x6D, 0x65,
    0x74, 0x61, 0x6C, 0x3B, 0x0A, 0x0A, 0x73, 0x74, 0x72, 0x75, 0x63, 0x74,
    0x20, 0x78, 0x6C, 0x61, 0x74, 0x4D, 0x74, 0x6C, 0x4D, 0x61, 0x69, 0x6E,
    0x5F, 0x6F, 0x75, 0x74, 0x0A, 0x7B, 0x0A, 0x09, 0x66, 0x6C, 0x6F, 0x61,
    0x74, 0x20, 0x62, 0x67, 0x66, 0x78, 0x5F, 0x6D, 0x65, 0x74, 0x61, 0x6C,
    0x5F, 0x70, 0x6F, 0x69, 0x6E, 0x74, 0x53, 0x69, 0x7A, 0x65, 0x20, 0x5B,
    0x5B, 0x70, 0x6F, 0x69, 0x6E, 0x74, 0x5F, 0x73, 0x69, 0x7A, 0x65, 0x5D,
    0x5D, 0x20, 0x3D, 0x20, 0x31, 0x3B, 0x0A, 0x20, 0x20, 0x20, 0x20, 0x66,
    0x6C, 0x6F, 0x61, 0x74, 0x32, 0x20, 0x5F, 0x65, 0x6E, 0x74, 0x72, 0x79,
    0x50, 0x6F, 0x69, 0x6E, 0x74, 0x4F, 0x75, 0x74, 0x70, 0x75, 0x74, 0x5F,
    0x76, 0x5F, 0x74, 0x65, 0x78, 0x63, 0x6F, 0x6F, 0x72, 0x64, 0x30, 0x20,
    0x5B, 0x5B, 0x75, 0x73, 0x65, 0x72, 0x28, 0x6C, 0x6F, 0x63, 0x6E, 0x30,
    0x29, 0x5D, 0x5D, 0x3B, 0x0A, 0x20, 0x20, 0x20, 0x20, 0x66, 0x6C, 0x6F,
    0x61, 0x74, 0x34, 0x20, 0x67, 0x6C, 0x5F, 0x50, 0x6F, 0x73, 0x69, 0x74,
    0x69, 0x6F, 0x6E, 0x20, 0x5B, 0x5B, 0x70, 0x6F, 0x73, 0x69, 0x74, 0x69,
    0x6F, 0x6E, 0x5D, 0x5D, 0x3B, 0x0A, 0x7D, 0x3B, 0x0A, 0x0A, 0x73, 0x74,
    0x72, 0x75, 0x63, 0x74, 0x20, 0x78, 0x6C, 0x61, 0x74, 0x4D, 0x74, 0x6C,
    0x4D, 0x61, 0x69, 0x6E, 0x5F, 0x69, 0x6E, 0x0A, 0x7B, 0x0A, 0x20, 0x20,
    0x20, 0x20, 0x66, 0x6C, 0x6F, 0x61, 0x74, 0x32, 0x20, 0x61, 0x5F, 0x70,
    0x6F, 0x73, 0x69, 0x74, 0x69, 0x6F, 0x6E, 0x20, 0x5B, 0x5B, 0x61, 0x74,
    0x74, 0x72, 0x69, 0x62, 0x75, 0x74, 0x65, 0x28, 0x30, 0x29, 0x5D, 0x5D,
    0x3B, 0x0A, 0x20, 0x20, 0x20, 0x20, 0x66, 0x6C, 0x6F, 0x61, 0x74, 0x32,
    0x20, 0x61, 0x5F, 0x74, 0x65, 0x78, 0x63, 0x6F, 0x6F, 0x72, 0x64, 0x30,
    0x20, 0x5B, 0x5B, 0x61, 0x74, 0x74, 0x72, 0x69, 0x62, 0x75, 0x74, 0x65,
    0x28, 0x31, 0x29, 0x5D, 0x5D, 0x3B, 0x0A, 0x7D, 0x3B, 0x0A, 0x0A, 0x76,
    0x65, 0x72, 0x74, 0x65, 0x78, 0x20, 0x78, 0x6C, 0x61, 0x74, 0x4D, 0x74,
    0x6C, 0x4D, 0x61, 0x69, 0x6E, 0x5F, 0x6F, 0x75, 0x74, 0x20, 0x78, 0x6C,
    0x61, 0x74, 0x4D, 0x74, 0x6C, 0x4D, 0x61, 0x69, 0x6E, 0x28, 0x78, 0x6C,
    0x61, 0x74, 0x4D, 0x74, 0x6C, 0x4D, 0x61, 0x69, 0x6E, 0x5F, 0x69, 0x6E,
    0x20, 0x69, 0x6E, 0x20, 0x5B, 0x5B, 0x73, 0x74, 0x61, 0x67, 0x65, 0x5F,
    0x69, 0x6E, 0x5D, 0x5D, 0x29, 0x0A, 0x7B, 0x0A, 0x20, 0x20, 0x20, 0x20,
    0x78, 0x6C, 0x61, 0x74, 0x4D, 0x74, 0x6C, 0x4D, 0x61, 0x69, 0x6E, 0x5F,
    0x6F, 0x75, 0x74, 0x20, 0x6F, 0x75, 0x74, 0x20, 0x3D, 0x20, 0x7B, 0x7D,
    0x3B, 0x0A, 0x20, 0x20, 0x20, 0x20, 0x6F, 0x75, 0x74, 0x2E, 0x67, 0x6C,
    0x5F, 0x50, 0x6F, 0x73, 0x69, 0x74, 0x69, 0x6F, 0x6E, 0x20, 0x3D, 0x20,
    0x66, 0x6C, 0x6F, 0x61, 0x74, 0x34, 0x28, 0x28, 0x69, 0x6E, 0x2E, 0x61,
    0x5F, 0x70, 0x6F, 0x73, 0x69, 0x74, 0x69, 0x6F, 0x6E, 0x20, 0x2A, 0x20,
    0x32, 0x2E, 0x30, 0x29, 0x20, 0x2D, 0x20, 0x66, 0x6C, 0x6F, 0x61, 0x74,
    0x32, 0x28, 0x31, 0x2E, 0x30, 0x29, 0x2C, 0x20, 0x30, 0x2E, 0x30, 0x2C,
    0x20, 0x31, 0x2E, 0x30, 0x29, 0x3B, 0x0A, 0x20, 0x20, 0x20, 0x20, 0x6F,
    0x75, 0x74, 0x2E, 0x5F, 0x65, 0x6E, 0x74, 0x72, 0x79, 0x50, 0x6F, 0x69,
    0x6E, 0x74, 0x4F, 0x75, 0x74, 0x70, 0x75, 0x74, 0x5F, 0x76, 0x5F, 0x74,
    0x65, 0x78, 0x63, 0x6F, 0x6F, 0x72, 0x64, 0x30, 0x20, 0x3D, 0x20, 0x69,
    0x6E, 0x2E, 0x61, 0x5F, 0x74, 0x65, 0x78, 0x63, 0x6F, 0x6F, 0x72, 0x64,
    0x30, 0x3B, 0x0A, 0x20, 0x20, 0x20, 0x20, 0x72, 0x65, 0x74, 0x75, 0x72,
    0x6E, 0x20, 0x6F, 0x75, 0x74, 0x3B, 0x0A, 0x7D, 0x0A, 0x0A, 0x00, 0x02,
    0x01, 0x00, 0x10, 0x00, 0x00, 0x00,
};
const size_t kEmbeddedMetal_stretch_blt_vs_size = 630;

const uint8_t kEmbeddedMetal_affine_blt_vs[] = {
    0x56, 0x53, 0x48, 0x0B, 0x00, 0x00, 0x00, 0x00, 0x6F, 0x1E, 0x3E, 0x3C,
    0x01, 0x00, 0x0C, 0x41, 0x66, 0x66, 0x69, 0x6E, 0x65, 0x50, 0x61, 0x72,
    0x61, 0x6D, 0x73, 0x02, 0x03, 0x00, 0x00, 0x03, 0x00, 0x00, 0x00, 0x00,
    0x00, 0xB2, 0x03, 0x00, 0x00, 0x23, 0x69, 0x6E, 0x63, 0x6C, 0x75, 0x64,
    0x65, 0x20, 0x3C, 0x6D, 0x65, 0x74, 0x61, 0x6C, 0x5F, 0x73, 0x74, 0x64,
    0x6C, 0x69, 0x62, 0x3E, 0x0A, 0x23, 0x69, 0x6E, 0x63, 0x6C, 0x75, 0x64,
    0x65, 0x20, 0x3C, 0x73, 0x69, 0x6D, 0x64, 0x2F, 0x73, 0x69, 0x6D, 0x64,
    0x2E, 0x68, 0x3E, 0x0A, 0x0A, 0x75, 0x73, 0x69, 0x6E, 0x67, 0x20, 0x6E,
    0x61, 0x6D, 0x65, 0x73, 0x70, 0x61, 0x63, 0x65, 0x20, 0x6D, 0x65, 0x74,
    0x61, 0x6C, 0x3B, 0x0A, 0x0A, 0x73, 0x74, 0x72, 0x75, 0x63, 0x74, 0x20,
    0x5F, 0x47, 0x6C, 0x6F, 0x62, 0x61, 0x6C, 0x0A, 0x7B, 0x0A, 0x20, 0x20,
    0x20, 0x20, 0x66, 0x6C, 0x6F, 0x61, 0x74, 0x34, 0x20, 0x41, 0x66, 0x66,
    0x69, 0x6E, 0x65, 0x50, 0x61, 0x72, 0x61, 0x6D, 0x73, 0x5B, 0x34, 0x5D,
    0x3B, 0x0A, 0x7D, 0x3B, 0x0A, 0x0A, 0x73, 0x74, 0x72, 0x75, 0x63, 0x74,
    0x20, 0x78, 0x6C, 0x61, 0x74, 0x4D, 0x74, 0x6C, 0x4D, 0x61, 0x69, 0x6E,
    0x5F, 0x6F, 0x75, 0x74, 0x0A, 0x7B, 0x0A, 0x09, 0x66, 0x6C, 0x6F, 0x61,
    0x74, 0x20, 0x62, 0x67, 0x66, 0x78, 0x5F, 0x6D, 0x65, 0x74, 0x61, 0x6C,
    0x5F, 0x70, 0x6F, 0x69, 0x6E, 0x74, 0x53, 0x69, 0x7A, 0x65, 0x20, 0x5B,
    0x5B, 0x70, 0x6F, 0x69, 0x6E, 0x74, 0x5F, 0x73, 0x69, 0x7A, 0x65, 0x5D,
    0x5D, 0x20, 0x3D, 0x20, 0x31, 0x3B, 0x0A, 0x20, 0x20, 0x20, 0x20, 0x66,
    0x6C, 0x6F, 0x61, 0x74, 0x32, 0x20, 0x5F, 0x65, 0x6E, 0x74, 0x72, 0x79,
    0x50, 0x6F, 0x69, 0x6E, 0x74, 0x4F, 0x75, 0x74, 0x70, 0x75, 0x74, 0x5F,
    0x76, 0x5F, 0x74, 0x65, 0x78, 0x63, 0x6F, 0x6F, 0x72, 0x64, 0x30, 0x20,
    0x5B, 0x5B, 0x75, 0x73, 0x65, 0x72, 0x28, 0x6C, 0x6F, 0x63, 0x6E, 0x30,
    0x29, 0x5D, 0x5D, 0x3B, 0x0A, 0x20, 0x20, 0x20, 0x20, 0x66, 0x6C, 0x6F,
    0x61, 0x74, 0x34, 0x20, 0x67, 0x6C, 0x5F, 0x50, 0x6F, 0x73, 0x69, 0x74,
    0x69, 0x6F, 0x6E, 0x20, 0x5B, 0x5B, 0x70, 0x6F, 0x73, 0x69, 0x74, 0x69,
    0x6F, 0x6E, 0x5D, 0x5D, 0x3B, 0x0A, 0x7D, 0x3B, 0x0A, 0x0A, 0x73, 0x74,
    0x72, 0x75, 0x63, 0x74, 0x20, 0x78, 0x6C, 0x61, 0x74, 0x4D, 0x74, 0x6C,
    0x4D, 0x61, 0x69, 0x6E, 0x5F, 0x69, 0x6E, 0x0A, 0x7B, 0x0A, 0x20, 0x20,
    0x20, 0x20, 0x66, 0x6C, 0x6F, 0x61, 0x74, 0x32, 0x20, 0x61, 0x5F, 0x70,
    0x6F, 0x73, 0x69, 0x74, 0x69, 0x6F, 0x6E, 0x20, 0x5B, 0x5B, 0x61, 0x74,
    0x74, 0x72, 0x69, 0x62, 0x75, 0x74, 0x65, 0x28, 0x30, 0x29, 0x5D, 0x5D,
    0x3B, 0x0A, 0x7D, 0x3B, 0x0A, 0x0A, 0x76, 0x65, 0x72, 0x74, 0x65, 0x78,
    0x20, 0x78, 0x6C, 0x61, 0x74, 0x4D, 0x74, 0x6C, 0x4D, 0x61, 0x69, 0x6E,
    0x5F, 0x6F, 0x75, 0x74, 0x20, 0x78, 0x6C, 0x61, 0x74, 0x4D, 0x74, 0x6C,
    0x4D, 0x61, 0x69, 0x6E, 0x28, 0x78, 0x6C, 0x61, 0x74, 0x4D, 0x74, 0x6C,
    0x4D, 0x61, 0x69, 0x6E, 0x5F, 0x69, 0x6E, 0x20, 0x69, 0x6E, 0x20, 0x5B,
    0x5B, 0x73, 0x74, 0x61, 0x67, 0x65, 0x5F, 0x69, 0x6E, 0x5D, 0x5D, 0x2C,
    0x20, 0x63, 0x6F, 0x6E, 0x73, 0x74, 0x61, 0x6E, 0x74, 0x20, 0x5F, 0x47,
    0x6C, 0x6F, 0x62, 0x61, 0x6C, 0x26, 0x20, 0x5F, 0x6D, 0x74, 0x6C, 0x5F,
    0x75, 0x20, 0x5B, 0x5B, 0x62, 0x75, 0x66, 0x66, 0x65, 0x72, 0x28, 0x30,
    0x29, 0x5D, 0x5D, 0x29, 0x0A, 0x7B, 0x0A, 0x20, 0x20, 0x20, 0x20, 0x78,
    0x6C, 0x61, 0x74, 0x4D, 0x74, 0x6C, 0x4D, 0x61, 0x69, 0x6E, 0x5F, 0x6F,
    0x75, 0x74, 0x20, 0x6F, 0x75, 0x74, 0x20, 0x3D, 0x20, 0x7B, 0x7D, 0x3B,
    0x0A, 0x20, 0x20, 0x20, 0x20, 0x6F, 0x75, 0x74, 0x2E, 0x67, 0x6C, 0x5F,
    0x50, 0x6F, 0x73, 0x69, 0x74, 0x69, 0x6F, 0x6E, 0x20, 0x3D, 0x20, 0x66,
    0x6C, 0x6F, 0x61, 0x74, 0x34, 0x28, 0x28, 0x69, 0x6E, 0x2E, 0x61, 0x5F,
    0x70, 0x6F, 0x73, 0x69, 0x74, 0x69, 0x6F, 0x6E, 0x20, 0x2A, 0x20, 0x32,
    0x2E, 0x30, 0x29, 0x20, 0x2D, 0x20, 0x66, 0x6C, 0x6F, 0x61, 0x74, 0x32,
    0x28, 0x31, 0x2E, 0x30, 0x29, 0x2C, 0x20, 0x30, 0x2E, 0x30, 0x2C, 0x20,
    0x31, 0x2E, 0x30, 0x29, 0x3B, 0x0A, 0x20, 0x20, 0x20, 0x20, 0x6F, 0x75,
    0x74, 0x2E, 0x5F, 0x65, 0x6E, 0x74, 0x72, 0x79, 0x50, 0x6F, 0x69, 0x6E,
    0x74, 0x4F, 0x75, 0x74, 0x70, 0x75, 0x74, 0x5F, 0x76, 0x5F, 0x74, 0x65,
    0x78, 0x63, 0x6F, 0x6F, 0x72, 0x64, 0x30, 0x20, 0x3D, 0x20, 0x5F, 0x6D,
    0x74, 0x6C, 0x5F, 0x75, 0x2E, 0x41, 0x66, 0x66, 0x69, 0x6E, 0x65, 0x50,
    0x61, 0x72, 0x61, 0x6D, 0x73, 0x5B, 0x32, 0x5D, 0x2E, 0x78, 0x79, 0x20,
    0x2B, 0x20, 0x28, 0x66, 0x6C, 0x6F, 0x61, 0x74, 0x32, 0x28, 0x28, 0x28,
    0x5F, 0x6D, 0x74, 0x6C, 0x5F, 0x75, 0x2E, 0x41, 0x66, 0x66, 0x69, 0x6E,
    0x65, 0x50, 0x61, 0x72, 0x61, 0x6D, 0x73, 0x5B, 0x30, 0x5D, 0x2E, 0x78,
    0x20, 0x2A, 0x20, 0x69, 0x6E, 0x2E, 0x61, 0x5F, 0x70, 0x6F, 0x73, 0x69,
    0x74, 0x69, 0x6F, 0x6E, 0x2E, 0x78, 0x29, 0x20, 0x2B, 0x20, 0x28, 0x5F,
    0x6D, 0x74, 0x6C, 0x5F, 0x75, 0x2E, 0x41, 0x66, 0x66, 0x69, 0x6E, 0x65,
    0x50, 0x61, 0x72, 0x61, 0x6D, 0x73, 0x5B, 0x30, 0x5D, 0x2E, 0x79, 0x20,
    0x2A, 0x20, 0x69, 0x6E, 0x2E, 0x61, 0x5F, 0x70, 0x6F, 0x73, 0x69, 0x74,
    0x69, 0x6F, 0x6E, 0x2E, 0x79, 0x29, 0x29, 0x20, 0x2B, 0x20, 0x5F, 0x6D,
    0x74, 0x6C, 0x5F, 0x75, 0x2E, 0x41, 0x66, 0x66, 0x69, 0x6E, 0x65, 0x50,
    0x61, 0x72, 0x61, 0x6D, 0x73, 0x5B, 0x30, 0x5D, 0x2E, 0x7A, 0x2C, 0x20,
    0x28, 0x28, 0x5F, 0x6D, 0x74, 0x6C, 0x5F, 0x75, 0x2E, 0x41, 0x66, 0x66,
    0x69, 0x6E, 0x65, 0x50, 0x61, 0x72, 0x61, 0x6D, 0x73, 0x5B, 0x31, 0x5D,
    0x2E, 0x78, 0x20, 0x2A, 0x20, 0x69, 0x6E, 0x2E, 0x61, 0x5F, 0x70, 0x6F,
    0x73, 0x69, 0x74, 0x69, 0x6F, 0x6E, 0x2E, 0x78, 0x29, 0x20, 0x2B, 0x20,
    0x28, 0x5F, 0x6D, 0x74, 0x6C, 0x5F, 0x75, 0x2E, 0x41, 0x66, 0x66, 0x69,
    0x6E, 0x65, 0x50, 0x61, 0x72, 0x61, 0x6D, 0x73, 0x5B, 0x31, 0x5D, 0x2E,
    0x79, 0x20, 0x2A, 0x20, 0x69, 0x6E, 0x2E, 0x61, 0x5F, 0x70, 0x6F, 0x73,
    0x69, 0x74, 0x69, 0x6F, 0x6E, 0x2E, 0x79, 0x29, 0x29, 0x20, 0x2B, 0x20,
    0x5F, 0x6D, 0x74, 0x6C, 0x5F, 0x75, 0x2E, 0x41, 0x66, 0x66, 0x69, 0x6E,
    0x65, 0x50, 0x61, 0x72, 0x61, 0x6D, 0x73, 0x5B, 0x31, 0x5D, 0x2E, 0x7A,
    0x29, 0x20, 0x2A, 0x20, 0x5F, 0x6D, 0x74, 0x6C, 0x5F, 0x75, 0x2E, 0x41,
    0x66, 0x66, 0x69, 0x6E, 0x65, 0x50, 0x61, 0x72, 0x61, 0x6D, 0x73, 0x5B,
    0x32, 0x5D, 0x2E, 0x7A, 0x77, 0x29, 0x3B, 0x0A, 0x20, 0x20, 0x20, 0x20,
    0x72, 0x65, 0x74, 0x75, 0x72, 0x6E, 0x20, 0x6F, 0x75, 0x74, 0x3B, 0x0A,
    0x7D, 0x0A, 0x0A, 0x00, 0x02, 0x01, 0x00, 0x10, 0x00, 0x30, 0x00,
};
const size_t kEmbeddedMetal_affine_blt_vs_size = 995;

const uint8_t kEmbeddedMetal_fs_texture[] = {
    0x46, 0x53, 0x48, 0x0B, 0x6F, 0x1E, 0x3E, 0x3C, 0x00, 0x00, 0x00, 0x00,
    0x03, 0x00, 0x10, 0x73, 0x5F, 0x74, 0x65, 0x78, 0x74, 0x75, 0x72, 0x65,
    0x53, 0x61, 0x6D, 0x70, 0x6C, 0x65, 0x72, 0x11, 0x01, 0xFF, 0xFF, 0x01,
    0x00, 0x00, 0x00, 0x00, 0x00, 0x10, 0x73, 0x5F, 0x74, 0x65, 0x78, 0x74,
    0x75, 0x72, 0x65, 0x54, 0x65, 0x78, 0x74, 0x75, 0x72, 0x65, 0x11, 0x01,
    0xFF, 0xFF, 0x01, 0x00, 0x00, 0x00, 0x00, 0x00, 0x09, 0x73, 0x5F, 0x74,
    0x65, 0x78, 0x74, 0x75, 0x72, 0x65, 0x10, 0x00, 0x00, 0x00, 0x00, 0x00,
    0x00, 0x00, 0x00, 0x00, 0xEA, 0x01, 0x00, 0x00, 0x23, 0x69, 0x6E, 0x63,
    0x6C, 0x75, 0x64, 0x65, 0x20, 0x3C, 0x6D, 0x65, 0x74, 0x61, 0x6C, 0x5F,
    0x73, 0x74, 0x64, 0x6C, 0x69, 0x62, 0x3E, 0x0A, 0x23, 0x69, 0x6E, 0x63,
    0x6C, 0x75, 0x64, 0x65, 0x20, 0x3C, 0x73, 0x69, 0x6D, 0x64, 0x2F, 0x73,
    0x69, 0x6D, 0x64, 0x2E, 0x68, 0x3E, 0x0A, 0x0A, 0x75, 0x73, 0x69, 0x6E,
    0x67, 0x20, 0x6E, 0x61, 0x6D, 0x65, 0x73, 0x70, 0x61, 0x63, 0x65, 0x20,
    0x6D, 0x65, 0x74, 0x61, 0x6C, 0x3B, 0x0A, 0x0A, 0x73, 0x74, 0x72, 0x75,
    0x63, 0x74, 0x20, 0x78, 0x6C, 0x61, 0x74, 0x4D, 0x74, 0x6C, 0x4D, 0x61,
    0x69, 0x6E, 0x5F, 0x6F, 0x75, 0x74, 0x0A, 0x7B, 0x0A, 0x20, 0x20, 0x20,
    0x20, 0x66, 0x6C, 0x6F, 0x61, 0x74, 0x34, 0x20, 0x62, 0x67, 0x66, 0x78,
    0x5F, 0x46, 0x72, 0x61, 0x67, 0x44, 0x61, 0x74, 0x61, 0x30, 0x20, 0x5B,
    0x5B, 0x63, 0x6F, 0x6C, 0x6F, 0x72, 0x28, 0x30, 0x29, 0x5D, 0x5D, 0x3B,
    0x0A, 0x7D, 0x3B, 0x0A, 0x0A, 0x73, 0x74, 0x72, 0x75, 0x63, 0x74, 0x20,
    0x78, 0x6C, 0x61, 0x74, 0x4D, 0x74, 0x6C, 0x4D, 0x61, 0x69, 0x6E, 0x5F,
    0x69, 0x6E, 0x0A, 0x7B, 0x0A, 0x20, 0x20, 0x20, 0x20, 0x66, 0x6C, 0x6F,
    0x61, 0x74, 0x32, 0x20, 0x76, 0x5F, 0x74, 0x65, 0x78, 0x63, 0x6F, 0x6F,
    0x72, 0x64, 0x30, 0x20, 0x5B, 0x5B, 0x75, 0x73, 0x65, 0x72, 0x28, 0x6C,
    0x6F, 0x63, 0x6E, 0x30, 0x29, 0x5D, 0x5D, 0x3B, 0x0A, 0x7D, 0x3B, 0x0A,
    0x0A, 0x66, 0x72, 0x61, 0x67, 0x6D, 0x65, 0x6E, 0x74, 0x20, 0x78, 0x6C,
    0x61, 0x74, 0x4D, 0x74, 0x6C, 0x4D, 0x61, 0x69, 0x6E, 0x5F, 0x6F, 0x75,
    0x74, 0x20, 0x78, 0x6C, 0x61, 0x74, 0x4D, 0x74, 0x6C, 0x4D, 0x61, 0x69,
    0x6E, 0x28, 0x78, 0x6C, 0x61, 0x74, 0x4D, 0x74, 0x6C, 0x4D, 0x61, 0x69,
    0x6E, 0x5F, 0x69, 0x6E, 0x20, 0x69, 0x6E, 0x20, 0x5B, 0x5B, 0x73, 0x74,
    0x61, 0x67, 0x65, 0x5F, 0x69, 0x6E, 0x5D, 0x5D, 0x2C, 0x20, 0x74, 0x65,
    0x78, 0x74, 0x75, 0x72, 0x65, 0x32, 0x64, 0x3C, 0x66, 0x6C, 0x6F, 0x61,
    0x74, 0x3E, 0x20, 0x73, 0x5F, 0x74, 0x65, 0x78, 0x74, 0x75, 0x72, 0x65,
    0x20, 0x5B, 0x5B, 0x74, 0x65, 0x78, 0x74, 0x75, 0x72, 0x65, 0x28, 0x30,
    0x29, 0x5D, 0x5D, 0x2C, 0x20, 0x73, 0x61, 0x6D, 0x70, 0x6C, 0x65, 0x72,
    0x20, 0x73, 0x5F, 0x74, 0x65, 0x78, 0x74, 0x75, 0x72, 0x65, 0x53, 0x61,
    0x6D, 0x70, 0x6C, 0x65, 0x72, 0x20, 0x5B, 0x5B, 0x73, 0x61, 0x6D, 0x70,
    0x6C, 0x65, 0x72, 0x28, 0x30, 0x29, 0x5D, 0x5D, 0x29, 0x0A, 0x7B, 0x0A,
    0x20, 0x20, 0x20, 0x20, 0x78, 0x6C, 0x61, 0x74, 0x4D, 0x74, 0x6C, 0x4D,
    0x61, 0x69, 0x6E, 0x5F, 0x6F, 0x75, 0x74, 0x20, 0x6F, 0x75, 0x74, 0x20,
    0x3D, 0x20, 0x7B, 0x7D, 0x3B, 0x0A, 0x20, 0x20, 0x20, 0x20, 0x6F, 0x75,
    0x74, 0x2E, 0x62, 0x67, 0x66, 0x78, 0x5F, 0x46, 0x72, 0x61, 0x67, 0x44,
    0x61, 0x74, 0x61, 0x30, 0x20, 0x3D, 0x20, 0x73, 0x5F, 0x74, 0x65, 0x78,
    0x74, 0x75, 0x72, 0x65, 0x2E, 0x73, 0x61, 0x6D, 0x70, 0x6C, 0x65, 0x28,
    0x73, 0x5F, 0x74, 0x65, 0x78, 0x74, 0x75, 0x72, 0x65, 0x53, 0x61, 0x6D,
    0x70, 0x6C, 0x65, 0x72, 0x2C, 0x20, 0x69, 0x6E, 0x2E, 0x76, 0x5F, 0x74,
    0x65, 0x78, 0x63, 0x6F, 0x6F, 0x72, 0x64, 0x30, 0x29, 0x3B, 0x0A, 0x20,
    0x20, 0x20, 0x20, 0x72, 0x65, 0x74, 0x75, 0x72, 0x6E, 0x20, 0x6F, 0x75,
    0x74, 0x3B, 0x0A, 0x7D, 0x0A, 0x0A, 0x00, 0x00, 0x20, 0x00,
};
const size_t kEmbeddedMetal_fs_texture_size = 586;

const uint8_t kEmbeddedMetal_fs_blend[] = {
    0x46, 0x53, 0x48, 0x0B, 0x6F, 0x1E, 0x3E, 0x3C, 0x00, 0x00, 0x00, 0x00,
    0x07, 0x00, 0x10, 0x73, 0x5F, 0x74, 0x65, 0x78, 0x74, 0x75, 0x72, 0x65,
    0x53, 0x61, 0x6D, 0x70, 0x6C, 0x65, 0x72, 0x11, 0x01, 0xFF, 0xFF, 0x01,
    0x00, 0x00, 0x00, 0x00, 0x00, 0x10, 0x73, 0x5F, 0x74, 0x65, 0x78, 0x74,
    0x75, 0x72, 0x65, 0x54, 0x65, 0x78, 0x74, 0x75, 0x72, 0x65, 0x11, 0x01,
    0xFF, 0xFF, 0x01, 0x00, 0x00, 0x00, 0x00, 0x00, 0x11, 0x73, 0x5F, 0x74,
    0x65, 0x78, 0x74, 0x75, 0x72, 0x65, 0x31, 0x53, 0x61, 0x6D, 0x70, 0x6C,
    0x65, 0x72, 0x11, 0x01, 0xFF, 0xFF, 0x01, 0x00, 0x00, 0x00, 0x00, 0x00,
    0x11, 0x73, 0x5F, 0x74, 0x65, 0x78, 0x74, 0x75, 0x72, 0x65, 0x31, 0x54,
    0x65, 0x78, 0x74, 0x75, 0x72, 0x65, 0x11, 0x01, 0xFF, 0xFF, 0x01, 0x00,
    0x00, 0x00, 0x00, 0x00, 0x0B, 0x42, 0x6C, 0x65, 0x6E, 0x64, 0x50, 0x61,
    0x72, 0x61, 0x6D, 0x73, 0x12, 0x01, 0x00, 0x00, 0x01, 0x00, 0x00, 0x00,
    0x00, 0x00, 0x09, 0x73, 0x5F, 0x74, 0x65, 0x78, 0x74, 0x75, 0x72, 0x65,
    0x10, 0x00, 0x00, 0x00, 0x00, 0x00, 0x00, 0x00, 0x00, 0x00, 0x0A, 0x73,
    0x5F, 0x74, 0x65, 0x78, 0x74, 0x75, 0x72, 0x65, 0x31, 0x10, 0x00, 0x00,
    0x00, 0x00, 0x00, 0x00, 0x00, 0x00, 0x00, 0x02, 0x26, 0x00, 0x00, 0x23,
    0x69, 0x6E, 0x63, 0x6C, 0x75, 0x64, 0x65, 0x20, 0x3C, 0x6D, 0x65, 0x74,
    0x61, 0x6C, 0x5F, 0x73, 0x74, 0x64, 0x6C, 0x69, 0x62, 0x3E, 0x0A, 0x23,
    0x69, 0x6E, 0x63, 0x6C, 0x75, 0x64, 0x65, 0x20, 0x3C, 0x73, 0x69, 0x6D,
    0x64, 0x2F, 0x73, 0x69, 0x6D, 0x64, 0x2E, 0x68, 0x3E, 0x0A, 0x0A, 0x75,
    0x73, 0x69, 0x6E, 0x67, 0x20, 0x6E, 0x61, 0x6D, 0x65, 0x73, 0x70, 0x61,
    0x63, 0x65, 0x20, 0x6D, 0x65, 0x74, 0x61, 0x6C, 0x3B, 0x0A, 0x0A, 0x73,
    0x74, 0x72, 0x75, 0x63, 0x74, 0x20, 0x5F, 0x47, 0x6C, 0x6F, 0x62, 0x61,
    0x6C, 0x0A, 0x7B, 0x0A, 0x20, 0x20, 0x20, 0x20, 0x66, 0x6C, 0x6F, 0x61,
    0x74, 0x34, 0x20, 0x42, 0x6C, 0x65, 0x6E, 0x64, 0x50, 0x61, 0x72, 0x61,
    0x6D, 0x73, 0x3B, 0x0A, 0x7D, 0x3B, 0x0A, 0x0A, 0x73, 0x74, 0x72, 0x75,
    0x63, 0x74, 0x20, 0x78, 0x6C, 0x61, 0x74, 0x4D, 0x74, 0x6C, 0x4D, 0x61,
    0x69, 0x6E, 0x5F, 0x6F, 0x75, 0x74, 0x0A, 0x7B, 0x0A, 0x20, 0x20, 0x20,
    0x20, 0x66, 0x6C, 0x6F, 0x61, 0x74, 0x34, 0x20, 0x62, 0x67, 0x66, 0x78,
    0x5F, 0x46, 0x72, 0x61, 0x67, 0x44, 0x61, 0x74, 0x61, 0x30, 0x20, 0x5B,
    0x5B, 0x63, 0x6F, 0x6C, 0x6F, 0x72, 0x28, 0x30, 0x29, 0x5D, 0x5D, 0x3B,
    0x0A, 0x7D, 0x3B, 0x0A, 0x0A, 0x73, 0x74, 0x72, 0x75, 0x63, 0x74, 0x20,
    0x78, 0x6C, 0x61, 0x74, 0x4D, 0x74, 0x6C, 0x4D, 0x61, 0x69, 0x6E, 0x5F,
    0x69, 0x6E, 0x0A, 0x7B, 0x0A, 0x20, 0x20, 0x20, 0x20, 0x66, 0x6C, 0x6F,
    0x61, 0x74, 0x32, 0x20, 0x76, 0x5F, 0x74, 0x65, 0x78, 0x63, 0x6F, 0x6F,
    0x72, 0x64, 0x30, 0x20, 0x5B, 0x5B, 0x75, 0x73, 0x65, 0x72, 0x28, 0x6C,
    0x6F, 0x63, 0x6E, 0x30, 0x29, 0x5D, 0x5D, 0x3B, 0x0A, 0x7D, 0x3B, 0x0A,
    0x0A, 0x66, 0x72, 0x61, 0x67, 0x6D, 0x65, 0x6E, 0x74, 0x20, 0x78, 0x6C,
    0x61, 0x74, 0x4D, 0x74, 0x6C, 0x4D, 0x61, 0x69, 0x6E, 0x5F, 0x6F, 0x75,
    0x74, 0x20, 0x78, 0x6C, 0x61, 0x74, 0x4D, 0x74, 0x6C, 0x4D, 0x61, 0x69,
    0x6E, 0x28, 0x78, 0x6C, 0x61, 0x74, 0x4D, 0x74, 0x6C, 0x4D, 0x61, 0x69,
    0x6E, 0x5F, 0x69, 0x6E, 0x20, 0x69, 0x6E, 0x20, 0x5B, 0x5B, 0x73, 0x74,
    0x61, 0x67, 0x65, 0x5F, 0x69, 0x6E, 0x5D, 0x5D, 0x2C, 0x20, 0x63, 0x6F,
    0x6E, 0x73, 0x74, 0x61, 0x6E, 0x74, 0x20, 0x5F, 0x47, 0x6C, 0x6F, 0x62,
    0x61, 0x6C, 0x26, 0x20, 0x5F, 0x6D, 0x74, 0x6C, 0x5F, 0x75, 0x20, 0x5B,
    0x5B, 0x62, 0x75, 0x66, 0x66, 0x65, 0x72, 0x28, 0x30, 0x29, 0x5D, 0x5D,
    0x2C, 0x20, 0x74, 0x65, 0x78, 0x74, 0x75, 0x72, 0x65, 0x32, 0x64, 0x3C,
    0x66, 0x6C, 0x6F, 0x61, 0x74, 0x3E, 0x20, 0x73, 0x5F, 0x74, 0x65, 0x78,
    0x74, 0x75, 0x72, 0x65, 0x20, 0x5B, 0x5B, 0x74, 0x65, 0x78, 0x74, 0x75,
    0x72, 0x65, 0x28, 0x30, 0x29, 0x5D, 0x5D, 0x2C, 0x20, 0x74, 0x65, 0x78,
    0x74, 0x75, 0x72, 0x65, 0x32, 0x64, 0x3C, 0x66, 0x6C, 0x6F, 0x61, 0x74,
    0x3E, 0x20, 0x73, 0x5F, 0x74, 0x65, 0x78, 0x74, 0x75, 0x72, 0x65, 0x31,
    0x20, 0x5B, 0x5B, 0x74, 0x65, 0x78, 0x74, 0x75, 0x72, 0x65, 0x28, 0x31,
    0x29, 0x5D, 0x5D, 0x2C, 0x20, 0x73, 0x61, 0x6D, 0x70, 0x6C, 0x65, 0x72,
    0x20, 0x73, 0x5F, 0x74, 0x65, 0x78, 0x74, 0x75, 0x72, 0x65, 0x53, 0x61,
    0x6D, 0x70, 0x6C, 0x65, 0x72, 0x20, 0x5B, 0x5B, 0x73, 0x61, 0x6D, 0x70,
    0x6C, 0x65, 0x72, 0x28, 0x30, 0x29, 0x5D, 0x5D, 0x2C, 0x20, 0x73, 0x61,
    0x6D, 0x70, 0x6C, 0x65, 0x72, 0x20, 0x73, 0x5F, 0x74, 0x65, 0x78, 0x74,
    0x75, 0x72, 0x65, 0x31, 0x53, 0x61, 0x6D, 0x70, 0x6C, 0x65, 0x72, 0x20,
    0x5B, 0x5B, 0x73, 0x61, 0x6D, 0x70, 0x6C, 0x65, 0x72, 0x28, 0x31, 0x29,
    0x5D, 0x5D, 0x29, 0x0A, 0x7B, 0x0A, 0x20, 0x20, 0x20, 0x20, 0x78, 0x6C,
    0x61, 0x74, 0x4D, 0x74, 0x6C, 0x4D, 0x61, 0x69, 0x6E, 0x5F, 0x6F, 0x75,
    0x74, 0x20, 0x6F, 0x75, 0x74, 0x20, 0x3D, 0x20, 0x7B, 0x7D, 0x3B, 0x0A,
    0x20, 0x20, 0x20, 0x20, 0x66, 0x6C, 0x6F, 0x61, 0x74, 0x34, 0x20, 0x5F,
    0x31, 0x34, 0x37, 0x30, 0x20, 0x3D, 0x20, 0x73, 0x5F, 0x74, 0x65, 0x78,
    0x74, 0x75, 0x72, 0x65, 0x2E, 0x73, 0x61, 0x6D, 0x70, 0x6C, 0x65, 0x28,
    0x73, 0x5F, 0x74, 0x65, 0x78, 0x74, 0x75, 0x72, 0x65, 0x53, 0x61, 0x6D,
    0x70, 0x6C, 0x65, 0x72, 0x2C, 0x20, 0x69, 0x6E, 0x2E, 0x76, 0x5F, 0x74,
    0x65, 0x78, 0x63, 0x6F, 0x6F, 0x72, 0x64, 0x30, 0x29, 0x3B, 0x0A, 0x20,
    0x20, 0x20, 0x20, 0x66, 0x6C, 0x6F, 0x61, 0x74, 0x34, 0x20, 0x5F, 0x31,
    0x31, 0x39, 0x33, 0x20, 0x3D, 0x20, 0x5F, 0x31, 0x34, 0x37, 0x30, 0x20,
    0x2A, 0x20, 0x5F, 0x6D, 0x74, 0x6C, 0x5F, 0x75, 0x2E, 0x42, 0x6C, 0x65,
    0x6E, 0x64, 0x50, 0x61, 0x72, 0x61, 0x6D, 0x73, 0x2E, 0x78, 0x3B, 0x0A,
    0x20, 0x20, 0x20, 0x20, 0x66, 0x6C, 0x6F, 0x61, 0x74, 0x34, 0x20, 0x5F,
    0x31, 0x34, 0x37, 0x39, 0x20, 0x3D, 0x20, 0x73, 0x5F, 0x74, 0x65, 0x78,
    0x74, 0x75, 0x72, 0x65, 0x31, 0x2E, 0x73, 0x61, 0x6D, 0x70, 0x6C, 0x65,
    0x28, 0x73, 0x5F, 0x74, 0x65, 0x78, 0x74, 0x75, 0x72, 0x65, 0x31, 0x53,
    0x61, 0x6D, 0x70, 0x6C, 0x65, 0x72, 0x2C, 0x20, 0x69, 0x6E, 0x2E, 0x76,
    0x5F, 0x74, 0x65, 0x78, 0x63, 0x6F, 0x6F, 0x72, 0x64, 0x30, 0x29, 0x3B,
    0x0A, 0x20, 0x20, 0x20, 0x20, 0x66, 0x6C, 0x6F, 0x61, 0x74, 0x34, 0x20,
    0x5F, 0x31, 0x31, 0x39, 0x39, 0x20, 0x3D, 0x20, 0x5F, 0x31, 0x34, 0x37,
    0x39, 0x20, 0x2A, 0x20, 0x5F, 0x6D, 0x74, 0x6C, 0x5F, 0x75, 0x2E, 0x42,
    0x6C, 0x65, 0x6E, 0x64, 0x50, 0x61, 0x72, 0x61, 0x6D, 0x73, 0x2E, 0x79,
    0x3B, 0x0A, 0x20, 0x20, 0x20, 0x20, 0x66, 0x6C, 0x6F, 0x61, 0x74, 0x33,
    0x20, 0x5F, 0x32, 0x34, 0x32, 0x37, 0x3B, 0x0A, 0x20, 0x20, 0x20, 0x20,
    0x66, 0x6C, 0x6F, 0x61, 0x74, 0x20, 0x5F, 0x32, 0x34, 0x32, 0x38, 0x3B,
    0x0A, 0x20, 0x20, 0x20, 0x20, 0x73, 0x77, 0x69, 0x74, 0x63, 0x68, 0x20,
    0x28, 0x69, 0x6E, 0x74, 0x28, 0x5F, 0x6D, 0x74, 0x6C, 0x5F, 0x75, 0x2E,
    0x42, 0x6C, 0x65, 0x6E, 0x64, 0x50, 0x61, 0x72, 0x61, 0x6D, 0x73, 0x2E,
    0x77, 0x29, 0x29, 0x0A, 0x20, 0x20, 0x20, 0x20, 0x7B, 0x0A, 0x20, 0x20,
    0x20, 0x20, 0x20, 0x20, 0x20, 0x20, 0x63, 0x61, 0x73, 0x65, 0x20, 0x30,
    0x3A, 0x0A, 0x20, 0x20, 0x20, 0x20, 0x20, 0x20, 0x20, 0x20, 0x7B, 0x0A,
    0x20, 0x20, 0x20, 0x20, 0x20, 0x20, 0x20, 0x20, 0x20, 0x20, 0x20, 0x20,
    0x66, 0x6C, 0x6F, 0x61, 0x74, 0x20, 0x5F, 0x31, 0x32, 0x32, 0x30, 0x20,
    0x3D, 0x20, 0x5F, 0x31, 0x31, 0x39, 0x39, 0x2E, 0x77, 0x3B, 0x0A, 0x20,
    0x20, 0x20, 0x20, 0x20, 0x20, 0x20, 0x20, 0x20, 0x20, 0x20, 0x20, 0x5F,
    0x32, 0x34, 0x32, 0x38, 0x20, 0x3D, 0x20, 0x66, 0x61, 0x73, 0x74, 0x3A,
    0x3A, 0x63, 0x6C, 0x61, 0x6D, 0x70, 0x28, 0x5F, 0x31, 0x31, 0x39, 0x33,
    0x2E, 0x77, 0x20, 0x2B, 0x20, 0x5F, 0x31, 0x32, 0x32, 0x30, 0x2C, 0x20,
    0x30, 0x2E, 0x30, 0x2C, 0x20, 0x31, 0x2E, 0x30, 0x29, 0x3B, 0x0A, 0x20,
    0x20, 0x20, 0x20, 0x20, 0x20, 0x20, 0x20, 0x20, 0x20, 0x20, 0x20, 0x5F,
    0x32, 0x34, 0x32, 0x37, 0x20, 0x3D, 0x20, 0x6D, 0x69, 0x78, 0x28, 0x5F,
    0x31, 0x31, 0x39, 0x33, 0x2E, 0x78, 0x79, 0x7A, 0x2C, 0x20, 0x5F, 0x31,
    0x31, 0x39, 0x39, 0x2E, 0x78, 0x79, 0x7A, 0x2C, 0x20, 0x66, 0x6C, 0x6F,
    0x61, 0x74, 0x33, 0x28, 0x5F, 0x31, 0x32, 0x32, 0x30, 0x29, 0x29, 0x3B,
    0x0A, 0x20, 0x20, 0x20, 0x20, 0x20, 0x20, 0x20, 0x20, 0x20, 0x20, 0x20,
    0x20, 0x62, 0x72, 0x65, 0x61, 0x6B, 0x3B, 0x0A, 0x20, 0x20, 0x20, 0x20,
    0x20, 0x20, 0x20, 0x20, 0x7D, 0x0A, 0x20, 0x20, 0x20, 0x20, 0x20, 0x20,
    0x20, 0x20, 0x63, 0x61, 0x73, 0x65, 0x20, 0x31, 0x3A, 0x0A, 0x20, 0x20,
    0x20, 0x20, 0x20, 0x20, 0x20, 0x20, 0x7B, 0x0A, 0x20, 0x20, 0x20, 0x20,
    0x20, 0x20, 0x20, 0x20, 0x20, 0x20, 0x20, 0x20, 0x5F, 0x32, 0x34, 0x32,
    0x38, 0x20, 0x3D, 0x20, 0x5F, 0x31, 0x31, 0x39, 0x33, 0x2E, 0x77, 0x3B,
    0x0A, 0x20, 0x20, 0x20, 0x20, 0x20, 0x20, 0x20, 0x20, 0x20, 0x20, 0x20,
    0x20, 0x5F, 0x32, 0x34, 0x32, 0x37, 0x20, 0x3D, 0x20, 0x5F, 0x31, 0x31,
    0x39, 0x33, 0x2E, 0x78, 0x79, 0x7A, 0x20, 0x2A, 0x20, 0x5F, 0x31, 0x31,
    0x39, 0x39, 0x2E, 0x78, 0x79, 0x7A, 0x3B, 0x0A, 0x20, 0x20, 0x20, 0x20,
    0x20, 0x20, 0x20, 0x20, 0x20, 0x20, 0x20, 0x20, 0x62, 0x72, 0x65, 0x61,
    0x6B, 0x3B, 0x0A, 0x20, 0x20, 0x20, 0x20, 0x20, 0x20, 0x20, 0x20, 0x7D,
    0x0A, 0x20, 0x20, 0x20, 0x20, 0x20, 0x20, 0x20, 0x20, 0x63, 0x61, 0x73,
    0x65, 0x20, 0x32, 0x3A, 0x0A, 0x20, 0x20, 0x20, 0x20, 0x20, 0x20, 0x20,
    0x20, 0x7B, 0x0A, 0x20, 0x20, 0x20, 0x20, 0x20, 0x20, 0x20, 0x20, 0x20,
    0x20, 0x20, 0x20, 0x5F, 0x32, 0x34, 0x32, 0x38, 0x20, 0x3D, 0x20, 0x5F,
    0x31, 0x31, 0x39, 0x33, 0x2E, 0x77, 0x3B, 0x0A, 0x20, 0x20, 0x20, 0x20,
    0x20, 0x20, 0x20, 0x20, 0x20, 0x20, 0x20, 0x20, 0x5F, 0x32, 0x34, 0x32,
    0x37, 0x20, 0x3D, 0x20, 0x66, 0x6C, 0x6F, 0x61, 0x74, 0x33, 0x28, 0x31,
    0x2E, 0x30, 0x29, 0x20, 0x2D, 0x20, 0x28, 0x28, 0x66, 0x6C, 0x6F, 0x61,
    0x74, 0x33, 0x28, 0x31, 0x2E, 0x30, 0x29, 0x20, 0x2D, 0x20, 0x5F, 0x31,
    0x31, 0x39, 0x33, 0x2E, 0x78, 0x79, 0x7A, 0x29, 0x20, 0x2A, 0x20, 0x28,
    0x66, 0x6C, 0x6F, 0x61, 0x74, 0x33, 0x28, 0x31, 0x2E, 0x30, 0x29, 0x20,
    0x2D, 0x20, 0x5F, 0x31, 0x31, 0x39, 0x39, 0x2E, 0x78, 0x79, 0x7A, 0x29,
    0x29, 0x3B, 0x0A, 0x20, 0x20, 0x20, 0x20, 0x20, 0x20, 0x20, 0x20, 0x20,
    0x20, 0x20, 0x20, 0x62, 0x72, 0x65, 0x61, 0x6B, 0x3B, 0x0A, 0x20, 0x20,
    0x20, 0x20, 0x20, 0x20, 0x20, 0x20, 0x7D, 0x0A, 0x20, 0x20, 0x20, 0x20,
    0x20, 0x20, 0x20, 0x20, 0x63, 0x61, 0x73, 0x65, 0x20, 0x33, 0x3A, 0x0A,
    0x20, 0x20, 0x20, 0x20, 0x20, 0x20, 0x20, 0x20, 0x7B, 0x0A, 0x20, 0x20,
    0x20, 0x20, 0x20, 0x20, 0x20, 0x20, 0x20, 0x20, 0x20, 0x20, 0x66, 0x6C,
    0x6F, 0x61, 0x74, 0x20, 0x5F, 0x31, 0x35, 0x30, 0x39, 0x20, 0x3D, 0x20,
    0x5F, 0x31, 0x31, 0x39, 0x33, 0x2E, 0x78, 0x3B, 0x0A, 0x20, 0x20, 0x20,
    0x20, 0x20, 0x20, 0x20, 0x20, 0x20, 0x20, 0x20, 0x20, 0x66, 0x6C, 0x6F,
    0x61, 0x74, 0x20, 0x5F, 0x31, 0x35, 0x31, 0x35, 0x20, 0x3D, 0x20, 0x5F,
    0x31, 0x31, 0x39, 0x39, 0x2E, 0x78, 0x3B, 0x0A, 0x20, 0x20, 0x20, 0x20,
    0x20, 0x20, 0x20, 0x20, 0x20, 0x20, 0x20, 0x20, 0x66, 0x6C, 0x6F, 0x61,
    0x74, 0x20, 0x5F, 0x31, 0x35, 0x32, 0x39, 0x20, 0x3D, 0x20, 0x5F, 0x31,
    0x31, 0x39, 0x33, 0x2E, 0x79, 0x3B, 0x0A, 0x20, 0x20, 0x20, 0x20, 0x20,
    0x20, 0x20, 0x20, 0x20, 0x20, 0x20, 0x20, 0x66, 0x6C, 0x6F, 0x61, 0x74,
    0x20, 0x5F, 0x31, 0x35, 0x33, 0x35, 0x20, 0x3D, 0x20, 0x5F, 0x31, 0x31,
    0x39, 0x39, 0x2E, 0x79, 0x3B, 0x0A, 0x20, 0x20, 0x20, 0x20, 0x20, 0x20,
    0x20, 0x20, 0x20, 0x20, 0x20, 0x20, 0x66, 0x6C, 0x6F, 0x61, 0x74, 0x20,
    0x5F, 0x31, 0x35, 0x34, 0x39, 0x20, 0x3D, 0x20, 0x5F, 0x31, 0x31, 0x39,
    0x33, 0x2E, 0x7A, 0x3B, 0x0A, 0x20, 0x20, 0x20, 0x20, 0x20, 0x20, 0x20,
    0x20, 0x20, 0x20, 0x20, 0x20, 0x66, 0x6C, 0x6F, 0x61, 0x74, 0x20, 0x5F,
    0x31, 0x35, 0x35, 0x35, 0x20, 0x3D, 0x20, 0x5F, 0x31, 0x31, 0x39, 0x39,
    0x2E, 0x7A, 0x3B, 0x0A, 0x20, 0x20, 0x20, 0x20, 0x20, 0x20, 0x20, 0x20,
    0x20, 0x20, 0x20, 0x20, 0x5F, 0x32, 0x34, 0x32, 0x38, 0x20, 0x3D, 0x20,
    0x5F, 0x31, 0x31, 0x39, 0x33, 0x2E, 0x77, 0x3B, 0x0A, 0x20, 0x20, 0x20,
    0x20, 0x20, 0x20, 0x20, 0x20, 0x20, 0x20, 0x20, 0x20, 0x5F, 0x32, 0x34,
    0x32, 0x37, 0x20, 0x3D, 0x20, 0x66, 0x6C, 0x6F, 0x61, 0x74, 0x33, 0x28,
    0x28, 0x5F, 0x31, 0x35, 0x30, 0x39, 0x20, 0x3C, 0x20, 0x30, 0x2E, 0x35,
    0x29, 0x20, 0x3F, 0x20, 0x28, 0x28, 0x32, 0x2E, 0x30, 0x20, 0x2A, 0x20,
    0x5F, 0x31, 0x35, 0x30, 0x39, 0x29, 0x20, 0x2A, 0x20, 0x5F, 0x31, 0x35,
    0x31, 0x35, 0x29, 0x20, 0x3A, 0x20, 0x28, 0x31, 0x2E, 0x30, 0x20, 0x2D,
    0x20, 0x28, 0x28, 0x32, 0x2E, 0x30, 0x20, 0x2A, 0x20, 0x28, 0x31, 0x2E,
    0x30, 0x20, 0x2D, 0x20, 0x5F, 0x31, 0x35, 0x30, 0x39, 0x29, 0x29, 0x20,
    0x2A, 0x20, 0x28, 0x31, 0x2E, 0x30, 0x20, 0x2D, 0x20, 0x5F, 0x31, 0x35,
    0x31, 0x35, 0x29, 0x29, 0x29, 0x2C, 0x20, 0x28, 0x5F, 0x31, 0x35, 0x32,
    0x39, 0x20, 0x3C, 0x20, 0x30, 0x2E, 0x35, 0x29, 0x20, 0x3F, 0x20, 0x28,
    0x28, 0x32, 0x2E, 0x30, 0x20, 0x2A, 0x20, 0x5F, 0x31, 0x35, 0x32, 0x39,
    0x29, 0x20, 0x2A, 0x20, 0x5F, 0x31, 0x35, 0x33, 0x35, 0x29, 0x20, 0x3A,
    0x20, 0x28, 0x31, 0x2E, 0x30, 0x20, 0x2D, 0x20, 0x28, 0x28, 0x32, 0x2E,
    0x30, 0x20, 0x2A, 0x20, 0x28, 0x31, 0x2E, 0x30, 0x20, 0x2D, 0x20, 0x5F,
    0x31, 0x35, 0x32, 0x39, 0x29, 0x29, 0x20, 0x2A, 0x20, 0x28, 0x31, 0x2E,
    0x30, 0x20, 0x2D, 0x20, 0x5F, 0x31, 0x35, 0x33, 0x35, 0x29, 0x29, 0x29,
    0x2C, 0x20, 0x28, 0x5F, 0x31, 0x35, 0x34, 0x39, 0x20, 0x3C, 0x20, 0x30,
    0x2E, 0x35, 0x29, 0x20, 0x3F, 0x20, 0x28, 0x28, 0x32, 0x2E, 0x30, 0x20,
    0x2A, 0x20, 0x5F, 0x31, 0x35, 0x34, 0x39, 0x29, 0x20, 0x2A, 0x20, 0x5F,
    0x31, 0x35, 0x35, 0x35, 0x29, 0x20, 0x3A, 0x20, 0x28, 0x31, 0x2E, 0x30,
    0x20, 0x2D, 0x20, 0x28, 0x28, 0x32, 0x2E, 0x30, 0x20, 0x2A, 0x20, 0x28,
    0x31, 0x2E, 0x30, 0x20, 0x2D, 0x20, 0x5F, 0x31, 0x35, 0x34, 0x39, 0x29,
    0x29, 0x20, 0x2A, 0x20, 0x28, 0x31, 0x2E, 0x30, 0x20, 0x2D, 0x20, 0x5F,
    0x31, 0x35, 0x35, 0x35, 0x29, 0x29, 0x29, 0x29, 0x3B, 0x0A, 0x20, 0x20,
    0x20, 0x20, 0x20, 0x20, 0x20, 0x20, 0x20, 0x20, 0x20, 0x20, 0x62, 0x72,
    0x65, 0x61, 0x6B, 0x3B, 0x0A, 0x20, 0x20, 0x20, 0x20, 0x20, 0x20, 0x20,
    0x20, 0x7D, 0x0A, 0x20, 0x20, 0x20, 0x20, 0x20, 0x20, 0x20, 0x20, 0x63,
    0x61, 0x73, 0x65, 0x20, 0x34, 0x3A, 0x0A, 0x20, 0x20, 0x20, 0x20, 0x20,
    0x20, 0x20, 0x20, 0x7B, 0x0A, 0x20, 0x20, 0x20, 0x20, 0x20, 0x20, 0x20,
    0x20, 0x20, 0x20, 0x20, 0x20, 0x5F, 0x32, 0x34, 0x32, 0x38, 0x20, 0x3D,
    0x20, 0x5F, 0x31, 0x31, 0x39, 0x33, 0x2E, 0x77, 0x3B, 0x0A, 0x20, 0x20,
    0x20, 0x20, 0x20, 0x20, 0x20, 0x20, 0x20, 0x20, 0x20, 0x20, 0x5F, 0x32,
    0x34, 0x32, 0x37, 0x20, 0x3D, 0x20, 0x66, 0x61, 0x73, 0x74, 0x3A, 0x3A,
    0x6D, 0x69, 0x6E, 0x28, 0x5F, 0x31, 0x31, 0x39, 0x33, 0x2E, 0x78, 0x79,
    0x7A, 0x2C, 0x20, 0x5F, 0x31, 0x31, 0x39, 0x39, 0x2E, 0x78, 0x79, 0x7A,
    0x29, 0x3B, 0x0A, 0x20, 0x20, 0x20, 0x20, 0x20, 0x20, 0x20, 0x20, 0x20,
    0x20, 0x20, 0x20, 0x62, 0x72, 0x65, 0x61, 0x6B, 0x3B, 0x0A, 0x20, 0x20,
    0x20, 0x20, 0x20, 0x20, 0x20, 0x20, 0x7D, 0x0A, 0x20, 0x20, 0x20, 0x20,
    0x20, 0x20, 0x20, 0x20, 0x63, 0x61, 0x73, 0x65, 0x20, 0x35, 0x3A, 0x0A,
    0x20, 0x20, 0x20, 0x20, 0x20, 0x20, 0x20, 0x20, 0x7B, 0x0A, 0x20, 0x20,
    0x20, 0x20, 0x20, 0x20, 0x20, 0x20, 0x20, 0x20, 0x20, 0x20, 0x5F, 0x32,
    0x34, 0x32, 0x38, 0x20, 0x3D, 0x20, 0x5F, 0x31, 0x31, 0x39, 0x33, 0x2E,
    0x77, 0x3B, 0x0A, 0x20, 0x20, 0x20, 0x20, 0x20, 0x20, 0x20, 0x20, 0x20,
    0x20, 0x20, 0x20, 0x5F, 0x32, 0x34, 0x32, 0x37, 0x20, 0x3D, 0x20, 0x66,
    0x61, 0x73, 0x74, 0x3A, 0x3A, 0x6D, 0x61, 0x78, 0x28, 0x5F, 0x31, 0x31,
    0x39, 0x33, 0x2E, 0x78, 0x79, 0x7A, 0x2C, 0x20, 0x5F, 0x31, 0x31, 0x39,
    0x39, 0x2E, 0x78, 0x79, 0x7A, 0x29, 0x3B, 0x0A, 0x20, 0x20, 0x20, 0x20,
    0x20, 0x20, 0x20, 0x20, 0x20, 0x20, 0x20, 0x20, 0x62, 0x72, 0x65, 0x61,
    0x6B, 0x3B, 0x0A, 0x20, 0x20, 0x20, 0x20, 0x20, 0x20, 0x20, 0x20, 0x7D,
    0x0A, 0x20, 0x20, 0x20, 0x20, 0x20, 0x20, 0x20, 0x20, 0x63, 0x61, 0x73,
    0x65, 0x20, 0x36, 0x3A, 0x0A, 0x20, 0x20, 0x20, 0x20, 0x20, 0x20, 0x20,
    0x20, 0x7B, 0x0A, 0x20, 0x20, 0x20, 0x20, 0x20, 0x20, 0x20, 0x20, 0x20,
    0x20, 0x20, 0x20, 0x5F, 0x32, 0x34, 0x32, 0x38, 0x20, 0x3D, 0x20, 0x5F,
    0x31, 0x31, 0x39, 0x33, 0x2E, 0x77, 0x3B, 0x0A, 0x20, 0x20, 0x20, 0x20,
    0x20, 0x20, 0x20, 0x20, 0x20, 0x20, 0x20, 0x20, 0x5F, 0x32, 0x34, 0x32,
    0x37, 0x20, 0x3D, 0x20, 0x5F, 0x31, 0x31, 0x39, 0x33, 0x2E, 0x78, 0x79,
    0x7A, 0x20, 0x2F, 0x20, 0x28, 0x66, 0x6C, 0x6F, 0x61, 0x74, 0x33, 0x28,
    0x31, 0x2E, 0x30, 0x29, 0x20, 0x2D, 0x20, 0x5F, 0x31, 0x31, 0x39, 0x39,
    0x2E, 0x78, 0x79, 0x7A, 0x29, 0x3B, 0x0A, 0x20, 0x20, 0x20, 0x20, 0x20,
    0x20, 0x20, 0x20, 0x20, 0x20, 0x20, 0x20, 0x62, 0x72, 0x65, 0x61, 0x6B,
    0x3B, 0x0A, 0x20, 0x20, 0x20, 0x20, 0x20, 0x20, 0x20, 0x20, 0x7D, 0x0A,
    0x20, 0x20, 0x20, 0x20, 0x20, 0x20, 0x20, 0x20, 0x63, 0x61, 0x73, 0x65,
    0x20, 0x37, 0x3A, 0x0A, 0x20, 0x20, 0x20, 0x20, 0x20, 0x20, 0x20, 0x20,
    0x7B, 0x0A, 0x20, 0x20, 0x20, 0x20, 0x20, 0x20, 0x20, 0x20, 0x20, 0x20,
    0x20, 0x20, 0x5F, 0x32, 0x34, 0x32, 0x38, 0x20, 0x3D, 0x20, 0x5F, 0x31,
    0x31, 0x39, 0x33, 0x2E, 0x77, 0x3B, 0x0A, 0x20, 0x20, 0x20, 0x20, 0x20,
    0x20, 0x20, 0x20, 0x20, 0x20, 0x20, 0x20, 0x5F, 0x32, 0x34, 0x32, 0x37,
    0x20, 0x3D, 0x20, 0x66, 0x6C, 0x6F, 0x61, 0x74, 0x33, 0x28, 0x31, 0x2E,
    0x30, 0x29, 0x20, 0x2D, 0x20, 0x28, 0x28, 0x66, 0x6C, 0x6F, 0x61, 0x74,
    0x33, 0x28, 0x31, 0x2E, 0x30, 0x29, 0x20, 0x2D, 0x20, 0x5F, 0x31, 0x31,
    0x39, 0x33, 0x2E, 0x78, 0x79, 0x7A, 0x29, 0x20, 0x2F, 0x20, 0x5F, 0x31,
    0x31, 0x39, 0x39, 0x2E, 0x78, 0x79, 0x7A, 0x29, 0x3B, 0x0A, 0x20, 0x20,
    0x20, 0x20, 0x20, 0x20, 0x20, 0x20, 0x20, 0x20, 0x20, 0x20, 0x62, 0x72,
    0x65, 0x61, 0x6B, 0x3B, 0x0A, 0x20, 0x20, 0x20, 0x20, 0x20, 0x20, 0x20,
    0x20, 0x7D, 0x0A, 0x20, 0x20, 0x20, 0x20, 0x20, 0x20, 0x20, 0x20, 0x63,
    0x61, 0x73, 0x65, 0x20, 0x38, 0x3A, 0x0A, 0x20, 0x20, 0x20, 0x20, 0x20,
    0x20, 0x20, 0x20, 0x7B, 0x0A, 0x20, 0x20, 0x20, 0x20, 0x20, 0x20, 0x20,
    0x20, 0x20, 0x20, 0x20, 0x20, 0x66, 0x6C, 0x6F, 0x61, 0x74, 0x20, 0x5F,
    0x31, 0x36, 0x30, 0x33, 0x20, 0x3D, 0x20, 0x5F, 0x31, 0x31, 0x39, 0x39,
    0x2E, 0x78, 0x3B, 0x0A, 0x20, 0x20, 0x20, 0x20, 0x20, 0x20, 0x20, 0x20,
    0x20, 0x20, 0x20, 0x20, 0x66, 0x6C, 0x6F, 0x61, 0x74, 0x20, 0x5F, 0x31,
    0x36, 0x30, 0x39, 0x20, 0x3D, 0x20, 0x5F, 0x31, 0x31, 0x39, 0x33, 0x2E,
    0x78, 0x3B, 0x0A, 0x20, 0x20, 0x20, 0x20, 0x20, 0x20, 0x20, 0x20, 0x20,
    0x20, 0x20, 0x20, 0x66, 0x6C, 0x6F, 0x61, 0x74, 0x20, 0x5F, 0x31, 0x36,
    0x32, 0x33, 0x20, 0x3D, 0x20, 0x5F, 0x31, 0x31, 0x39, 0x39, 0x2E, 0x79,
    0x3B, 0x0A, 0x20, 0x20, 0x20, 0x20, 0x20, 0x20, 0x20, 0x20, 0x20, 0x20,
    0x20, 0x20, 0x66, 0x6C, 0x6F, 0x61, 0x74, 0x20, 0x5F, 0x31, 0x36, 0x32,
    0x39, 0x20, 0x3D, 0x20, 0x5F, 0x31, 0x31, 0x39, 0x33, 0x2E, 0x79, 0x3B,
    0x0A, 0x20, 0x20, 0x20, 0x20, 0x20, 0x20, 0x20, 0x20, 0x20, 0x20, 0x20,
    0x20, 0x66, 0x6C, 0x6F, 0x61, 0x74, 0x20, 0x5F, 0x31, 0x36, 0x34, 0x33,
    0x20, 0x3D, 0x20, 0x5F, 0x31, 0x31, 0x39, 0x39, 0x2E, 0x7A, 0x3B, 0x0A,
    0x20, 0x20, 0x20, 0x20, 0x20, 0x20, 0x20, 0x20, 0x20, 0x20, 0x20, 0x20,
    0x66, 0x6C, 0x6F, 0x61, 0x74, 0x20, 0x5F, 0x31, 0x36, 0x34, 0x39, 0x20,
    0x3D, 0x20, 0x5F, 0x31, 0x31, 0x39, 0x33, 0x2E, 0x7A, 0x3B, 0x0A, 0x20,
    0x20, 0x20, 0x20, 0x20, 0x20, 0x20, 0x20, 0x20, 0x20, 0x20, 0x20, 0x5F,
    0x32, 0x34, 0x32, 0x38, 0x20, 0x3D, 0x20, 0x5F, 0x31, 0x31, 0x39, 0x33,
    0x2E, 0x77, 0x3B, 0x0A, 0x20, 0x20, 0x20, 0x20, 0x20, 0x20, 0x20, 0x20,
    0x20, 0x20, 0x20, 0x20, 0x5F, 0x32, 0x34, 0x32, 0x37, 0x20, 0x3D, 0x20,
    0x66, 0x6C, 0x6F, 0x61, 0x74, 0x33, 0x28, 0x28, 0x5F, 0x31, 0x36, 0x30,
    0x33, 0x20, 0x3C, 0x20, 0x30, 0x2E, 0x35, 0x29, 0x20, 0x3F, 0x20, 0x28,
    0x28, 0x32, 0x2E, 0x30, 0x20, 0x2A, 0x20, 0x5F, 0x31, 0x36, 0x30, 0x33,
    0x29, 0x20, 0x2A, 0x20, 0x5F, 0x31, 0x36, 0x30, 0x39, 0x29, 0x20, 0x3A,
    0x20, 0x28, 0x31, 0x2E, 0x30, 0x20, 0x2D, 0x20, 0x28, 0x28, 0x32, 0x2E,
    0x30, 0x20, 0x2A, 0x20, 0x28, 0x31, 0x2E, 0x30, 0x20, 0x2D, 0x20, 0x5F,
    0x31, 0x36, 0x30, 0x33, 0x29, 0x29, 0x20, 0x2A, 0x20, 0x28, 0x31, 0x2E,
    0x30, 0x20, 0x2D, 0x20, 0x5F, 0x31, 0x36, 0x30, 0x39, 0x29, 0x29, 0x29,
    0x2C, 0x20, 0x28, 0x5F, 0x31, 0x36, 0x32, 0x33, 0x20, 0x3C, 0x20, 0x30,
    0x2E, 0x35, 0x29, 0x20, 0x3F, 0x20, 0x28, 0x28, 0x32, 0x2E, 0x30, 0x20,
    0x2A, 0x20, 0x5F, 0x31, 0x36, 0x32, 0x33, 0x29, 0x20, 0x2A, 0x20, 0x5F,
    0x31, 0x36, 0x32, 0x39, 0x29, 0x20, 0x3A, 0x20, 0x28, 0x31, 0x2E, 0x30,
    0x20, 0x2D, 0x20, 0x28, 0x28, 0x32, 0x2E, 0x30, 0x20, 0x2A, 0x20, 0x28,
    0x31, 0x2E, 0x30, 0x20, 0x2D, 0x20, 0x5F, 0x31, 0x36, 0x32, 0x33, 0x29,
    0x29, 0x20, 0x2A, 0x20, 0x28, 0x31, 0x2E, 0x30, 0x20, 0x2D, 0x20, 0x5F,
    0x31, 0x36, 0x32, 0x39, 0x29, 0x29, 0x29, 0x2C, 0x20, 0x28, 0x5F, 0x31,
    0x36, 0x34, 0x33, 0x20, 0x3C, 0x20, 0x30, 0x2E, 0x35, 0x29, 0x20, 0x3F,
    0x20, 0x28, 0x28, 0x32, 0x2E, 0x30, 0x20, 0x2A, 0x20, 0x5F, 0x31, 0x36,
    0x34, 0x33, 0x29, 0x20, 0x2A, 0x20, 0x5F, 0x31, 0x36, 0x34, 0x39, 0x29,
    0x20, 0x3A, 0x20, 0x28, 0x31, 0x2E, 0x30, 0x20, 0x2D, 0x20, 0x28, 0x28,
    0x32, 0x2E, 0x30, 0x20, 0x2A, 0x20, 0x28, 0x31, 0x2E, 0x30, 0x20, 0x2D,
    0x20, 0x5F, 0x31, 0x36, 0x34, 0x33, 0x29, 0x29, 0x20, 0x2A, 0x20, 0x28,
    0x31, 0x2E, 0x30, 0x20, 0x2D, 0x20, 0x5F, 0x31, 0x36, 0x34, 0x39, 0x29,
    0x29, 0x29, 0x29, 0x3B, 0x0A, 0x20, 0x20, 0x20, 0x20, 0x20, 0x20, 0x20,
    0x20, 0x20, 0x20, 0x20, 0x20, 0x62, 0x72, 0x65, 0x61, 0x6B, 0x3B, 0x0A,
    0x20, 0x20, 0x20, 0x20, 0x20, 0x20, 0x20, 0x20, 0x7D, 0x0A, 0x20, 0x20,
    0x20, 0x20, 0x20, 0x20, 0x20, 0x20, 0x63, 0x61, 0x73, 0x65, 0x20, 0x39,
    0x3A, 0x0A, 0x20, 0x20, 0x20, 0x20, 0x20, 0x20, 0x20, 0x20, 0x7B, 0x0A,
    0x20, 0x20, 0x20, 0x20, 0x20, 0x20, 0x20, 0x20, 0x20, 0x20, 0x20, 0x20,
    0x66, 0x6C, 0x6F, 0x61, 0x74, 0x20, 0x5F, 0x31, 0x36, 0x36, 0x37, 0x20,
    0x3D, 0x20, 0x5F, 0x31, 0x31, 0x39, 0x39, 0x2E, 0x78, 0x3B, 0x0A, 0x20,
    0x20, 0x20, 0x20, 0x20, 0x20, 0x20, 0x20, 0x20, 0x20, 0x20, 0x20, 0x66,
    0x6C, 0x6F, 0x61, 0x74, 0x20, 0x5F, 0x31, 0x36, 0x37, 0x30, 0x20, 0x3D,
    0x20, 0x5F, 0x31, 0x31, 0x39, 0x33, 0x2E, 0x78, 0x3B, 0x0A, 0x20, 0x20,
    0x20, 0x20, 0x20, 0x20, 0x20, 0x20, 0x20, 0x20, 0x20, 0x20, 0x66, 0x6C,
    0x6F, 0x61, 0x74, 0x20, 0x5F, 0x31, 0x36, 0x37, 0x33, 0x20, 0x3D, 0x20,
    0x32, 0x2E, 0x30, 0x20, 0x2A, 0x20, 0x5F, 0x31, 0x36, 0x36, 0x37, 0x3B,
    0x0A, 0x20, 0x20, 0x20, 0x20, 0x20, 0x20, 0x20, 0x20, 0x20, 0x20, 0x20,
    0x20, 0x66, 0x6C, 0x6F, 0x61, 0x74, 0x20, 0x5F, 0x31, 0x37, 0x30, 0x30,
    0x20, 0x3D, 0x20, 0x5F, 0x31, 0x31, 0x39, 0x39, 0x2E, 0x79, 0x3B, 0x0A,
    0x20, 0x20, 0x20, 0x20, 0x20, 0x20, 0x20, 0x20, 0x20, 0x20, 0x20, 0x20,
    0x66, 0x6C, 0x6F, 0x61, 0x74, 0x20, 0x5F, 0x31, 0x37, 0x30, 0x33, 0x20,
    0x3D, 0x20, 0x5F, 0x31, 0x31, 0x39, 0x33, 0x2E, 0x79, 0x3B, 0x0A, 0x20,
    0x20, 0x20, 0x20, 0x20, 0x20, 0x20, 0x20, 0x20, 0x20, 0x20, 0x20, 0x66,
    0x6C, 0x6F, 0x61, 0x74, 0x20, 0x5F, 0x31, 0x37, 0x30, 0x36, 0x20, 0x3D,
    0x20, 0x32, 0x2E, 0x30, 0x20, 0x2A, 0x20, 0x5F, 0x31, 0x37, 0x30, 0x30,
    0x3B, 0x0A, 0x20, 0x20, 0x20, 0x20, 0x20, 0x20, 0x20, 0x20, 0x20, 0x20,
    0x20, 0x20, 0x66, 0x6C, 0x6F, 0x61, 0x74, 0x20, 0x5F, 0x31, 0x37, 0x33,
    0x33, 0x20, 0x3D, 0x20, 0x5F, 0x31, 0x31, 0x39, 0x39, 0x2E, 0x7A, 0x3B,
    0x0A, 0x20, 0x20, 0x20, 0x20, 0x20, 0x20, 0x20, 0x20, 0x20, 0x20, 0x20,
    0x20, 0x66, 0x6C, 0x6F, 0x61, 0x74, 0x20, 0x5F, 0x31, 0x37, 0x33, 0x36,
    0x20, 0x3D, 0x20, 0x5F, 0x31, 0x31, 0x39, 0x33, 0x2E, 0x7A, 0x3B, 0x0A,
    0x20, 0x20, 0x20, 0x20, 0x20, 0x20, 0x20, 0x20, 0x20, 0x20, 0x20, 0x20,
    0x66, 0x6C, 0x6F, 0x61, 0x74, 0x20, 0x5F, 0x31, 0x37, 0x33, 0x39, 0x20,
    0x3D, 0x20, 0x32, 0x2E, 0x30, 0x20, 0x2A, 0x20, 0x5F, 0x31, 0x37, 0x33,
    0x33, 0x3B, 0x0A, 0x20, 0x20, 0x20, 0x20, 0x20, 0x20, 0x20, 0x20, 0x20,
    0x20, 0x20, 0x20, 0x5F, 0x32, 0x34, 0x32, 0x38, 0x20, 0x3D, 0x20, 0x5F,
    0x31, 0x31, 0x39, 0x33, 0x2E, 0x77, 0x3B, 0x0A, 0x20, 0x20, 0x20, 0x20,
    0x20, 0x20, 0x20, 0x20, 0x20, 0x20, 0x20, 0x20, 0x5F, 0x32, 0x34, 0x32,
    0x37, 0x20, 0x3D, 0x20, 0x66, 0x6C, 0x6F, 0x61, 0x74, 0x33, 0x28, 0x28,
    0x5F, 0x31, 0x36, 0x36, 0x37, 0x20, 0x3C, 0x20, 0x30, 0x2E, 0x35, 0x29,
    0x20, 0x3F, 0x20, 0x28, 0x5F, 0x31, 0x36, 0x37, 0x30, 0x20, 0x2A, 0x20,
    0x28, 0x5F, 0x31, 0x36, 0x37, 0x33, 0x20, 0x2B, 0x20, 0x28, 0x5F, 0x31,
    0x36, 0x37, 0x30, 0x20, 0x2A, 0x20, 0x28, 0x31, 0x2E, 0x30, 0x20, 0x2D,
    0x20, 0x5F, 0x31, 0x36, 0x37, 0x33, 0x29, 0x29, 0x29, 0x29, 0x20, 0x3A,
    0x20, 0x28, 0x5F, 0x31, 0x36, 0x37, 0x30, 0x20, 0x2B, 0x20, 0x28, 0x28,
    0x5F, 0x31, 0x36, 0x37, 0x33, 0x20, 0x2D, 0x20, 0x31, 0x2E, 0x30, 0x29,
    0x20, 0x2A, 0x20, 0x28, 0x73, 0x71, 0x72, 0x74, 0x28, 0x5F, 0x31, 0x36,
    0x37, 0x30, 0x29, 0x20, 0x2D, 0x20, 0x5F, 0x31, 0x36, 0x37, 0x30, 0x29,
    0x29, 0x29, 0x2C, 0x20, 0x28, 0x5F, 0x31, 0x37, 0x30, 0x30, 0x20, 0x3C,
    0x20, 0x30, 0x2E, 0x35, 0x29, 0x20, 0x3F, 0x20, 0x28, 0x5F, 0x31, 0x37,
    0x30, 0x33, 0x20, 0x2A, 0x20, 0x28, 0x5F, 0x31, 0x37, 0x30, 0x36, 0x20,
    0x2B, 0x20, 0x28, 0x5F, 0x31, 0x37, 0x30, 0x33, 0x20, 0x2A, 0x20, 0x28,
    0x31, 0x2E, 0x30, 0x20, 0x2D, 0x20, 0x5F, 0x31, 0x37, 0x30, 0x36, 0x29,
    0x29, 0x29, 0x29, 0x20, 0x3A, 0x20, 0x28, 0x5F, 0x31, 0x37, 0x30, 0x33,
    0x20, 0x2B, 0x20, 0x28, 0x28, 0x5F, 0x31, 0x37, 0x30, 0x36, 0x20, 0x2D,
    0x20, 0x31, 0x2E, 0x30, 0x29, 0x20, 0x2A, 0x20, 0x28, 0x73, 0x71, 0x72,
    0x74, 0x28, 0x5F, 0x31, 0x37, 0x30, 0x33, 0x29, 0x20, 0x2D, 0x20, 0x5F,
    0x31, 0x37, 0x30, 0x33, 0x29, 0x29, 0x29, 0x2C, 0x20, 0x28, 0x5F, 0x31,
    0x37, 0x33, 0x33, 0x20, 0x3C, 0x20, 0x30, 0x2E, 0x35, 0x29, 0x20, 0x3F,
    0x20, 0x28, 0x5F, 0x31, 0x37, 0x33, 0x36, 0x20, 0x2A, 0x20, 0x28, 0x5F,
    0x31, 0x37, 0x33, 0x39, 0x20, 0x2B, 0x20, 0x28, 0x5F, 0x31, 0x37, 0x33,
    0x36, 0x20, 0x2A, 0x20, 0x28, 0x31, 0x2E, 0x30, 0x20, 0x2D, 0x20, 0x5F,
    0x31, 0x37, 0x33, 0x39, 0x29, 0x29, 0x29, 0x29, 0x20, 0x3A, 0x20, 0x28,
    0x5F, 0x31, 0x37, 0x33, 0x36, 0x20, 0x2B, 0x20, 0x28, 0x28, 0x5F, 0x31,
    0x37, 0x33, 0x39, 0x20, 0x2D, 0x20, 0x31, 0x2E, 0x30, 0x29, 0x20, 0x2A,
    0x20, 0x28, 0x73, 0x71, 0x72, 0x74, 0x28, 0x5F, 0x31, 0x37, 0x33, 0x36,
    0x29, 0x20, 0x2D, 0x20, 0x5F, 0x31, 0x37, 0x33, 0x36, 0x29, 0x29, 0x29,
    0x29, 0x3B, 0x0A, 0x20, 0x20, 0x20, 0x20, 0x20, 0x20, 0x20, 0x20, 0x20,
    0x20, 0x20, 0x20, 0x62, 0x72, 0x65, 0x61, 0x6B, 0x3B, 0x0A, 0x20, 0x20,
    0x20, 0x20, 0x20, 0x20, 0x20, 0x20, 0x7D, 0x0A, 0x20, 0x20, 0x20, 0x20,
    0x20, 0x20, 0x20, 0x20, 0x63, 0x61, 0x73, 0x65, 0x20, 0x31, 0x30, 0x3A,
    0x0A, 0x20, 0x20, 0x20, 0x20, 0x20, 0x20, 0x20, 0x20, 0x7B, 0x0A, 0x20,
    0x20, 0x20, 0x20, 0x20, 0x20, 0x20, 0x20, 0x20, 0x20, 0x20, 0x20, 0x5F,
    0x32, 0x34, 0x32, 0x38, 0x20, 0x3D, 0x20, 0x5F, 0x31, 0x31, 0x39, 0x33,
    0x2E, 0x77, 0x3B, 0x0A, 0x20, 0x20, 0x20, 0x20, 0x20, 0x20, 0x20, 0x20,
    0x20, 0x20, 0x20, 0x20, 0x5F, 0x32, 0x34, 0x32, 0x37, 0x20, 0x3D, 0x20,
    0x61, 0x62, 0x73, 0x28, 0x5F, 0x31, 0x31, 0x39, 0x33, 0x2E, 0x78, 0x79,
    0x7A, 0x20, 0x2D, 0x20, 0x5F, 0x31, 0x31, 0x39, 0x39, 0x2E, 0x78, 0x79,
    0x7A, 0x29, 0x3B, 0x0A, 0x20, 0x20, 0x20, 0x20, 0x20, 0x20, 0x20, 0x20,
    0x20, 0x20, 0x20, 0x20, 0x62, 0x72, 0x65, 0x61, 0x6B, 0x3B, 0x0A, 0x20,
    0x20, 0x20, 0x20, 0x20, 0x20, 0x20, 0x20, 0x7D, 0x0A, 0x20, 0x20, 0x20,
    0x20, 0x20, 0x20, 0x20, 0x20, 0x63, 0x61, 0x73, 0x65, 0x20, 0x31, 0x31,
    0x3A, 0x0A, 0x20, 0x20, 0x20, 0x20, 0x20, 0x20, 0x20, 0x20, 0x7B, 0x0A,
    0x20, 0x20, 0x20, 0x20, 0x20, 0x20, 0x20, 0x20, 0x20, 0x20, 0x20, 0x20,
    0x66, 0x6C, 0x6F, 0x61, 0x74, 0x33, 0x20, 0x5F, 0x31, 0x33, 0x31, 0x35,
    0x20, 0x3D, 0x20, 0x5F, 0x31, 0x31, 0x39, 0x33, 0x2E, 0x78, 0x79, 0x7A,
    0x3B, 0x0A, 0x20, 0x20, 0x20, 0x20, 0x20, 0x20, 0x20, 0x20, 0x20, 0x20,
    0x20, 0x20, 0x66, 0x6C, 0x6F, 0x61, 0x74, 0x33, 0x20, 0x5F, 0x31, 0x33,
    0x31, 0x37, 0x20, 0x3D, 0x20, 0x5F, 0x31, 0x31, 0x39, 0x39, 0x2E, 0x78,
    0x79, 0x7A, 0x3B, 0x0A, 0x20, 0x20, 0x20, 0x20, 0x20, 0x20, 0x20, 0x20,
    0x20, 0x20, 0x20, 0x20, 0x5F, 0x32, 0x34, 0x32, 0x38, 0x20, 0x3D, 0x20,
    0x5F, 0x31, 0x31, 0x39, 0x33, 0x2E, 0x77, 0x3B, 0x0A, 0x20, 0x20, 0x20,
    0x20, 0x20, 0x20, 0x20, 0x20, 0x20, 0x20, 0x20, 0x20, 0x5F, 0x32, 0x34,
    0x32, 0x37, 0x20, 0x3D, 0x20, 0x28, 0x5F, 0x31, 0x33, 0x31, 0x35, 0x20,
    0x2B, 0x20, 0x5F, 0x31, 0x33, 0x31, 0x37, 0x29, 0x20, 0x2D, 0x20, 0x28,
    0x28, 0x5F, 0x31, 0x33, 0x31, 0x35, 0x20, 0x2A, 0x20, 0x32, 0x2E, 0x30,
    0x29, 0x20, 0x2A, 0x20, 0x5F, 0x31, 0x33, 0x31, 0x37, 0x29, 0x3B, 0x0A,
    0x20, 0x20, 0x20, 0x20, 0x20, 0x20, 0x20, 0x20, 0x20, 0x20, 0x20, 0x20,
    0x62, 0x72, 0x65, 0x61, 0x6B, 0x3B, 0x0A, 0x20, 0x20, 0x20, 0x20, 0x20,
    0x20, 0x20, 0x20, 0x7D, 0x0A, 0x20, 0x20, 0x20, 0x20, 0x20, 0x20, 0x20,
    0x20, 0x63, 0x61, 0x73, 0x65, 0x20, 0x31, 0x32, 0x3A, 0x0A, 0x20, 0x20,
    0x20, 0x20, 0x20, 0x20, 0x20, 0x20, 0x7B, 0x0A, 0x20, 0x20, 0x20, 0x20,
    0x20, 0x20, 0x20, 0x20, 0x20, 0x20, 0x20, 0x20, 0x66, 0x6C, 0x6F, 0x61,
    0x74, 0x20, 0x5F, 0x31, 0x38, 0x30, 0x32, 0x20, 0x3D, 0x20, 0x64, 0x6F,
    0x74, 0x28, 0x5F, 0x31, 0x31, 0x39, 0x33, 0x2E, 0x78, 0x79, 0x7A, 0x2C,
    0x20, 0x66, 0x6C, 0x6F, 0x61, 0x74, 0x33, 0x28, 0x30, 0x2E, 0x32, 0x31,
    0x32, 0x35, 0x39, 0x39, 0x39, 0x39, 0x32, 0x37, 0x35, 0x32, 0x30, 0x37,
    0x35, 0x31, 0x39, 0x35, 0x33, 0x31, 0x32, 0x35, 0x2C, 0x20, 0x30, 0x2E,
    0x37, 0x31, 0x35, 0x32, 0x30, 0x30, 0x30, 0x30, 0x36, 0x39, 0x36, 0x31,
    0x38, 0x32, 0x32, 0x35, 0x30, 0x39, 0x37, 0x36, 0x35, 0x36, 0x32, 0x35,
    0x2C, 0x20, 0x30, 0x2E, 0x30, 0x37, 0x32, 0x32, 0x30, 0x30, 0x30, 0x30,
    0x30, 0x32, 0x38, 0x36, 0x31, 0x30, 0x32, 0x32, 0x39, 0x34, 0x39, 0x32,
    0x31, 0x38, 0x37, 0x35, 0x29, 0x29, 0x20, 0x2D, 0x20, 0x64, 0x6F, 0x74,
    0x28, 0x5F, 0x31, 0x31, 0x39, 0x39, 0x2E, 0x78, 0x79, 0x7A, 0x2C, 0x20,
    0x66, 0x6C, 0x6F, 0x61, 0x74, 0x33, 0x28, 0x30, 0x2E, 0x32, 0x31, 0x32,
    0x35, 0x39, 0x39, 0x39, 0x39, 0x32, 0x37, 0x35, 0x32, 0x30, 0x37, 0x35,
    0x31, 0x39, 0x35, 0x33, 0x31, 0x32, 0x35, 0x2C, 0x20, 0x30, 0x2E, 0x37,
    0x31, 0x35, 0x32, 0x30, 0x30, 0x30, 0x30, 0x36, 0x39, 0x36, 0x31, 0x38,
    0x32, 0x32, 0x35, 0x30, 0x39, 0x37, 0x36, 0x35, 0x36, 0x32, 0x35, 0x2C,
    0x20, 0x30, 0x2E, 0x30, 0x37, 0x32, 0x32, 0x30, 0x30, 0x30, 0x30, 0x30,
    0x32, 0x38, 0x36, 0x31, 0x30, 0x32, 0x32, 0x39, 0x34, 0x39, 0x32, 0x31,
    0x38, 0x37, 0x35, 0x29, 0x29, 0x3B, 0x0A, 0x20, 0x20, 0x20, 0x20, 0x20,
    0x20, 0x20, 0x20, 0x20, 0x20, 0x20, 0x20, 0x5F, 0x32, 0x34, 0x32, 0x38,
    0x20, 0x3D, 0x20, 0x5F, 0x31, 0x31, 0x39, 0x33, 0x2E, 0x77, 0x3B, 0x0A,
    0x20, 0x20, 0x20, 0x20, 0x20, 0x20, 0x20, 0x20, 0x20, 0x20, 0x20, 0x20,
    0x5F, 0x32, 0x34, 0x32, 0x37, 0x20, 0x3D, 0x20, 0x66, 0x61, 0x73, 0x74,
    0x3A, 0x3A, 0x63, 0x6C, 0x61, 0x6D, 0x70, 0x28, 0x66, 0x6C, 0x6F, 0x61,
    0x74, 0x33, 0x28, 0x5F, 0x31, 0x31, 0x39, 0x39, 0x2E, 0x78, 0x20, 0x2B,
    0x20, 0x5F, 0x31, 0x38, 0x30, 0x32, 0x2C, 0x20, 0x5F, 0x31, 0x31, 0x39,
    0x39, 0x2E, 0x79, 0x20, 0x2B, 0x20, 0x5F, 0x31, 0x38, 0x30, 0x32, 0x2C,
    0x20, 0x5F, 0x31, 0x31, 0x39, 0x39, 0x2E, 0x7A, 0x20, 0x2B, 0x20, 0x5F,
    0x31, 0x38, 0x30, 0x32, 0x29, 0x2C, 0x20, 0x66, 0x6C, 0x6F, 0x61, 0x74,
    0x33, 0x28, 0x30, 0x2E, 0x30, 0x29, 0x2C, 0x20, 0x66, 0x6C, 0x6F, 0x61,
    0x74, 0x33, 0x28, 0x31, 0x2E, 0x30, 0x29, 0x29, 0x3B, 0x0A, 0x20, 0x20,
    0x20, 0x20, 0x20, 0x20, 0x20, 0x20, 0x20, 0x20, 0x20, 0x20, 0x62, 0x72,
    0x65, 0x61, 0x6B, 0x3B, 0x0A, 0x20, 0x20, 0x20, 0x20, 0x20, 0x20, 0x20,
    0x20, 0x7D, 0x0A, 0x20, 0x20, 0x20, 0x20, 0x20, 0x20, 0x20, 0x20, 0x63,
    0x61, 0x73, 0x65, 0x20, 0x31, 0x33, 0x3A, 0x0A, 0x20, 0x20, 0x20, 0x20,
    0x20, 0x20, 0x20, 0x20, 0x7B, 0x0A, 0x20, 0x20, 0x20, 0x20, 0x20, 0x20,
    0x20, 0x20, 0x20, 0x20, 0x20, 0x20, 0x66, 0x6C, 0x6F, 0x61, 0x74, 0x20,
    0x5F, 0x31, 0x38, 0x33, 0x39, 0x20, 0x3D, 0x20, 0x64, 0x6F, 0x74, 0x28,
    0x5F, 0x31, 0x31, 0x39, 0x33, 0x2E, 0x78, 0x79, 0x7A, 0x2C, 0x20, 0x66,
    0x6C, 0x6F, 0x61, 0x74, 0x33, 0x28, 0x30, 0x2E, 0x32, 0x31, 0x32, 0x35,
    0x39, 0x39, 0x39, 0x39, 0x32, 0x37, 0x35, 0x32, 0x30, 0x37, 0x35, 0x31,
    0x39, 0x35, 0x33, 0x31, 0x32, 0x35, 0x2C, 0x20, 0x30, 0x2E, 0x37, 0x31,
    0x35, 0x32, 0x30, 0x30, 0x30, 0x30, 0x36, 0x39, 0x36, 0x31, 0x38, 0x32,
    0x32, 0x35, 0x30, 0x39, 0x37, 0x36, 0x35, 0x36, 0x32, 0x35, 0x2C, 0x20,
    0x30, 0x2E, 0x30, 0x37, 0x32, 0x32, 0x30, 0x30, 0x30, 0x30, 0x30, 0x32,
    0x38, 0x36, 0x31, 0x30, 0x32, 0x32, 0x39, 0x34, 0x39, 0x32, 0x31, 0x38,
    0x37, 0x35, 0x29, 0x29, 0x3B, 0x0A, 0x20, 0x20, 0x20, 0x20, 0x20, 0x20,
    0x20, 0x20, 0x20, 0x20, 0x20, 0x20, 0x66, 0x6C, 0x6F, 0x61, 0x74, 0x20,
    0x5F, 0x31, 0x38, 0x34, 0x37, 0x20, 0x3D, 0x20, 0x5F, 0x31, 0x38, 0x33,
    0x39, 0x20, 0x2D, 0x20, 0x64, 0x6F, 0x74, 0x28, 0x5F, 0x31, 0x31, 0x39,
    0x39, 0x2E, 0x78, 0x79, 0x7A, 0x2C, 0x20, 0x66, 0x6C, 0x6F, 0x61, 0x74,
    0x33, 0x28, 0x30, 0x2E, 0x32, 0x31, 0x32, 0x35, 0x39, 0x39, 0x39, 0x39,
    0x32, 0x37, 0x35, 0x32, 0x30, 0x37, 0x35, 0x31, 0x39, 0x35, 0x33, 0x31,
    0x32, 0x35, 0x2C, 0x20, 0x30, 0x2E, 0x37, 0x31, 0x35, 0x32, 0x30, 0x30,
    0x30, 0x30, 0x36, 0x39, 0x36, 0x31, 0x38, 0x32, 0x32, 0x35, 0x30, 0x39,
    0x37, 0x36, 0x35, 0x36, 0x32, 0x35, 0x2C, 0x20, 0x30, 0x2E, 0x30, 0x37,
    0x32, 0x32, 0x30, 0x30, 0x30, 0x30, 0x30, 0x32, 0x38, 0x36, 0x31, 0x30,
    0x32, 0x32, 0x39, 0x34, 0x39, 0x32, 0x31, 0x38, 0x37, 0x35, 0x29, 0x29,
    0x3B, 0x0A, 0x20, 0x20, 0x20, 0x20, 0x20, 0x20, 0x20, 0x20, 0x20, 0x20,
    0x20, 0x20, 0x66, 0x6C, 0x6F, 0x61, 0x74, 0x33, 0x20, 0x5F, 0x31, 0x38,
    0x36, 0x31, 0x20, 0x3D, 0x20, 0x66, 0x61, 0x73, 0x74, 0x3A, 0x3A, 0x63,
    0x6C, 0x61, 0x6D, 0x70, 0x28, 0x66, 0x6C, 0x6F, 0x61, 0x74, 0x33, 0x28,
    0x5F, 0x31, 0x31, 0x39, 0x39, 0x2E, 0x78, 0x20, 0x2B, 0x20, 0x5F, 0x31,
    0x38, 0x34, 0x37, 0x2C, 0x20, 0x5F, 0x31, 0x31, 0x39, 0x39, 0x2E, 0x79,
    0x20, 0x2B, 0x20, 0x5F, 0x31, 0x38, 0x34, 0x37, 0x2C, 0x20, 0x5F, 0x31,
    0x31, 0x39, 0x39, 0x2E, 0x7A, 0x20, 0x2B, 0x20, 0x5F, 0x31, 0x38, 0x34,
    0x37, 0x29, 0x2C, 0x20, 0x66, 0x6C, 0x6F, 0x61, 0x74, 0x33, 0x28, 0x30,
    0x2E, 0x30, 0x29, 0x2C, 0x20, 0x66, 0x6C, 0x6F, 0x61, 0x74, 0x33, 0x28,
    0x31, 0x2E, 0x30, 0x29, 0x29, 0x3B, 0x0A, 0x20, 0x20, 0x20, 0x20, 0x20,
    0x20, 0x20, 0x20, 0x20, 0x20, 0x20, 0x20, 0x66, 0x6C, 0x6F, 0x61, 0x74,
    0x20, 0x5F, 0x31, 0x38, 0x37, 0x37, 0x20, 0x3D, 0x20, 0x5F, 0x31, 0x38,
    0x33, 0x39, 0x20, 0x2D, 0x20, 0x64, 0x6F, 0x74, 0x28, 0x5F, 0x31, 0x38,
    0x36, 0x31, 0x2C, 0x20, 0x66, 0x6C, 0x6F, 0x61, 0x74, 0x33, 0x28, 0x30,
    0x2E, 0x32, 0x31, 0x32, 0x35, 0x39, 0x39, 0x39, 0x39, 0x32, 0x37, 0x35,
    0x32, 0x30, 0x37, 0x35, 0x31, 0x39, 0x35, 0x33, 0x31, 0x32, 0x35, 0x2C,
    0x20, 0x30, 0x2E, 0x37, 0x31, 0x35, 0x32, 0x30, 0x30, 0x30, 0x30, 0x36,
    0x39, 0x36, 0x31, 0x38, 0x32, 0x32, 0x35, 0x30, 0x39, 0x37, 0x36, 0x35,
    0x36, 0x32, 0x35, 0x2C, 0x20, 0x30, 0x2E, 0x30, 0x37, 0x32, 0x32, 0x30,
    0x30, 0x30, 0x30, 0x30, 0x32, 0x38, 0x36, 0x31, 0x30, 0x32, 0x32, 0x39,
    0x34, 0x39, 0x32, 0x31, 0x38, 0x37, 0x35, 0x29, 0x29, 0x3B, 0x0A, 0x20,
    0x20, 0x20, 0x20, 0x20, 0x20, 0x20, 0x20, 0x20, 0x20, 0x20, 0x20, 0x5F,
    0x32, 0x34, 0x32, 0x38, 0x20, 0x3D, 0x20, 0x5F, 0x31, 0x31, 0x39, 0x33,
    0x2E, 0x77, 0x3B, 0x0A, 0x20, 0x20, 0x20, 0x20, 0x20, 0x20, 0x20, 0x20,
    0x20, 0x20, 0x20, 0x20, 0x5F, 0x32, 0x34, 0x32, 0x37, 0x20, 0x3D, 0x20,
    0x66, 0x61, 0x73, 0x74, 0x3A, 0x3A, 0x63, 0x6C, 0x61, 0x6D, 0x70, 0x28,
    0x66, 0x6C, 0x6F, 0x61, 0x74, 0x33, 0x28, 0x5F, 0x31, 0x38, 0x36, 0x31,
    0x2E, 0x78, 0x20, 0x2B, 0x20, 0x5F, 0x31, 0x38, 0x37, 0x37, 0x2C, 0x20,
    0x5F, 0x31, 0x38, 0x36, 0x31, 0x2E, 0x79, 0x20, 0x2B, 0x20, 0x5F, 0x31,
    0x38, 0x37, 0x37, 0x2C, 0x20, 0x5F, 0x31, 0x38, 0x36, 0x31, 0x2E, 0x7A,
    0x20, 0x2B, 0x20, 0x5F, 0x31, 0x38, 0x37, 0x37, 0x29, 0x2C, 0x20, 0x66,
    0x6C, 0x6F, 0x61, 0x74, 0x33, 0x28, 0x30, 0x2E, 0x30, 0x29, 0x2C, 0x20,
    0x66, 0x6C, 0x6F, 0x61, 0x74, 0x33, 0x28, 0x31, 0x2E, 0x30, 0x29, 0x29,
    0x3B, 0x0A, 0x20, 0x20, 0x20, 0x20, 0x20, 0x20, 0x20, 0x20, 0x20, 0x20,
    0x20, 0x20, 0x62, 0x72, 0x65, 0x61, 0x6B, 0x3B, 0x0A, 0x20, 0x20, 0x20,
    0x20, 0x20, 0x20, 0x20, 0x20, 0x7D, 0x0A, 0x20, 0x20, 0x20, 0x20, 0x20,
    0x20, 0x20, 0x20, 0x63, 0x61, 0x73, 0x65, 0x20, 0x31, 0x34, 0x3A, 0x0A,
    0x20, 0x20, 0x20, 0x20, 0x20, 0x20, 0x20, 0x20, 0x7B, 0x0A, 0x20, 0x20,
    0x20, 0x20, 0x20, 0x20, 0x20, 0x20, 0x20, 0x20, 0x20, 0x20, 0x66, 0x6C,
    0x6F, 0x61, 0x74, 0x20, 0x5F, 0x31, 0x39, 0x31, 0x36, 0x20, 0x3D, 0x20,
    0x64, 0x6F, 0x74, 0x28, 0x5F, 0x31, 0x31, 0x39, 0x33, 0x2E, 0x78, 0x79,
    0x7A, 0x2C, 0x20, 0x66, 0x6C, 0x6F, 0x61, 0x74, 0x33, 0x28, 0x30, 0x2E,
    0x32, 0x31, 0x32, 0x35, 0x39, 0x39, 0x39, 0x39, 0x32, 0x37, 0x35, 0x32,
    0x30, 0x37, 0x35, 0x31, 0x39, 0x35, 0x33, 0x31, 0x32, 0x35, 0x2C, 0x20,
    0x30, 0x2E, 0x37, 0x31, 0x35, 0x32, 0x30, 0x30, 0x30, 0x30, 0x36, 0x39,
    0x36, 0x31, 0x38, 0x32, 0x32, 0x35, 0x30, 0x39, 0x37, 0x36, 0x35, 0x36,
    0x32, 0x35, 0x2C, 0x20, 0x30, 0x2E, 0x30, 0x37, 0x32, 0x32, 0x30, 0x30,
    0x30, 0x30, 0x30, 0x32, 0x38, 0x36, 0x31, 0x30, 0x32, 0x32, 0x39, 0x34,
    0x39, 0x32, 0x31, 0x38, 0x37, 0x35, 0x29, 0x29, 0x20, 0x2D, 0x20, 0x64,
    0x6F, 0x74, 0x28, 0x5F, 0x31, 0x31, 0x39, 0x39, 0x2E, 0x78, 0x79, 0x7A,
    0x2C, 0x20, 0x66, 0x6C, 0x6F, 0x61, 0x74, 0x33, 0x28, 0x30, 0x2E, 0x32,
    0x31, 0x32, 0x35, 0x39, 0x39, 0x39, 0x39, 0x32, 0x37, 0x35, 0x32, 0x30,
    0x37, 0x35, 0x31, 0x39, 0x35, 0x33, 0x31, 0x32, 0x35, 0x2C, 0x20, 0x30,
    0x2E, 0x37, 0x31, 0x35, 0x32, 0x30, 0x30, 0x30, 0x30, 0x36, 0x39, 0x36,
    0x31, 0x38, 0x32, 0x32, 0x35, 0x30, 0x39, 0x37, 0x36, 0x35, 0x36, 0x32,
    0x35, 0x2C, 0x20, 0x30, 0x2E, 0x30, 0x37, 0x32, 0x32, 0x30, 0x30, 0x30,
    0x30, 0x30, 0x32, 0x38, 0x36, 0x31, 0x30, 0x32, 0x32, 0x39, 0x34, 0x39,
    0x32, 0x31, 0x38, 0x37, 0x35, 0x29, 0x29, 0x3B, 0x0A, 0x20, 0x20, 0x20,
    0x20, 0x20, 0x20, 0x20, 0x20, 0x20, 0x20, 0x20, 0x20, 0x5F, 0x32, 0x34,
    0x32, 0x38, 0x20, 0x3D, 0x20, 0x5F, 0x31, 0x31, 0x39, 0x33, 0x2E, 0x77,
    0x3B, 0x0A, 0x20, 0x20, 0x20, 0x20, 0x20, 0x20, 0x20, 0x20, 0x20, 0x20,
    0x20, 0x20, 0x5F, 0x32, 0x34, 0x32, 0x37, 0x20, 0x3D, 0x20, 0x66, 0x61,
    0x73, 0x74, 0x3A, 0x3A, 0x63, 0x6C, 0x61, 0x6D, 0x70, 0x28, 0x66, 0x6C,
    0x6F, 0x61, 0x74, 0x33, 0x28, 0x5F, 0x31, 0x31, 0x39, 0x39, 0x2E, 0x78,
    0x20, 0x2B, 0x20, 0x5F, 0x31, 0x39, 0x31, 0x36, 0x2C, 0x20, 0x5F, 0x31,
    0x31, 0x39, 0x39, 0x2E, 0x79, 0x20, 0x2B, 0x20, 0x5F, 0x31, 0x39, 0x31,
    0x36, 0x2C, 0x20, 0x5F, 0x31, 0x31, 0x39, 0x39, 0x2E, 0x7A, 0x20, 0x2B,
    0x20, 0x5F, 0x31, 0x39, 0x31, 0x36, 0x29, 0x2C, 0x20, 0x66, 0x6C, 0x6F,
    0x61, 0x74, 0x33, 0x28, 0x30, 0x2E, 0x30, 0x29, 0x2C, 0x20, 0x66, 0x6C,
    0x6F, 0x61, 0x74, 0x33, 0x28, 0x31, 0x2E, 0x30, 0x29, 0x29, 0x3B, 0x0A,
    0x20, 0x20, 0x20, 0x20, 0x20, 0x20, 0x20, 0x20, 0x20, 0x20, 0x20, 0x20,
    0x62, 0x72, 0x65, 0x61, 0x6B, 0x3B, 0x0A, 0x20, 0x20, 0x20, 0x20, 0x20,
    0x20, 0x20, 0x20, 0x7D, 0x0A, 0x20, 0x20, 0x20, 0x20, 0x20, 0x20, 0x20,
    0x20, 0x63, 0x61, 0x73, 0x65, 0x20, 0x31, 0x35, 0x3A, 0x0A, 0x20, 0x20,
    0x20, 0x20, 0x20, 0x20, 0x20, 0x20, 0x7B, 0x0A, 0x20, 0x20, 0x20, 0x20,
    0x20, 0x20, 0x20, 0x20, 0x20, 0x20, 0x20, 0x20, 0x66, 0x6C, 0x6F, 0x61,
    0x74, 0x20, 0x5F, 0x31, 0x39, 0x35, 0x35, 0x20, 0x3D, 0x20, 0x64, 0x6F,
    0x74, 0x28, 0x5F, 0x31, 0x31, 0x39, 0x39, 0x2E, 0x78, 0x79, 0x7A, 0x2C,
    0x20, 0x66, 0x6C, 0x6F, 0x61, 0x74, 0x33, 0x28, 0x30, 0x2E, 0x32, 0x31,
    0x32, 0x35, 0x39, 0x39, 0x39, 0x39, 0x32, 0x37, 0x35, 0x32, 0x30, 0x37,
    0x35, 0x31, 0x39, 0x35, 0x33, 0x31, 0x32, 0x35, 0x2C, 0x20, 0x30, 0x2E,
    0x37, 0x31, 0x35, 0x32, 0x30, 0x30, 0x30, 0x30, 0x36, 0x39, 0x36, 0x31,
    0x38, 0x32, 0x32, 0x35, 0x30, 0x39, 0x37, 0x36, 0x35, 0x36, 0x32, 0x35,
    0x2C, 0x20, 0x30, 0x2E, 0x30, 0x37, 0x32, 0x32, 0x30, 0x30, 0x30, 0x30,
    0x30, 0x32, 0x38, 0x36, 0x31, 0x30, 0x32, 0x32, 0x39, 0x34, 0x39, 0x32,
    0x31, 0x38, 0x37, 0x35, 0x29, 0x29, 0x20, 0x2D, 0x20, 0x64, 0x6F, 0x74,
    0x28, 0x5F, 0x31, 0x31, 0x39, 0x33, 0x2E, 0x78, 0x79, 0x7A, 0x2C, 0x20,
    0x66, 0x6C, 0x6F, 0x61, 0x74, 0x33, 0x28, 0x30, 0x2E, 0x32, 0x31, 0x32,
    0x35, 0x39, 0x39, 0x39, 0x39, 0x32, 0x37, 0x35, 0x32, 0x30, 0x37, 0x35,
    0x31, 0x39, 0x35, 0x33, 0x31, 0x32, 0x35, 0x2C, 0x20, 0x30, 0x2E, 0x37,
    0x31, 0x35, 0x32, 0x30, 0x30, 0x30, 0x30, 0x36, 0x39, 0x36, 0x31, 0x38,
    0x32, 0x32, 0x35, 0x30, 0x39, 0x37, 0x36, 0x35, 0x36, 0x32, 0x35, 0x2C,
    0x20, 0x30, 0x2E, 0x30, 0x37, 0x32, 0x32, 0x30, 0x30, 0x30, 0x30, 0x30,
    0x32, 0x38, 0x36, 0x31, 0x30, 0x32, 0x32, 0x39, 0x34, 0x39, 0x32, 0x31,
    0x38, 0x37, 0x35, 0x29, 0x29, 0x3B, 0x0A, 0x20, 0x20, 0x20, 0x20, 0x20,
    0x20, 0x20, 0x20, 0x20, 0x20, 0x20, 0x20, 0x5F, 0x32, 0x34, 0x32, 0x38,
    0x20, 0x3D, 0x20, 0x5F, 0x31, 0x31, 0x39, 0x33, 0x2E, 0x77, 0x3B, 0x0A,
    0x20, 0x20, 0x20, 0x20, 0x20, 0x20, 0x20, 0x20, 0x20, 0x20, 0x20, 0x20,
    0x5F, 0x32, 0x34, 0x32, 0x37, 0x20, 0x3D, 0x20, 0x66, 0x61, 0x73, 0x74,
    0x3A, 0x3A, 0x63, 0x6C, 0x61, 0x6D, 0x70, 0x28, 0x66, 0x6C, 0x6F, 0x61,
    0x74, 0x33, 0x28, 0x5F, 0x31, 0x31, 0x39, 0x33, 0x2E, 0x78, 0x20, 0x2B,
    0x20, 0x5F, 0x31, 0x39, 0x35, 0x35, 0x2C, 0x20, 0x5F, 0x31, 0x31, 0x39,
    0x33, 0x2E, 0x79, 0x20, 0x2B, 0x20, 0x5F, 0x31, 0x39, 0x35, 0x35, 0x2C,
    0x20, 0x5F, 0x31, 0x31, 0x39, 0x33, 0x2E, 0x7A, 0x20, 0x2B, 0x20, 0x5F,
    0x31, 0x39, 0x35, 0x35, 0x29, 0x2C, 0x20, 0x66, 0x6C, 0x6F, 0x61, 0x74,
    0x33, 0x28, 0x30, 0x2E, 0x30, 0x29, 0x2C, 0x20, 0x66, 0x6C, 0x6F, 0x61,
    0x74, 0x33, 0x28, 0x31, 0x2E, 0x30, 0x29, 0x29, 0x3B, 0x0A, 0x20, 0x20,
    0x20, 0x20, 0x20, 0x20, 0x20, 0x20, 0x20, 0x20, 0x20, 0x20, 0x62, 0x72,
    0x65, 0x61, 0x6B, 0x3B, 0x0A, 0x20, 0x20, 0x20, 0x20, 0x20, 0x20, 0x20,
    0x20, 0x7D, 0x0A, 0x20, 0x20, 0x20, 0x20, 0x20, 0x20, 0x20, 0x20, 0x63,
    0x61, 0x73, 0x65, 0x20, 0x31, 0x36, 0x3A, 0x0A, 0x20, 0x20, 0x20, 0x20,
    0x20, 0x20, 0x20, 0x20, 0x7B, 0x0A, 0x20, 0x20, 0x20, 0x20, 0x20, 0x20,
    0x20, 0x20, 0x20, 0x20, 0x20, 0x20, 0x5F, 0x32, 0x34, 0x32, 0x38, 0x20,
    0x3D, 0x20, 0x5F, 0x31, 0x31, 0x39, 0x33, 0x2E, 0x77, 0x3B, 0x0A, 0x20,
    0x20, 0x20, 0x20, 0x20, 0x20, 0x20, 0x20, 0x20, 0x20, 0x20, 0x20, 0x5F,
    0x32, 0x34, 0x32, 0x37, 0x20, 0x3D, 0x20, 0x5F, 0x31, 0x31, 0x39, 0x33,
    0x2E, 0x78, 0x79, 0x7A, 0x20, 0x2B, 0x20, 0x5F, 0x31, 0x31, 0x39, 0x39,
    0x2E, 0x78, 0x79, 0x7A, 0x3B, 0x0A, 0x20, 0x20, 0x20, 0x20, 0x20, 0x20,
    0x20, 0x20, 0x20, 0x20, 0x20, 0x20, 0x62, 0x72, 0x65, 0x61, 0x6B, 0x3B,
    0x0A, 0x20, 0x20, 0x20, 0x20, 0x20, 0x20, 0x20, 0x20, 0x7D, 0x0A, 0x20,
    0x20, 0x20, 0x20, 0x20, 0x20, 0x20, 0x20, 0x63, 0x61, 0x73, 0x65, 0x20,
    0x31, 0x37, 0x3A, 0x0A, 0x20, 0x20, 0x20, 0x20, 0x20, 0x20, 0x20, 0x20,
    0x7B, 0x0A, 0x20, 0x20, 0x20, 0x20, 0x20, 0x20, 0x20, 0x20, 0x20, 0x20,
    0x20, 0x20, 0x5F, 0x32, 0x34, 0x32, 0x38, 0x20, 0x3D, 0x20, 0x5F, 0x31,
    0x31, 0x39, 0x33, 0x2E, 0x77, 0x3B, 0x0A, 0x20, 0x20, 0x20, 0x20, 0x20,
    0x20, 0x20, 0x20, 0x20, 0x20, 0x20, 0x20, 0x5F, 0x32, 0x34, 0x32, 0x37,
    0x20, 0x3D, 0x20, 0x5F, 0x31, 0x31, 0x39, 0x33, 0x2E, 0x78, 0x79, 0x7A,
    0x20, 0x2D, 0x20, 0x5F, 0x31, 0x31, 0x39, 0x39, 0x2E, 0x78, 0x79, 0x7A,
    0x3B, 0x0A, 0x20, 0x20, 0x20, 0x20, 0x20, 0x20, 0x20, 0x20, 0x20, 0x20,
    0x20, 0x20, 0x62, 0x72, 0x65, 0x61, 0x6B, 0x3B, 0x0A, 0x20, 0x20, 0x20,
    0x20, 0x20, 0x20, 0x20, 0x20, 0x7D, 0x0A, 0x20, 0x20, 0x20, 0x20, 0x20,
    0x20, 0x20, 0x20, 0x63, 0x61, 0x73, 0x65, 0x20, 0x31, 0x38, 0x3A, 0x0A,
    0x20, 0x20, 0x20, 0x20, 0x20, 0x20, 0x20, 0x20, 0x7B, 0x0A, 0x20, 0x20,
    0x20, 0x20, 0x20, 0x20, 0x20, 0x20, 0x20, 0x20, 0x20, 0x20, 0x5F, 0x32,
    0x34, 0x32, 0x38, 0x20, 0x3D, 0x20, 0x5F, 0x31, 0x31, 0x39, 0x33, 0x2E,
    0x77, 0x3B, 0x0A, 0x20, 0x20, 0x20, 0x20, 0x20, 0x20, 0x20, 0x20, 0x20,
    0x20, 0x20, 0x20, 0x5F, 0x32, 0x34, 0x32, 0x37, 0x20, 0x3D, 0x20, 0x5F,
    0x31, 0x31, 0x39, 0x33, 0x2E, 0x78, 0x79, 0x7A, 0x20, 0x2F, 0x20, 0x5F,
    0x31, 0x31, 0x39, 0x39, 0x2E, 0x78, 0x79, 0x7A, 0x3B, 0x0A, 0x20, 0x20,
    0x20, 0x20, 0x20, 0x20, 0x20, 0x20, 0x20, 0x20, 0x20, 0x20, 0x62, 0x72,
    0x65, 0x61, 0x6B, 0x3B, 0x0A, 0x20, 0x20, 0x20, 0x20, 0x20, 0x20, 0x20,
    0x20, 0x7D, 0x0A, 0x20, 0x20, 0x20, 0x20, 0x20, 0x20, 0x20, 0x20, 0x63,
    0x61, 0x73, 0x65, 0x20, 0x31, 0x39, 0x3A, 0x0A, 0x20, 0x20, 0x20, 0x20,
    0x20, 0x20, 0x20, 0x20, 0x7B, 0x0A, 0x20, 0x20, 0x20, 0x20, 0x20, 0x20,
    0x20, 0x20, 0x20, 0x20, 0x20, 0x20, 0x5F, 0x32, 0x34, 0x32, 0x38, 0x20,
    0x3D, 0x20, 0x5F, 0x31, 0x31, 0x39, 0x33, 0x2E, 0x77, 0x3B, 0x0A, 0x20,
    0x20, 0x20, 0x20, 0x20, 0x20, 0x20, 0x20, 0x20, 0x20, 0x20, 0x20, 0x5F,
    0x32, 0x34, 0x32, 0x37, 0x20, 0x3D, 0x20, 0x28, 0x5F, 0x31, 0x31, 0x39,
    0x33, 0x2E, 0x78, 0x79, 0x7A, 0x20, 0x2B, 0x20, 0x5F, 0x31, 0x31, 0x39,
    0x39, 0x2E, 0x78, 0x79, 0x7A, 0x29, 0x20, 0x2D, 0x20, 0x66, 0x6C, 0x6F,
    0x61, 0x74, 0x33, 0x28, 0x31, 0x2E, 0x30, 0x29, 0x3B, 0x0A, 0x20, 0x20,
    0x20, 0x20, 0x20, 0x20, 0x20, 0x20, 0x20, 0x20, 0x20, 0x20, 0x62, 0x72,
    0x65, 0x61, 0x6B, 0x3B, 0x0A, 0x20, 0x20, 0x20, 0x20, 0x20, 0x20, 0x20,
    0x20, 0x7D, 0x0A, 0x20, 0x20, 0x20, 0x20, 0x20, 0x20, 0x20, 0x20, 0x63,
    0x61, 0x73, 0x65, 0x20, 0x32, 0x30, 0x3A, 0x0A, 0x20, 0x20, 0x20, 0x20,
    0x20, 0x20, 0x20, 0x20, 0x7B, 0x0A, 0x20, 0x20, 0x20, 0x20, 0x20, 0x20,
    0x20, 0x20, 0x20, 0x20, 0x20, 0x20, 0x5F, 0x32, 0x34, 0x32, 0x38, 0x20,
    0x3D, 0x20, 0x5F, 0x31, 0x31, 0x39, 0x33, 0x2E, 0x77, 0x3B, 0x0A, 0x20,
    0x20, 0x20, 0x20, 0x20, 0x20, 0x20, 0x20, 0x20, 0x20, 0x20, 0x20, 0x5F,
    0x32, 0x34, 0x32, 0x37, 0x20, 0x3D, 0x20, 0x5F, 0x31, 0x31, 0x39, 0x33,
    0x2E, 0x78, 0x79, 0x7A, 0x20, 0x2B, 0x20, 0x5F, 0x31, 0x31, 0x39, 0x39,
    0x2E, 0x78, 0x79, 0x7A, 0x3B, 0x0A, 0x20, 0x20, 0x20, 0x20, 0x20, 0x20,
    0x20, 0x20, 0x20, 0x20, 0x20, 0x20, 0x62, 0x72, 0x65, 0x61, 0x6B, 0x3B,
    0x0A, 0x20, 0x20, 0x20, 0x20, 0x20, 0x20, 0x20, 0x20, 0x7D, 0x0A, 0x20,
    0x20, 0x20, 0x20, 0x20, 0x20, 0x20, 0x20, 0x63, 0x61, 0x73, 0x65, 0x20,
    0x32, 0x31, 0x3A, 0x0A, 0x20, 0x20, 0x20, 0x20, 0x20, 0x20, 0x20, 0x20,
    0x7B, 0x0A, 0x20, 0x20, 0x20, 0x20, 0x20, 0x20, 0x20, 0x20, 0x20, 0x20,
    0x20, 0x20, 0x66, 0x6C, 0x6F, 0x61, 0x74, 0x20, 0x5F, 0x32, 0x30, 0x31,
    0x36, 0x20, 0x3D, 0x20, 0x5F, 0x31, 0x31, 0x39, 0x39, 0x2E, 0x78, 0x3B,
    0x0A, 0x20, 0x20, 0x20, 0x20, 0x20, 0x20, 0x20, 0x20, 0x20, 0x20, 0x20,
    0x20, 0x66, 0x6C, 0x6F, 0x61, 0x74, 0x20, 0x5F, 0x32, 0x30, 0x32, 0x30,
    0x20, 0x3D, 0x20, 0x32, 0x2E, 0x30, 0x20, 0x2A, 0x20, 0x5F, 0x32, 0x30,
    0x31, 0x36, 0x3B, 0x0A, 0x20, 0x20, 0x20, 0x20, 0x20, 0x20, 0x20, 0x20,
    0x20, 0x20, 0x20, 0x20, 0x66, 0x6C, 0x6F, 0x61, 0x74, 0x20, 0x5F, 0x32,
    0x30, 0x32, 0x32, 0x20, 0x3D, 0x20, 0x5F, 0x31, 0x31, 0x39, 0x33, 0x2E,
    0x78, 0x3B, 0x0A, 0x20, 0x20, 0x20, 0x20, 0x20, 0x20, 0x20, 0x20, 0x20,
    0x20, 0x20, 0x20, 0x66, 0x6C, 0x6F, 0x61, 0x74, 0x20, 0x5F, 0x32, 0x30,
    0x32, 0x37, 0x20, 0x3D, 0x20, 0x32, 0x2E, 0x30, 0x20, 0x2A, 0x20, 0x28,
    0x5F, 0x32, 0x30, 0x31, 0x36, 0x20, 0x2D, 0x20, 0x30, 0x2E, 0x35, 0x29,
    0x3B, 0x0A, 0x20, 0x20, 0x20, 0x20, 0x20, 0x20, 0x20, 0x20, 0x20, 0x20,
    0x20, 0x20, 0x66, 0x6C, 0x6F, 0x61, 0x74, 0x20, 0x5F, 0x32, 0x30, 0x33,
    0x34, 0x20, 0x3D, 0x20, 0x5F, 0x31, 0x31, 0x39, 0x39, 0x2E, 0x79, 0x3B,
    0x0A, 0x20, 0x20, 0x20, 0x20, 0x20, 0x20, 0x20, 0x20, 0x20, 0x20, 0x20,
    0x20, 0x66, 0x6C, 0x6F, 0x61, 0x74, 0x20, 0x5F, 0x32, 0x30, 0x33, 0x38,
    0x20, 0x3D, 0x20, 0x32, 0x2E, 0x30, 0x20, 0x2A, 0x20, 0x5F, 0x32, 0x30,
    0x33, 0x34, 0x3B, 0x0A, 0x20, 0x20, 0x20, 0x20, 0x20, 0x20, 0x20, 0x20,
    0x20, 0x20, 0x20, 0x20, 0x66, 0x6C, 0x6F, 0x61, 0x74, 0x20, 0x5F, 0x32,
    0x30, 0x34, 0x30, 0x20, 0x3D, 0x20, 0x5F, 0x31, 0x31, 0x39, 0x33, 0x2E,
    0x79, 0x3B, 0x0A, 0x20, 0x20, 0x20, 0x20, 0x20, 0x20, 0x20, 0x20, 0x20,
    0x20, 0x20, 0x20, 0x66, 0x6C, 0x6F, 0x61, 0x74, 0x20, 0x5F, 0x32, 0x30,
    0x34, 0x35, 0x20, 0x3D, 0x20, 0x32, 0x2E, 0x30, 0x20, 0x2A, 0x20, 0x28,
    0x5F, 0x32, 0x30, 0x33, 0x34, 0x20, 0x2D, 0x20, 0x30, 0x2E, 0x35, 0x29,
    0x3B, 0x0A, 0x20, 0x20, 0x20, 0x20, 0x20, 0x20, 0x20, 0x20, 0x20, 0x20,
    0x20, 0x20, 0x66, 0x6C, 0x6F, 0x61, 0x74, 0x20, 0x5F, 0x32, 0x30, 0x35,
    0x32, 0x20, 0x3D, 0x20, 0x5F, 0x31, 0x31, 0x39, 0x39, 0x2E, 0x7A, 0x3B,
    0x0A, 0x20, 0x20, 0x20, 0x20, 0x20, 0x20, 0x20, 0x20, 0x20, 0x20, 0x20,
    0x20, 0x66, 0x6C, 0x6F, 0x61, 0x74, 0x20, 0x5F, 0x32, 0x30, 0x35, 0x36,
    0x20, 0x3D, 0x20, 0x32, 0x2E, 0x30, 0x20, 0x2A, 0x20, 0x5F, 0x32, 0x30,
    0x35, 0x32, 0x3B, 0x0A, 0x20, 0x20, 0x20, 0x20, 0x20, 0x20, 0x20, 0x20,
    0x20, 0x20, 0x20, 0x20, 0x66, 0x6C, 0x6F, 0x61, 0x74, 0x20, 0x5F, 0x32,
    0x30, 0x35, 0x38, 0x20, 0x3D, 0x20, 0x5F, 0x31, 0x31, 0x39, 0x33, 0x2E,
    0x7A, 0x3B, 0x0A, 0x20, 0x20, 0x20, 0x20, 0x20, 0x20, 0x20, 0x20, 0x20,
    0x20, 0x20, 0x20, 0x66, 0x6C, 0x6F, 0x61, 0x74, 0x20, 0x5F, 0x32, 0x30,
    0x36, 0x33, 0x20, 0x3D, 0x20, 0x32, 0x2E, 0x30, 0x20, 0x2A, 0x20, 0x28,
    0x5F, 0x32, 0x30, 0x35, 0x32, 0x20, 0x2D, 0x20, 0x30, 0x2E, 0x35, 0x29,
    0x3B, 0x0A, 0x20, 0x20, 0x20, 0x20, 0x20, 0x20, 0x20, 0x20, 0x20, 0x20,
    0x20, 0x20, 0x5F, 0x32, 0x34, 0x32, 0x38, 0x20, 0x3D, 0x20, 0x5F, 0x31,
    0x31, 0x39, 0x33, 0x2E, 0x77, 0x3B, 0x0A, 0x20, 0x20, 0x20, 0x20, 0x20,
    0x20, 0x20, 0x20, 0x20, 0x20, 0x20, 0x20, 0x5F, 0x32, 0x34, 0x32, 0x37,
    0x20, 0x3D, 0x20, 0x66, 0x6C, 0x6F, 0x61, 0x74, 0x33, 0x28, 0x28, 0x5F,
    0x32, 0x30, 0x31, 0x36, 0x20, 0x3C, 0x20, 0x30, 0x2E, 0x35, 0x29, 0x20,
    0x3F, 0x20, 0x28, 0x28, 0x5F, 0x32, 0x30, 0x32, 0x30, 0x20, 0x3C, 0x3D,
    0x20, 0x30, 0x2E, 0x30, 0x29, 0x20, 0x3F, 0x20, 0x30, 0x2E, 0x30, 0x20,
    0x3A, 0x20, 0x28, 0x31, 0x2E, 0x30, 0x20, 0x2D, 0x20, 0x66, 0x61, 0x73,
    0x74, 0x3A, 0x3A, 0x6D, 0x69, 0x6E, 0x28, 0x31, 0x2E, 0x30, 0x2C, 0x20,
    0x28, 0x31, 0x2E, 0x30, 0x20, 0x2D, 0x20, 0x5F, 0x32, 0x30, 0x32, 0x32,
    0x29, 0x20, 0x2F, 0x20, 0x5F, 0x32, 0x30, 0x32, 0x30, 0x29, 0x29, 0x29,
    0x20, 0x3A, 0x20, 0x28, 0x28, 0x5F, 0x32, 0x30, 0x32, 0x37, 0x20, 0x3E,
    0x3D, 0x20, 0x31, 0x2E, 0x30, 0x29, 0x20, 0x3F, 0x20, 0x31, 0x2E, 0x30,
    0x20, 0x3A, 0x20, 0x66, 0x61, 0x73, 0x74, 0x3A, 0x3A, 0x6D, 0x69, 0x6E,
    0x28, 0x31, 0x2E, 0x30, 0x2C, 0x20, 0x5F, 0x32, 0x30, 0x32, 0x32, 0x20,
    0x2F, 0x20, 0x28, 0x31, 0x2E, 0x30, 0x20, 0x2D, 0x20, 0x5F, 0x32, 0x30,
    0x32, 0x37, 0x29, 0x29, 0x29, 0x2C, 0x20, 0x28, 0x5F, 0x32, 0x30, 0x33,
    0x34, 0x20, 0x3C, 0x20, 0x30, 0x2E, 0x35, 0x29, 0x20, 0x3F, 0x20, 0x28,
    0x28, 0x5F, 0x32, 0x30, 0x33, 0x38, 0x20, 0x3C, 0x3D, 0x20, 0x30, 0x2E,
    0x30, 0x29, 0x20, 0x3F, 0x20, 0x30, 0x2E, 0x30, 0x20, 0x3A, 0x20, 0x28,
    0x31, 0x2E, 0x30, 0x20, 0x2D, 0x20, 0x66, 0x61, 0x73, 0x74, 0x3A, 0x3A,
    0x6D, 0x69, 0x6E, 0x28, 0x31, 0x2E, 0x30, 0x2C, 0x20, 0x28, 0x31, 0x2E,
    0x30, 0x20, 0x2D, 0x20, 0x5F, 0x32, 0x30, 0x34, 0x30, 0x29, 0x20, 0x2F,
    0x20, 0x5F, 0x32, 0x30, 0x33, 0x38, 0x29, 0x29, 0x29, 0x20, 0x3A, 0x20,
    0x28, 0x28, 0x5F, 0x32, 0x30, 0x34, 0x35, 0x20, 0x3E, 0x3D, 0x20, 0x31,
    0x2E, 0x30, 0x29, 0x20, 0x3F, 0x20, 0x31, 0x2E, 0x30, 0x20, 0x3A, 0x20,
    0x66, 0x61, 0x73, 0x74, 0x3A, 0x3A, 0x6D, 0x69, 0x6E, 0x28, 0x31, 0x2E,
    0x30, 0x2C, 0x20, 0x5F, 0x32, 0x30, 0x34, 0x30, 0x20, 0x2F, 0x20, 0x28,
    0x31, 0x2E, 0x30, 0x20, 0x2D, 0x20, 0x5F, 0x32, 0x30, 0x34, 0x35, 0x29,
    0x29, 0x29, 0x2C, 0x20, 0x28, 0x5F, 0x32, 0x30, 0x35, 0x32, 0x20, 0x3C,
    0x20, 0x30, 0x2E, 0x35, 0x29, 0x20, 0x3F, 0x20, 0x28, 0x28, 0x5F, 0x32,
    0x30, 0x35, 0x36, 0x20, 0x3C, 0x3D, 0x20, 0x30, 0x2E, 0x30, 0x29, 0x20,
    0x3F, 0x20, 0x30, 0x2E, 0x30, 0x20, 0x3A, 0x20, 0x28, 0x31, 0x2E, 0x30,
    0x20, 0x2D, 0x20, 0x66, 0x61, 0x73, 0x74, 0x3A, 0x3A, 0x6D, 0x69, 0x6E,
    0x28, 0x31, 0x2E, 0x30, 0x2C, 0x20, 0x28, 0x31, 0x2E, 0x30, 0x20, 0x2D,
    0x20, 0x5F, 0x32, 0x30, 0x35, 0x38, 0x29, 0x20, 0x2F, 0x20, 0x5F, 0x32,
    0x30, 0x35, 0x36, 0x29, 0x29, 0x29, 0x20, 0x3A, 0x20, 0x28, 0x28, 0x5F,
    0x32, 0x30, 0x36, 0x33, 0x20, 0x3E, 0x3D, 0x20, 0x31, 0x2E, 0x30, 0x29,
    0x20, 0x3F, 0x20, 0x31, 0x2E, 0x30, 0x20, 0x3A, 0x20, 0x66, 0x61, 0x73,
    0x74, 0x3A, 0x3A, 0x6D, 0x69, 0x6E, 0x28, 0x31, 0x2E, 0x30, 0x2C, 0x20,
    0x5F, 0x32, 0x30, 0x35, 0x38, 0x20, 0x2F, 0x20, 0x28, 0x31, 0x2E, 0x30,
    0x20, 0x2D, 0x20, 0x5F, 0x32, 0x30, 0x36, 0x33, 0x29, 0x29, 0x29, 0x29,
    0x3B, 0x0A, 0x20, 0x20, 0x20, 0x20, 0x20, 0x20, 0x20, 0x20, 0x20, 0x20,
    0x20, 0x20, 0x62, 0x72, 0x65, 0x61, 0x6B, 0x3B, 0x0A, 0x20, 0x20, 0x20,
    0x20, 0x20, 0x20, 0x20, 0x20, 0x7D, 0x0A, 0x20, 0x20, 0x20, 0x20, 0x20,
    0x20, 0x20, 0x20, 0x63, 0x61, 0x73, 0x65, 0x20, 0x32, 0x32, 0x3A, 0x0A,
    0x20, 0x20, 0x20, 0x20, 0x20, 0x20, 0x20, 0x20, 0x7B, 0x0A, 0x20, 0x20,
    0x20, 0x20, 0x20, 0x20, 0x20, 0x20, 0x20, 0x20, 0x20, 0x20, 0x5F, 0x32,
    0x34, 0x32, 0x38, 0x20, 0x3D, 0x20, 0x5F, 0x31, 0x31, 0x39, 0x33, 0x2E,
    0x77, 0x3B, 0x0A, 0x20, 0x20, 0x20, 0x20, 0x20, 0x20, 0x20, 0x20, 0x20,
    0x20, 0x20, 0x20, 0x5F, 0x32, 0x34, 0x32, 0x37, 0x20, 0x3D, 0x20, 0x5F,
    0x31, 0x31, 0x39, 0x33, 0x2E, 0x78, 0x79, 0x7A, 0x20, 0x2B, 0x20, 0x28,
    0x28, 0x5F, 0x31, 0x31, 0x39, 0x39, 0x2E, 0x78, 0x79, 0x7A, 0x20, 0x2A,
    0x20, 0x32, 0x2E, 0x30, 0x29, 0x20, 0x2D, 0x20, 0x66, 0x6C, 0x6F, 0x61,
    0x74, 0x33, 0x28, 0x31, 0x2E, 0x30, 0x29, 0x29, 0x3B, 0x0A, 0x20, 0x20,
    0x20, 0x20, 0x20, 0x20, 0x20, 0x20, 0x20, 0x20, 0x20, 0x20, 0x62, 0x72,
    0x65, 0x61, 0x6B, 0x3B, 0x0A, 0x20, 0x20, 0x20, 0x20, 0x20, 0x20, 0x20,
    0x20, 0x7D, 0x0A, 0x20, 0x20, 0x20, 0x20, 0x20, 0x20, 0x20, 0x20, 0x63,
    0x61, 0x73, 0x65, 0x20, 0x32, 0x33, 0x3A, 0x0A, 0x20, 0x20, 0x20, 0x20,
    0x20, 0x20, 0x20, 0x20, 0x7B, 0x0A, 0x20, 0x20, 0x20, 0x20, 0x20, 0x20,
    0x20, 0x20, 0x20, 0x20, 0x20, 0x20, 0x66, 0x6C, 0x6F, 0x61, 0x74, 0x20,
    0x5F, 0x32, 0x31, 0x35, 0x31, 0x20, 0x3D, 0x20, 0x5F, 0x31, 0x31, 0x39,
    0x39, 0x2E, 0x78, 0x3B, 0x0A, 0x20, 0x20, 0x20, 0x20, 0x20, 0x20, 0x20,
    0x20, 0x20, 0x20, 0x20, 0x20, 0x66, 0x6C, 0x6F, 0x61, 0x74, 0x20, 0x5F,
    0x32, 0x31, 0x35, 0x34, 0x20, 0x3D, 0x20, 0x5F, 0x31, 0x31, 0x39, 0x33,
    0x2E, 0x78, 0x3B, 0x0A, 0x20, 0x20, 0x20, 0x20, 0x20, 0x20, 0x20, 0x20,
    0x20, 0x20, 0x20, 0x20, 0x66, 0x6C, 0x6F, 0x61, 0x74, 0x20, 0x5F, 0x32,
    0x31, 0x36, 0x39, 0x20, 0x3D, 0x20, 0x5F, 0x31, 0x31, 0x39, 0x39, 0x2E,
    0x79, 0x3B, 0x0A, 0x20, 0x20, 0x20, 0x20, 0x20, 0x20, 0x20, 0x20, 0x20,
    0x20, 0x20, 0x20, 0x66, 0x6C, 0x6F, 0x61, 0x74, 0x20, 0x5F, 0x32, 0x31,
    0x37, 0x32, 0x20, 0x3D, 0x20, 0x5F, 0x31, 0x31, 0x39, 0x33, 0x2E, 0x79,
    0x3B, 0x0A, 0x20, 0x20, 0x20, 0x20, 0x20, 0x20, 0x20, 0x20, 0x20, 0x20,
    0x20, 0x20, 0x66, 0x6C, 0x6F, 0x61, 0x74, 0x20, 0x5F, 0x32, 0x31, 0x38,
    0x37, 0x20, 0x3D, 0x20, 0x5F, 0x31, 0x31, 0x39, 0x39, 0x2E, 0x7A, 0x3B,
    0x0A, 0x20, 0x20, 0x20, 0x20, 0x20, 0x20, 0x20, 0x20, 0x20, 0x20, 0x20,
    0x20, 0x66, 0x6C, 0x6F, 0x61, 0x74, 0x20, 0x5F, 0x32, 0x31, 0x39, 0x30,
    0x20, 0x3D, 0x20, 0x5F, 0x31, 0x31, 0x39, 0x33, 0x2E, 0x7A, 0x3B, 0x0A,
    0x20, 0x20, 0x20, 0x20, 0x20, 0x20, 0x20, 0x20, 0x20, 0x20, 0x20, 0x20,
    0x5F, 0x32, 0x34, 0x32, 0x38, 0x20, 0x3D, 0x20, 0x5F, 0x31, 0x31, 0x39,
    0x33, 0x2E, 0x77, 0x3B, 0x0A, 0x20, 0x20, 0x20, 0x20, 0x20, 0x20, 0x20,
    0x20, 0x20, 0x20, 0x20, 0x20, 0x5F, 0x32, 0x34, 0x32, 0x37, 0x20, 0x3D,
    0x20, 0x66, 0x6C, 0x6F, 0x61, 0x74, 0x33, 0x28, 0x28, 0x5F, 0x32, 0x31,
    0x35, 0x31, 0x20, 0x3C, 0x20, 0x30, 0x2E, 0x35, 0x29, 0x20, 0x3F, 0x20,
    0x66, 0x61, 0x73, 0x74, 0x3A, 0x3A, 0x6D, 0x69, 0x6E, 0x28, 0x5F, 0x32,
    0x31, 0x35, 0x34, 0x2C, 0x20, 0x32, 0x2E, 0x30, 0x20, 0x2A, 0x20, 0x5F,
    0x32, 0x31, 0x35, 0x31, 0x29, 0x20, 0x3A, 0x20, 0x66, 0x61, 0x73, 0x74,
    0x3A, 0x3A, 0x6D, 0x61, 0x78, 0x28, 0x5F, 0x32, 0x31, 0x35, 0x34, 0x2C,
    0x20, 0x32, 0x2E, 0x30, 0x20, 0x2A, 0x20, 0x28, 0x5F, 0x32, 0x31, 0x35,
    0x31, 0x20, 0x2D, 0x20, 0x30, 0x2E, 0x35, 0x29, 0x29, 0x2C, 0x20, 0x28,
    0x5F, 0x32, 0x31, 0x36, 0x39, 0x20, 0x3C, 0x20, 0x30, 0x2E, 0x35, 0x29,
    0x20, 0x3F, 0x20, 0x66, 0x61, 0x73, 0x74, 0x3A, 0x3A, 0x6D, 0x69, 0x6E,
    0x28, 0x5F, 0x32, 0x31, 0x37, 0x32, 0x2C, 0x20, 0x32, 0x2E, 0x30, 0x20,
    0x2A, 0x20, 0x5F, 0x32, 0x31, 0x36, 0x39, 0x29, 0x20, 0x3A, 0x20, 0x66,
    0x61, 0x73, 0x74, 0x3A, 0x3A, 0x6D, 0x61, 0x78, 0x28, 0x5F, 0x32, 0x31,
    0x37, 0x32, 0x2C, 0x20, 0x32, 0x2E, 0x30, 0x20, 0x2A, 0x20, 0x28, 0x5F,
    0x32, 0x31, 0x36, 0x39, 0x20, 0x2D, 0x20, 0x30, 0x2E, 0x35, 0x29, 0x29,
    0x2C, 0x20, 0x28, 0x5F, 0x32, 0x31, 0x38, 0x37, 0x20, 0x3C, 0x20, 0x30,
    0x2E, 0x35, 0x29, 0x20, 0x3F, 0x20, 0x66, 0x61, 0x73, 0x74, 0x3A, 0x3A,
    0x6D, 0x69, 0x6E, 0x28, 0x5F, 0x32, 0x31, 0x39, 0x30, 0x2C, 0x20, 0x32,
    0x2E, 0x30, 0x20, 0x2A, 0x20, 0x5F, 0x32, 0x31, 0x38, 0x37, 0x29, 0x20,
    0x3A, 0x20, 0x66, 0x61, 0x73, 0x74, 0x3A, 0x3A, 0x6D, 0x61, 0x78, 0x28,
    0x5F, 0x32, 0x31, 0x39, 0x30, 0x2C, 0x20, 0x32, 0x2E, 0x30, 0x20, 0x2A,
    0x20, 0x28, 0x5F, 0x32, 0x31, 0x38, 0x37, 0x20, 0x2D, 0x20, 0x30, 0x2E,
    0x35, 0x29, 0x29, 0x29, 0x3B, 0x0A, 0x20, 0x20, 0x20, 0x20, 0x20, 0x20,
    0x20, 0x20, 0x20, 0x20, 0x20, 0x20, 0x62, 0x72, 0x65, 0x61, 0x6B, 0x3B,
    0x0A, 0x20, 0x20, 0x20, 0x20, 0x20, 0x20, 0x20, 0x20, 0x7D, 0x0A, 0x20,
    0x20, 0x20, 0x20, 0x20, 0x20, 0x20, 0x20, 0x63, 0x61, 0x73, 0x65, 0x20,
    0x32, 0x34, 0x3A, 0x0A, 0x20, 0x20, 0x20, 0x20, 0x20, 0x20, 0x20, 0x20,
    0x7B, 0x0A, 0x20, 0x20, 0x20, 0x20, 0x20, 0x20, 0x20, 0x20, 0x20, 0x20,
    0x20, 0x20, 0x5F, 0x32, 0x34, 0x32, 0x38, 0x20, 0x3D, 0x20, 0x5F, 0x31,
    0x31, 0x39, 0x33, 0x2E, 0x77, 0x3B, 0x0A, 0x20, 0x20, 0x20, 0x20, 0x20,
    0x20, 0x20, 0x20, 0x20, 0x20, 0x20, 0x20, 0x5F, 0x32, 0x34, 0x32, 0x37,
    0x20, 0x3D, 0x20, 0x66, 0x6C, 0x6F, 0x61, 0x74, 0x33, 0x28, 0x28, 0x28,
    0x5F, 0x31, 0x31, 0x39, 0x33, 0x2E, 0x78, 0x20, 0x2B, 0x20, 0x5F, 0x31,
    0x31, 0x39, 0x39, 0x2E, 0x78, 0x29, 0x20, 0x3C, 0x20, 0x31, 0x2E, 0x30,
    0x29, 0x20, 0x3F, 0x20, 0x30, 0x2E, 0x30, 0x20, 0x3A, 0x20, 0x31, 0x2E,
    0x30, 0x2C, 0x20, 0x28, 0x28, 0x5F, 0x31, 0x31, 0x39, 0x33, 0x2E, 0x79,
    0x20, 0x2B, 0x20, 0x5F, 0x31, 0x31, 0x39, 0x39, 0x2E, 0x79, 0x29, 0x20,
    0x3C, 0x20, 0x31, 0x2E, 0x30, 0x29, 0x20, 0x3F, 0x20, 0x30, 0x2E, 0x30,
    0x20, 0x3A, 0x20, 0x31, 0x2E, 0x30, 0x2C, 0x20, 0x28, 0x28, 0x5F, 0x31,
    0x31, 0x39, 0x33, 0x2E, 0x7A, 0x20, 0x2B, 0x20, 0x5F, 0x31, 0x31, 0x39,
    0x39, 0x2E, 0x7A, 0x29, 0x20, 0x3C, 0x20, 0x31, 0x2E, 0x30, 0x29, 0x20,
    0x3F, 0x20, 0x30, 0x2E, 0x30, 0x20, 0x3A, 0x20, 0x31, 0x2E, 0x30, 0x29,
    0x3B, 0x0A, 0x20, 0x20, 0x20, 0x20, 0x20, 0x20, 0x20, 0x20, 0x20, 0x20,
    0x20, 0x20, 0x62, 0x72, 0x65, 0x61, 0x6B, 0x3B, 0x0A, 0x20, 0x20, 0x20,
    0x20, 0x20, 0x20, 0x20, 0x20, 0x7D, 0x0A, 0x20, 0x20, 0x20, 0x20, 0x20,
    0x20, 0x20, 0x20, 0x63, 0x61, 0x73, 0x65, 0x20, 0x32, 0x35, 0x3A, 0x0A,
    0x20, 0x20, 0x20, 0x20, 0x20, 0x20, 0x20, 0x20, 0x7B, 0x0A, 0x20, 0x20,
    0x20, 0x20, 0x20, 0x20, 0x20, 0x20, 0x20, 0x20, 0x20, 0x20, 0x5F, 0x32,
    0x34, 0x32, 0x38, 0x20, 0x3D, 0x20, 0x5F, 0x31, 0x31, 0x39, 0x33, 0x2E,
    0x77, 0x3B, 0x0A, 0x20, 0x20, 0x20, 0x20, 0x20, 0x20, 0x20, 0x20, 0x20,
    0x20, 0x20, 0x20, 0x5F, 0x32, 0x34, 0x32, 0x37, 0x20, 0x3D, 0x20, 0x66,
    0x6C, 0x6F, 0x61, 0x74, 0x33, 0x28, 0x31, 0x2E, 0x30, 0x29, 0x20, 0x2D,
    0x20, 0x5F, 0x31, 0x31, 0x39, 0x33, 0x2E, 0x78, 0x79, 0x7A, 0x3B, 0x0A,
    0x20, 0x20, 0x20, 0x20, 0x20, 0x20, 0x20, 0x20, 0x20, 0x20, 0x20, 0x20,
    0x62, 0x72, 0x65, 0x61, 0x6B, 0x3B, 0x0A, 0x20, 0x20, 0x20, 0x20, 0x20,
    0x20, 0x20, 0x20, 0x7D, 0x0A, 0x20, 0x20, 0x20, 0x20, 0x20, 0x20, 0x20,
    0x20, 0x63, 0x61, 0x73, 0x65, 0x20, 0x32, 0x36, 0x3A, 0x0A, 0x20, 0x20,
    0x20, 0x20, 0x20, 0x20, 0x20, 0x20, 0x7B, 0x0A, 0x20, 0x20, 0x20, 0x20,
    0x20, 0x20, 0x20, 0x20, 0x20, 0x20, 0x20, 0x20, 0x5F, 0x32, 0x34, 0x32,
    0x38, 0x20, 0x3D, 0x20, 0x5F, 0x31, 0x31, 0x39, 0x33, 0x2E, 0x77, 0x20,
    0x2A, 0x20, 0x5F, 0x31, 0x31, 0x39, 0x39, 0x2E, 0x77, 0x3B, 0x0A, 0x20,
    0x20, 0x20, 0x20, 0x20, 0x20, 0x20, 0x20, 0x20, 0x20, 0x20, 0x20, 0x5F,
    0x32, 0x34, 0x32, 0x37, 0x20, 0x3D, 0x20, 0x5F, 0x31, 0x31, 0x39, 0x33,
    0x2E, 0x78, 0x79, 0x7A, 0x3B, 0x0A, 0x20, 0x20, 0x20, 0x20, 0x20, 0x20,
    0x20, 0x20, 0x20, 0x20, 0x20, 0x20, 0x62, 0x72, 0x65, 0x61, 0x6B, 0x3B,
    0x0A, 0x20, 0x20, 0x20, 0x20, 0x20, 0x20, 0x20, 0x20, 0x7D, 0x0A, 0x20,
    0x20, 0x20, 0x20, 0x20, 0x20, 0x20, 0x20, 0x63, 0x61, 0x73, 0x65, 0x20,
    0x32, 0x37, 0x3A, 0x0A, 0x20, 0x20, 0x20, 0x20, 0x20, 0x20, 0x20, 0x20,
    0x7B, 0x0A, 0x20, 0x20, 0x20, 0x20, 0x20, 0x20, 0x20, 0x20, 0x20, 0x20,
    0x20, 0x20, 0x5F, 0x32, 0x34, 0x32, 0x38, 0x20, 0x3D, 0x20, 0x5F, 0x31,
    0x31, 0x39, 0x33, 0x2E, 0x77, 0x20, 0x2A, 0x20, 0x28, 0x31, 0x2E, 0x30,
    0x20, 0x2D, 0x20, 0x5F, 0x31, 0x31, 0x39, 0x39, 0x2E, 0x77, 0x29, 0x3B,
    0x0A, 0x20, 0x20, 0x20, 0x20, 0x20, 0x20, 0x20, 0x20, 0x20, 0x20, 0x20,
    0x20, 0x5F, 0x32, 0x34, 0x32, 0x37, 0x20, 0x3D, 0x20, 0x5F, 0x31, 0x31,
    0x39, 0x33, 0x2E, 0x78, 0x79, 0x7A, 0x3B, 0x0A, 0x20, 0x20, 0x20, 0x20,
    0x20, 0x20, 0x20, 0x20, 0x20, 0x20, 0x20, 0x20, 0x62, 0x72, 0x65, 0x61,
    0x6B, 0x3B, 0x0A, 0x20, 0x20, 0x20, 0x20, 0x20, 0x20, 0x20, 0x20, 0x7D,
    0x0A, 0x20, 0x20, 0x20, 0x20, 0x20, 0x20, 0x20, 0x20, 0x64, 0x65, 0x66,
    0x61, 0x75, 0x6C, 0x74, 0x3A, 0x0A, 0x20, 0x20, 0x20, 0x20, 0x20, 0x20,
    0x20, 0x20, 0x7B, 0x0A, 0x20, 0x20, 0x20, 0x20, 0x20, 0x20, 0x20, 0x20,
    0x20, 0x20, 0x20, 0x20, 0x66, 0x6C, 0x6F, 0x61, 0x74, 0x20, 0x5F, 0x31,
    0x32, 0x30, 0x35, 0x20, 0x3D, 0x20, 0x5F, 0x31, 0x31, 0x39, 0x39, 0x2E,
    0x77, 0x3B, 0x0A, 0x20, 0x20, 0x20, 0x20, 0x20, 0x20, 0x20, 0x20, 0x20,
    0x20, 0x20, 0x20, 0x5F, 0x32, 0x34, 0x32, 0x38, 0x20, 0x3D, 0x20, 0x66,
    0x61, 0x73, 0x74, 0x3A, 0x3A, 0x63, 0x6C, 0x61, 0x6D, 0x70, 0x28, 0x5F,
    0x31, 0x31, 0x39, 0x33, 0x2E, 0x77, 0x20, 0x2B, 0x20, 0x5F, 0x31, 0x32,
    0x30, 0x35, 0x2C, 0x20, 0x30, 0x2E, 0x30, 0x2C, 0x20, 0x31, 0x2E, 0x30,
    0x29, 0x3B, 0x0A, 0x20, 0x20, 0x20, 0x20, 0x20, 0x20, 0x20, 0x20, 0x20,
    0x20, 0x20, 0x20, 0x5F, 0x32, 0x34, 0x32, 0x37, 0x20, 0x3D, 0x20, 0x6D,
    0x69, 0x78, 0x28, 0x5F, 0x31, 0x31, 0x39, 0x33, 0x2E, 0x78, 0x79, 0x7A,
    0x2C, 0x20, 0x5F, 0x31, 0x31, 0x39, 0x39, 0x2E, 0x78, 0x79, 0x7A, 0x2C,
    0x20, 0x66, 0x6C, 0x6F, 0x61, 0x74, 0x33, 0x28, 0x5F, 0x31, 0x32, 0x30,
    0x35, 0x29, 0x29, 0x3B, 0x0A, 0x20, 0x20, 0x20, 0x20, 0x20, 0x20, 0x20,
    0x20, 0x20, 0x20, 0x20, 0x20, 0x62, 0x72, 0x65, 0x61, 0x6B, 0x3B, 0x0A,
    0x20, 0x20, 0x20, 0x20, 0x20, 0x20, 0x20, 0x20, 0x7D, 0x0A, 0x20, 0x20,
    0x20, 0x20, 0x7D, 0x0A, 0x20, 0x20, 0x20, 0x20, 0x6F, 0x75, 0x74, 0x2E,
    0x62, 0x67, 0x66, 0x78, 0x5F, 0x46, 0x72, 0x61, 0x67, 0x44, 0x61, 0x74,
    0x61, 0x30, 0x20, 0x3D, 0x20, 0x66, 0x6C, 0x6F, 0x61, 0x74, 0x34, 0x28,
    0x5F, 0x32, 0x34, 0x32, 0x37, 0x2C, 0x20, 0x5F, 0x32, 0x34, 0x32, 0x38,
    0x29, 0x20, 0x2A, 0x20, 0x5F, 0x6D, 0x74, 0x6C, 0x5F, 0x75, 0x2E, 0x42,
    0x6C, 0x65, 0x6E, 0x64, 0x50, 0x61, 0x72, 0x61, 0x6D, 0x73, 0x2E, 0x7A,
    0x3B, 0x0A, 0x20, 0x20, 0x20, 0x20, 0x72, 0x65, 0x74, 0x75, 0x72, 0x6E,
    0x20, 0x6F, 0x75, 0x74, 0x3B, 0x0A, 0x7D, 0x0A, 0x0A, 0x00, 0x00, 0x50,
    0x00,
};
const size_t kEmbeddedMetal_fs_blend_size = 9925;

const uint8_t kEmbeddedMetal_fs_transition[] = {
    0x46, 0x53, 0x48, 0x0B, 0x6F, 0x1E, 0x3E, 0x3C, 0x00, 0x00, 0x00, 0x00,
    0x0A, 0x00, 0x10, 0x73, 0x5F, 0x74, 0x65, 0x78, 0x74, 0x75, 0x72, 0x65,
    0x53, 0x61, 0x6D, 0x70, 0x6C, 0x65, 0x72, 0x11, 0x01, 0xFF, 0xFF, 0x01,
    0x00, 0x00, 0x00, 0x00, 0x00, 0x10, 0x73, 0x5F, 0x74, 0x65, 0x78, 0x74,
    0x75, 0x72, 0x65, 0x54, 0x65, 0x78, 0x74, 0x75, 0x72, 0x65, 0x11, 0x01,
    0xFF, 0xFF, 0x01, 0x00, 0x00, 0x00, 0x00, 0x00, 0x11, 0x73, 0x5F, 0x74,
    0x65, 0x78, 0x74, 0x75, 0x72, 0x65, 0x31, 0x53, 0x61, 0x6D, 0x70, 0x6C,
    0x65, 0x72, 0x11, 0x01, 0xFF, 0xFF, 0x01, 0x00, 0x00, 0x00, 0x00, 0x00,
    0x11, 0x73, 0x5F, 0x74, 0x65, 0x78, 0x74, 0x75, 0x72, 0x65, 0x31, 0x54,
    0x65, 0x78, 0x74, 0x75, 0x72, 0x65, 0x11, 0x01, 0xFF, 0xFF, 0x01, 0x00,
    0x00, 0x00, 0x00, 0x00, 0x11, 0x73, 0x5F, 0x74, 0x65, 0x78, 0x74, 0x75,
    0x72, 0x65, 0x32, 0x53, 0x61, 0x6D, 0x70, 0x6C, 0x65, 0x72, 0x11, 0x01,
    0xFF, 0xFF, 0x01, 0x00, 0x00, 0x00, 0x00, 0x00, 0x11, 0x73, 0x5F, 0x74,
    0x65, 0x78, 0x74, 0x75, 0x72, 0x65, 0x32, 0x54, 0x65, 0x78, 0x74, 0x75,
    0x72, 0x65, 0x11, 0x01, 0xFF, 0xFF, 0x01, 0x00, 0x00, 0x00, 0x00, 0x00,
    0x0B, 0x54, 0x72, 0x61, 0x6E, 0x73, 0x50, 0x61, 0x72, 0x61, 0x6D, 0x73,
    0x12, 0x01, 0x00, 0x00, 0x01, 0x00, 0x00, 0x00, 0x00, 0x00, 0x09, 0x73,
    0x5F, 0x74, 0x65, 0x78, 0x74, 0x75, 0x72, 0x65, 0x10, 0x00, 0x00, 0x00,
    0x00, 0x00, 0x00, 0x00, 0x00, 0x00, 0x0A, 0x73, 0x5F, 0x74, 0x65, 0x78,
    0x74, 0x75, 0x72, 0x65, 0x31, 0x10, 0x00, 0x00, 0x00, 0x00, 0x00, 0x00,
    0x00, 0x00, 0x00, 0x0A, 0x73, 0x5F, 0x74, 0x65, 0x78, 0x74, 0x75, 0x72,
    0x65, 0x32, 0x10, 0x00, 0x00, 0x00, 0x00, 0x00, 0x00, 0x00, 0x00, 0x00,
    0x04, 0x08, 0x00, 0x00, 0x23, 0x69, 0x6E, 0x63, 0x6C, 0x75, 0x64, 0x65,
    0x20, 0x3C, 0x6D, 0x65, 0x74, 0x61, 0x6C, 0x5F, 0x73, 0x74, 0x64, 0x6C,
    0x69, 0x62, 0x3E, 0x0A, 0x23, 0x69, 0x6E, 0x63, 0x6C, 0x75, 0x64, 0x65,
    0x20, 0x3C, 0x73, 0x69, 0x6D, 0x64, 0x2F, 0x73, 0x69, 0x6D, 0x64, 0x2E,
    0x68, 0x3E, 0x0A, 0x0A, 0x75, 0x73, 0x69, 0x6E, 0x67, 0x20, 0x6E, 0x61,
    0x6D, 0x65, 0x73, 0x70, 0x61, 0x63, 0x65, 0x20, 0x6D, 0x65, 0x74, 0x61,
    0x6C, 0x3B, 0x0A, 0x0A, 0x73, 0x74, 0x72, 0x75, 0x63, 0x74, 0x20, 0x5F,
    0x47, 0x6C, 0x6F, 0x62, 0x61, 0x6C, 0x0A, 0x7B, 0x0A, 0x20, 0x20, 0x20,
    0x20, 0x66, 0x6C, 0x6F, 0x61, 0x74, 0x34, 0x20, 0x54, 0x72, 0x61, 0x6E,
    0x73, 0x50, 0x61, 0x72, 0x61, 0x6D, 0x73, 0x3B, 0x0A, 0x7D, 0x3B, 0x0A,
    0x0A, 0x73, 0x74, 0x72, 0x75, 0x63, 0x74, 0x20, 0x78, 0x6C, 0x61, 0x74,
    0x4D, 0x74, 0x6C, 0x4D, 0x61, 0x69, 0x6E, 0x5F, 0x6F, 0x75, 0x74, 0x0A,
    0x7B, 0x0A, 0x20, 0x20, 0x20, 0x20, 0x66, 0x6C, 0x6F, 0x61, 0x74, 0x34,
    0x20, 0x62, 0x67, 0x66, 0x78, 0x5F, 0x46, 0x72, 0x61, 0x67, 0x44, 0x61,
    0x74, 0x61, 0x30, 0x20, 0x5B, 0x5B, 0x63, 0x6F, 0x6C, 0x6F, 0x72, 0x28,
    0x30, 0x29, 0x5D, 0x5D, 0x3B, 0x0A, 0x7D, 0x3B, 0x0A, 0x0A, 0x73, 0x74,
    0x72, 0x75, 0x63, 0x74, 0x20, 0x78, 0x6C, 0x61, 0x74, 0x4D, 0x74, 0x6C,
    0x4D, 0x61, 0x69, 0x6E, 0x5F, 0x69, 0x6E, 0x0A, 0x7B, 0x0A, 0x20, 0x20,
    0x20, 0x20, 0x66, 0x6C, 0x6F, 0x61, 0x74, 0x32, 0x20, 0x76, 0x5F, 0x74,
    0x65, 0x78, 0x63, 0x6F, 0x6F, 0x72, 0x64, 0x30, 0x20, 0x5B, 0x5B, 0x75,
    0x73, 0x65, 0x72, 0x28, 0x6C, 0x6F, 0x63, 0x6E, 0x30, 0x29, 0x5D, 0x5D,
    0x3B, 0x0A, 0x7D, 0x3B, 0x0A, 0x0A, 0x66, 0x72, 0x61, 0x67, 0x6D, 0x65,
    0x6E, 0x74, 0x20, 0x78, 0x6C, 0x61, 0x74, 0x4D, 0x74, 0x6C, 0x4D, 0x61,
    0x69, 0x6E, 0x5F, 0x6F, 0x75, 0x74, 0x20, 0x78, 0x6C, 0x61, 0x74, 0x4D,
    0x74, 0x6C, 0x4D, 0x61, 0x69, 0x6E, 0x28, 0x78, 0x6C, 0x61, 0x74, 0x4D,
    0x74, 0x6C, 0x4D, 0x61, 0x69, 0x6E, 0x5F, 0x69, 0x6E, 0x20, 0x69, 0x6E,
    0x20, 0x5B, 0x5B, 0x73, 0x74, 0x61, 0x67, 0x65, 0x5F, 0x69, 0x6E, 0x5D,
    0x5D, 0x2C, 0x20, 0x63, 0x6F, 0x6E, 0x73, 0x74, 0x61, 0x6E, 0x74, 0x20,
    0x5F, 0x47, 0x6C, 0x6F, 0x62, 0x61, 0x6C, 0x26, 0x20, 0x5F, 0x6D, 0x74,
    0x6C, 0x5F, 0x75, 0x20, 0x5B, 0x5B, 0x62, 0x75, 0x66, 0x66, 0x65, 0x72,
    0x28, 0x30, 0x29, 0x5D, 0x5D, 0x2C, 0x20, 0x74, 0x65, 0x78, 0x74, 0x75,
    0x72, 0x65, 0x32, 0x64, 0x3C, 0x66, 0x6C, 0x6F, 0x61, 0x74, 0x3E, 0x20,
    0x73, 0x5F, 0x74, 0x65, 0x78, 0x74, 0x75, 0x72, 0x65, 0x20, 0x5B, 0x5B,
    0x74, 0x65, 0x78, 0x74, 0x75, 0x72, 0x65, 0x28, 0x30, 0x29, 0x5D, 0x5D,
    0x2C, 0x20, 0x74, 0x65, 0x78, 0x74, 0x75, 0x72, 0x65, 0x32, 0x64, 0x3C,
    0x66, 0x6C, 0x6F, 0x61, 0x74, 0x3E, 0x20, 0x73, 0x5F, 0x74, 0x65, 0x78,
    0x74, 0x75, 0x72, 0x65, 0x31, 0x20, 0x5B, 0x5B, 0x74, 0x65, 0x78, 0x74,
    0x75, 0x72, 0x65, 0x28, 0x31, 0x29, 0x5D, 0x5D, 0x2C, 0x20, 0x74, 0x65,
    0x78, 0x74, 0x75, 0x72, 0x65, 0x32, 0x64, 0x3C, 0x66, 0x6C, 0x6F, 0x61,
    0x74, 0x3E, 0x20, 0x73, 0x5F, 0x74, 0x65, 0x78, 0x74, 0x75, 0x72, 0x65,
    0x32, 0x20, 0x5B, 0x5B, 0x74, 0x65, 0x78, 0x74, 0x75, 0x72, 0x65, 0x28,
    0x32, 0x29, 0x5D, 0x5D, 0x2C, 0x20, 0x73, 0x61, 0x6D, 0x70, 0x6C, 0x65,
    0x72, 0x20, 0x73, 0x5F, 0x74, 0x65, 0x78, 0x74, 0x75, 0x72, 0x65, 0x53,
    0x61, 0x6D, 0x70, 0x6C, 0x65, 0x72, 0x20, 0x5B, 0x5B, 0x73, 0x61, 0x6D,
    0x70, 0x6C, 0x65, 0x72, 0x28, 0x30, 0x29, 0x5D, 0x5D, 0x2C, 0x20, 0x73,
    0x61, 0x6D, 0x70, 0x6C, 0x65, 0x72, 0x20, 0x73, 0x5F, 0x74, 0x65, 0x78,
    0x74, 0x75, 0x72, 0x65, 0x31, 0x53, 0x61, 0x6D, 0x70, 0x6C, 0x65, 0x72,
    0x20, 0x5B, 0x5B, 0x73, 0x61, 0x6D, 0x70, 0x6C, 0x65, 0x72, 0x28, 0x31,
    0x29, 0x5D, 0x5D, 0x2C, 0x20, 0x73, 0x61, 0x6D, 0x70, 0x6C, 0x65, 0x72,
    0x20, 0x73, 0x5F, 0x74, 0x65, 0x78, 0x74, 0x75, 0x72, 0x65, 0x32, 0x53,
    0x61, 0x6D, 0x70, 0x6C, 0x65, 0x72, 0x20, 0x5B, 0x5B, 0x73, 0x61, 0x6D,
    0x70, 0x6C, 0x65, 0x72, 0x28, 0x32, 0x29, 0x5D, 0x5D, 0x29, 0x0A, 0x7B,
    0x0A, 0x20, 0x20, 0x20, 0x20, 0x78, 0x6C, 0x61, 0x74, 0x4D, 0x74, 0x6C,
    0x4D, 0x61, 0x69, 0x6E, 0x5F, 0x6F, 0x75, 0x74, 0x20, 0x6F, 0x75, 0x74,
    0x20, 0x3D, 0x20, 0x7B, 0x7D, 0x3B, 0x0A, 0x20, 0x20, 0x20, 0x20, 0x66,
    0x6C, 0x6F, 0x61, 0x74, 0x34, 0x20, 0x5F, 0x33, 0x32, 0x31, 0x20, 0x3D,
    0x20, 0x73, 0x5F, 0x74, 0x65, 0x78, 0x74, 0x75, 0x72, 0x65, 0x2E, 0x73,
    0x61, 0x6D, 0x70, 0x6C, 0x65, 0x28, 0x73, 0x5F, 0x74, 0x65, 0x78, 0x74,
    0x75, 0x72, 0x65, 0x53, 0x61, 0x6D, 0x70, 0x6C, 0x65, 0x72, 0x2C, 0x20,
    0x69, 0x6E, 0x2E, 0x76, 0x5F, 0x74, 0x65, 0x78, 0x63, 0x6F, 0x6F, 0x72,
    0x64, 0x30, 0x29, 0x3B, 0x0A, 0x20, 0x20, 0x20, 0x20, 0x66, 0x6C, 0x6F,
    0x61, 0x74, 0x34, 0x20, 0x5F, 0x33, 0x33, 0x30, 0x20, 0x3D, 0x20, 0x73,
    0x5F, 0x74, 0x65, 0x78, 0x74, 0x75, 0x72, 0x65, 0x31, 0x2E, 0x73, 0x61,
    0x6D, 0x70, 0x6C, 0x65, 0x28, 0x73, 0x5F, 0x74, 0x65, 0x78, 0x74, 0x75,
    0x72, 0x65, 0x31, 0x53, 0x61, 0x6D, 0x70, 0x6C, 0x65, 0x72, 0x2C, 0x20,
    0x69, 0x6E, 0x2E, 0x76, 0x5F, 0x74, 0x65, 0x78, 0x63, 0x6F, 0x6F, 0x72,
    0x64, 0x30, 0x29, 0x3B, 0x0A, 0x20, 0x20, 0x20, 0x20, 0x66, 0x6C, 0x6F,
    0x61, 0x74, 0x20, 0x5F, 0x32, 0x34, 0x35, 0x20, 0x3D, 0x20, 0x66, 0x61,
    0x73, 0x74, 0x3A, 0x3A, 0x63, 0x6C, 0x61, 0x6D, 0x70, 0x28, 0x5F, 0x6D,
    0x74, 0x6C, 0x5F, 0x75, 0x2E, 0x54, 0x72, 0x61, 0x6E, 0x73, 0x50, 0x61,
    0x72, 0x61, 0x6D, 0x73, 0x2E, 0x78, 0x2C, 0x20, 0x30, 0x2E, 0x30, 0x2C,
    0x20, 0x31, 0x2E, 0x30, 0x29, 0x3B, 0x0A, 0x20, 0x20, 0x20, 0x20, 0x69,
    0x6E, 0x74, 0x20, 0x5F, 0x32, 0x34, 0x38, 0x20, 0x3D, 0x20, 0x69, 0x6E,
    0x74, 0x28, 0x5F, 0x6D, 0x74, 0x6C, 0x5F, 0x75, 0x2E, 0x54, 0x72, 0x61,
    0x6E, 0x73, 0x50, 0x61, 0x72, 0x61, 0x6D, 0x73, 0x2E, 0x79, 0x29, 0x3B,
    0x0A, 0x20, 0x20, 0x20, 0x20, 0x66, 0x6C, 0x6F, 0x61, 0x74, 0x20, 0x5F,
    0x33, 0x36, 0x33, 0x3B, 0x0A, 0x20, 0x20, 0x20, 0x20, 0x69, 0x66, 0x20,
    0x28, 0x5F, 0x32, 0x34, 0x38, 0x20, 0x3D, 0x3D, 0x20, 0x31, 0x29, 0x0A,
    0x20, 0x20, 0x20, 0x20, 0x7B, 0x0A, 0x20, 0x20, 0x20, 0x20, 0x20, 0x20,
    0x20, 0x20, 0x5F, 0x33, 0x36, 0x33, 0x20, 0x3D, 0x20, 0x73, 0x74, 0x65,
    0x70, 0x28, 0x73, 0x5F, 0x74, 0x65, 0x78, 0x74, 0x75, 0x72, 0x65, 0x32,
    0x2E, 0x73, 0x61, 0x6D, 0x70, 0x6C, 0x65, 0x28, 0x73, 0x5F, 0x74, 0x65,
    0x78, 0x74, 0x75, 0x72, 0x65, 0x32, 0x53, 0x61, 0x6D, 0x70, 0x6C, 0x65,
    0x72, 0x2C, 0x20, 0x69, 0x6E, 0x2E, 0x76, 0x5F, 0x74, 0x65, 0x78, 0x63,
    0x6F, 0x6F, 0x72, 0x64, 0x30, 0x29, 0x2E, 0x78, 0x2C, 0x20, 0x5F, 0x32,
    0x34, 0x35, 0x29, 0x3B, 0x0A, 0x20, 0x20, 0x20, 0x20, 0x7D, 0x0A, 0x20,
    0x20, 0x20, 0x20, 0x65, 0x6C, 0x73, 0x65, 0x0A, 0x20, 0x20, 0x20, 0x20,
    0x7B, 0x0A, 0x20, 0x20, 0x20, 0x20, 0x20, 0x20, 0x20, 0x20, 0x66, 0x6C,
    0x6F, 0x61, 0x74, 0x20, 0x5F, 0x33, 0x36, 0x34, 0x3B, 0x0A, 0x20, 0x20,
    0x20, 0x20, 0x20, 0x20, 0x20, 0x20, 0x69, 0x66, 0x20, 0x28, 0x5F, 0x32,
    0x34, 0x38, 0x20, 0x3D, 0x3D, 0x20, 0x32, 0x29, 0x0A, 0x20, 0x20, 0x20,
    0x20, 0x20, 0x20, 0x20, 0x20, 0x7B, 0x0A, 0x20, 0x20, 0x20, 0x20, 0x20,
    0x20, 0x20, 0x20, 0x20, 0x20, 0x20, 0x20, 0x5F, 0x33, 0x36, 0x34, 0x20,
    0x3D, 0x20, 0x73, 0x74, 0x65, 0x70, 0x28, 0x69, 0x6E, 0x2E, 0x76, 0x5F,
    0x74, 0x65, 0x78, 0x63, 0x6F, 0x6F, 0x72, 0x64, 0x30, 0x2E, 0x78, 0x2C,
    0x20, 0x5F, 0x32, 0x34, 0x35, 0x29, 0x3B, 0x0A, 0x20, 0x20, 0x20, 0x20,
    0x20, 0x20, 0x20, 0x20, 0x7D, 0x0A, 0x20, 0x20, 0x20, 0x20, 0x20, 0x20,
    0x20, 0x20, 0x65, 0x6C, 0x73, 0x65, 0x0A, 0x20, 0x20, 0x20, 0x20, 0x20,
    0x20, 0x20, 0x20, 0x7B, 0x0A, 0x20, 0x20, 0x20, 0x20, 0x20, 0x20, 0x20,
    0x20, 0x20, 0x20, 0x20, 0x20, 0x66, 0x6C, 0x6F, 0x61, 0x74, 0x20, 0x5F,
    0x33, 0x36, 0x35, 0x3B, 0x0A, 0x20, 0x20, 0x20, 0x20, 0x20, 0x20, 0x20,
    0x20, 0x20, 0x20, 0x20, 0x20, 0x69, 0x66, 0x20, 0x28, 0x5F, 0x32, 0x34,
    0x38, 0x20, 0x3D, 0x3D, 0x20, 0x33, 0x29, 0x0A, 0x20, 0x20, 0x20, 0x20,
    0x20, 0x20, 0x20, 0x20, 0x20, 0x20, 0x20, 0x20, 0x7B, 0x0A, 0x20, 0x20,
    0x20, 0x20, 0x20, 0x20, 0x20, 0x20, 0x20, 0x20, 0x20, 0x20, 0x20, 0x20,
    0x20, 0x20, 0x5F, 0x33, 0x36, 0x35, 0x20, 0x3D, 0x20, 0x73, 0x74, 0x65,
    0x70, 0x28, 0x31, 0x2E, 0x30, 0x20, 0x2D, 0x20, 0x69, 0x6E, 0x2E, 0x76,
    0x5F, 0x74, 0x65, 0x78, 0x63, 0x6F, 0x6F, 0x72, 0x64, 0x30, 0x2E, 0x78,
    0x2C, 0x20, 0x5F, 0x32, 0x34, 0x35, 0x29, 0x3B, 0x0A, 0x20, 0x20, 0x20,
    0x20, 0x20, 0x20, 0x20, 0x20, 0x20, 0x20, 0x20, 0x20, 0x7D, 0x0A, 0x20,
    0x20, 0x20, 0x20, 0x20, 0x20, 0x20, 0x20, 0x20, 0x20, 0x20, 0x20, 0x65,
    0x6C, 0x73, 0x65, 0x0A, 0x20, 0x20, 0x20, 0x20, 0x20, 0x20, 0x20, 0x20,
    0x20, 0x20, 0x20, 0x20, 0x7B, 0x0A, 0x20, 0x20, 0x20, 0x20, 0x20, 0x20,
    0x20, 0x20, 0x20, 0x20, 0x20, 0x20, 0x20, 0x20, 0x20, 0x20, 0x66, 0x6C,
    0x6F, 0x61, 0x74, 0x20, 0x5F, 0x33, 0x36, 0x36, 0x3B, 0x0A, 0x20, 0x20,
    0x20, 0x20, 0x20, 0x20, 0x20, 0x20, 0x20, 0x20, 0x20, 0x20, 0x20, 0x20,
    0x20, 0x20, 0x69, 0x66, 0x20, 0x28, 0x5F, 0x32, 0x34, 0x38, 0x20, 0x3D,
    0x3D, 0x20, 0x34, 0x29, 0x0A, 0x20, 0x20, 0x20, 0x20, 0x20, 0x20, 0x20,
    0x20, 0x20, 0x20, 0x20, 0x20, 0x20, 0x20, 0x20, 0x20, 0x7B, 0x0A, 0x20,
    0x20, 0x20, 0x20, 0x20, 0x20, 0x20, 0x20, 0x20, 0x20, 0x20, 0x20, 0x20,
    0x20, 0x20, 0x20, 0x20, 0x20, 0x20, 0x20, 0x5F, 0x33, 0x36, 0x36, 0x20,
    0x3D, 0x20, 0x73, 0x74, 0x65, 0x70, 0x28, 0x31, 0x2E, 0x30, 0x20, 0x2D,
    0x20, 0x69, 0x6E, 0x2E, 0x76, 0x5F, 0x74, 0x65, 0x78, 0x63, 0x6F, 0x6F,
    0x72, 0x64, 0x30, 0x2E, 0x79, 0x2C, 0x20, 0x5F, 0x32, 0x34, 0x35, 0x29,
    0x3B, 0x0A, 0x20, 0x20, 0x20, 0x20, 0x20, 0x20, 0x20, 0x20, 0x20, 0x20,
    0x20, 0x20, 0x20, 0x20, 0x20, 0x20, 0x7D, 0x0A, 0x20, 0x20, 0x20, 0x20,
    0x20, 0x20, 0x20, 0x20, 0x20, 0x20, 0x20, 0x20, 0x20, 0x20, 0x20, 0x20,
    0x65, 0x6C, 0x73, 0x65, 0x0A, 0x20, 0x20, 0x20, 0x20, 0x20, 0x20, 0x20,
    0x20, 0x20, 0x20, 0x20, 0x20, 0x20, 0x20, 0x20, 0x20, 0x7B, 0x0A, 0x20,
    0x20, 0x20, 0x20, 0x20, 0x20, 0x20, 0x20, 0x20, 0x20, 0x20, 0x20, 0x20,
    0x20, 0x20, 0x20, 0x20, 0x20, 0x20, 0x20, 0x66, 0x6C, 0x6F, 0x61, 0x74,
    0x20, 0x5F, 0x33, 0x36, 0x37, 0x3B, 0x0A, 0x20, 0x20, 0x20, 0x20, 0x20,
    0x20, 0x20, 0x20, 0x20, 0x20, 0x20, 0x20, 0x20, 0x20, 0x20, 0x20, 0x20,
    0x20, 0x20, 0x20, 0x69, 0x66, 0x20, 0x28, 0x5F, 0x32, 0x34, 0x38, 0x20,
    0x3D, 0x3D, 0x20, 0x35, 0x29, 0x0A, 0x20, 0x20, 0x20, 0x20, 0x20, 0x20,
    0x20, 0x20, 0x20, 0x20, 0x20, 0x20, 0x20, 0x20, 0x20, 0x20, 0x20, 0x20,
    0x20, 0x20, 0x7B, 0x0A, 0x20, 0x20, 0x20, 0x20, 0x20, 0x20, 0x20, 0x20,
    0x20, 0x20, 0x20, 0x20, 0x20, 0x20, 0x20, 0x20, 0x20, 0x20, 0x20, 0x20,
    0x20, 0x20, 0x20, 0x20, 0x5F, 0x33, 0x36, 0x37, 0x20, 0x3D, 0x20, 0x73,
    0x74, 0x65, 0x70, 0x28, 0x69, 0x6E, 0x2E, 0x76, 0x5F, 0x74, 0x65, 0x78,
    0x63, 0x6F, 0x6F, 0x72, 0x64, 0x30, 0x2E, 0x79, 0x2C, 0x20, 0x5F, 0x32,
    0x34, 0x35, 0x29, 0x3B, 0x0A, 0x20, 0x20, 0x20, 0x20, 0x20, 0x20, 0x20,
    0x20, 0x20, 0x20, 0x20, 0x20, 0x20, 0x20, 0x20, 0x20, 0x20, 0x20, 0x20,
    0x20, 0x7D, 0x0A, 0x20, 0x20, 0x20, 0x20, 0x20, 0x20, 0x20, 0x20, 0x20,
    0x20, 0x20, 0x20, 0x20, 0x20, 0x20, 0x20, 0x20, 0x20, 0x20, 0x20, 0x65,
    0x6C, 0x73, 0x65, 0x0A, 0x20, 0x20, 0x20, 0x20, 0x20, 0x20, 0x20, 0x20,
    0x20, 0x20, 0x20, 0x20, 0x20, 0x20, 0x20, 0x20, 0x20, 0x20, 0x20, 0x20,
    0x7B, 0x0A, 0x20, 0x20, 0x20, 0x20, 0x20, 0x20, 0x20, 0x20, 0x20, 0x20,
    0x20, 0x20, 0x20, 0x20, 0x20, 0x20, 0x20, 0x20, 0x20, 0x20, 0x20, 0x20,
    0x20, 0x20, 0x5F, 0x33, 0x36, 0x37, 0x20, 0x3D, 0x20, 0x5F, 0x32, 0x34,
    0x35, 0x3B, 0x0A, 0x20, 0x20, 0x20, 0x20, 0x20, 0x20, 0x20, 0x20, 0x20,
    0x20, 0x20, 0x20, 0x20, 0x20, 0x20, 0x20, 0x20, 0x20, 0x20, 0x20, 0x7D,
    0x0A, 0x20, 0x20, 0x20, 0x20, 0x20, 0x20, 0x20, 0x20, 0x20, 0x20, 0x20,
    0x20, 0x20, 0x20, 0x20, 0x20, 0x20, 0x20, 0x20, 0x20, 0x5F, 0x33, 0x36,
    0x36, 0x20, 0x3D, 0x20, 0x5F, 0x33, 0x36, 0x37, 0x3B, 0x0A, 0x20, 0x20,
    0x20, 0x20, 0x20, 0x20, 0x20, 0x20, 0x20, 0x20, 0x20, 0x20, 0x20, 0x20,
    0x20, 0x20, 0x7D, 0x0A, 0x20, 0x20, 0x20, 0x20, 0x20, 0x20, 0x20, 0x20,
    0x20, 0x20, 0x20, 0x20, 0x20, 0x20, 0x20, 0x20, 0x5F, 0x33, 0x36, 0x35,
    0x20, 0x3D, 0x20, 0x5F, 0x33, 0x36, 0x36, 0x3B, 0x0A, 0x20, 0x20, 0x20,
    0x20, 0x20, 0x20, 0x20, 0x20, 0x20, 0x20, 0x20, 0x20, 0x7D, 0x0A, 0x20,
    0x20, 0x20, 0x20, 0x20, 0x20, 0x20, 0x20, 0x20, 0x20, 0x20, 0x20, 0x5F,
    0x33, 0x36, 0x34, 0x20, 0x3D, 0x20, 0x5F, 0x33, 0x36, 0x35, 0x3B, 0x0A,
    0x20, 0x20, 0x20, 0x20, 0x20, 0x20, 0x20, 0x20, 0x7D, 0x0A, 0x20, 0x20,
    0x20, 0x20, 0x20, 0x20, 0x20, 0x20, 0x5F, 0x33, 0x36, 0x33, 0x20, 0x3D,
    0x20, 0x5F, 0x33, 0x36, 0x34, 0x3B, 0x0A, 0x20, 0x20, 0x20, 0x20, 0x7D,
    0x0A, 0x20, 0x20, 0x20, 0x20, 0x6F, 0x75, 0x74, 0x2E, 0x62, 0x67, 0x66,
    0x78, 0x5F, 0x46, 0x72, 0x61, 0x67, 0x44, 0x61, 0x74, 0x61, 0x30, 0x20,
    0x3D, 0x20, 0x6D, 0x69, 0x78, 0x28, 0x5F, 0x33, 0x32, 0x31, 0x2C, 0x20,
    0x5F, 0x33, 0x33, 0x30, 0x2C, 0x20, 0x66, 0x6C, 0x6F, 0x61, 0x74, 0x34,
    0x28, 0x5F, 0x33, 0x36, 0x33, 0x29, 0x29, 0x3B, 0x0A, 0x20, 0x20, 0x20,
    0x20, 0x72, 0x65, 0x74, 0x75, 0x72, 0x6E, 0x20, 0x6F, 0x75, 0x74, 0x3B,
    0x0A, 0x7D, 0x0A, 0x0A, 0x00, 0x00, 0x70, 0x00,
};
const size_t kEmbeddedMetal_fs_transition_size = 2324;

const uint8_t kEmbeddedMetal_fs_vfx[] = {
    0x46, 0x53, 0x48, 0x0B, 0x6F, 0x1E, 0x3E, 0x3C, 0x00, 0x00, 0x00, 0x00,
    0x04, 0x00, 0x10, 0x73, 0x5F, 0x74, 0x65, 0x78, 0x74, 0x75, 0x72, 0x65,
    0x53, 0x61, 0x6D, 0x70, 0x6C, 0x65, 0x72, 0x11, 0x01, 0xFF, 0xFF, 0x01,
    0x00, 0x00, 0x00, 0x00, 0x00, 0x10, 0x73, 0x5F, 0x74, 0x65, 0x78, 0x74,
    0x75, 0x72, 0x65, 0x54, 0x65, 0x78, 0x74, 0x75, 0x72, 0x65, 0x11, 0x01,
    0xFF, 0xFF, 0x01, 0x00, 0x00, 0x00, 0x00, 0x00, 0x09, 0x56, 0x46, 0x58,
    0x50, 0x61, 0x72, 0x61, 0x6D, 0x73, 0x12, 0x03, 0x00, 0x00, 0x03, 0x00,
    0x00, 0x00, 0x00, 0x00, 0x09, 0x73, 0x5F, 0x74, 0x65, 0x78, 0x74, 0x75,
    0x72, 0x65, 0x10, 0x00, 0x00, 0x00, 0x00, 0x00, 0x00, 0x00, 0x00, 0x00,
    0x60, 0x07, 0x00, 0x00, 0x23, 0x69, 0x6E, 0x63, 0x6C, 0x75, 0x64, 0x65,
    0x20, 0x3C, 0x6D, 0x65, 0x74, 0x61, 0x6C, 0x5F, 0x73, 0x74, 0x64, 0x6C,
    0x69, 0x62, 0x3E, 0x0A, 0x23, 0x69, 0x6E, 0x63, 0x6C, 0x75, 0x64, 0x65,
    0x20, 0x3C, 0x73, 0x69, 0x6D, 0x64, 0x2F, 0x73, 0x69, 0x6D, 0x64, 0x2E,
    0x68, 0x3E, 0x0A, 0x0A, 0x75, 0x73, 0x69, 0x6E, 0x67, 0x20, 0x6E, 0x61,
    0x6D, 0x65, 0x73, 0x70, 0x61, 0x63, 0x65, 0x20, 0x6D, 0x65, 0x74, 0x61,
    0x6C, 0x3B, 0x0A, 0x0A, 0x73, 0x74, 0x72, 0x75, 0x63, 0x74, 0x20, 0x5F,
    0x47, 0x6C, 0x6F, 0x62, 0x61, 0x6C, 0x0A, 0x7B, 0x0A, 0x20, 0x20, 0x20,
    0x20, 0x66, 0x6C, 0x6F, 0x61, 0x74, 0x34, 0x20, 0x56, 0x46, 0x58, 0x50,
    0x61, 0x72, 0x61, 0x6D, 0x73, 0x5B, 0x33, 0x5D, 0x3B, 0x0A, 0x7D, 0x3B,
    0x0A, 0x0A, 0x73, 0x74, 0x72, 0x75, 0x63, 0x74, 0x20, 0x78, 0x6C, 0x61,
    0x74, 0x4D, 0x74, 0x6C, 0x4D, 0x61, 0x69, 0x6E, 0x5F, 0x6F, 0x75, 0x74,
    0x0A, 0x7B, 0x0A, 0x20, 0x20, 0x20, 0x20, 0x66, 0x6C, 0x6F, 0x61, 0x74,
    0x34, 0x20, 0x62, 0x67, 0x66, 0x78, 0x5F, 0x46, 0x72, 0x61, 0x67, 0x44,
    0x61, 0x74, 0x61, 0x30, 0x20, 0x5B, 0x5B, 0x63, 0x6F, 0x6C, 0x6F, 0x72,
    0x28, 0x30, 0x29, 0x5D, 0x5D, 0x3B, 0x0A, 0x7D, 0x3B, 0x0A, 0x0A, 0x73,
    0x74, 0x72, 0x75, 0x63, 0x74, 0x20, 0x78, 0x6C, 0x61, 0x74, 0x4D, 0x74,
    0x6C, 0x4D, 0x61, 0x69, 0x6E, 0x5F, 0x69, 0x6E, 0x0A, 0x7B, 0x0A, 0x20,
    0x20, 0x20, 0x20, 0x66, 0x6C, 0x6F, 0x61, 0x74, 0x32, 0x20, 0x76, 0x5F,
    0x74, 0x65, 0x78, 0x63, 0x6F, 0x6F, 0x72, 0x64, 0x30, 0x20, 0x5B, 0x5B,
    0x75, 0x73, 0x65, 0x72, 0x28, 0x6C, 0x6F, 0x63, 0x6E, 0x30, 0x29, 0x5D,
    0x5D, 0x3B, 0x0A, 0x7D, 0x3B, 0x0A, 0x0A, 0x66, 0x72, 0x61, 0x67, 0x6D,
    0x65, 0x6E, 0x74, 0x20, 0x78, 0x6C, 0x61, 0x74, 0x4D, 0x74, 0x6C, 0x4D,
    0x61, 0x69, 0x6E, 0x5F, 0x6F, 0x75, 0x74, 0x20, 0x78, 0x6C, 0x61, 0x74,
    0x4D, 0x74, 0x6C, 0x4D, 0x61, 0x69, 0x6E, 0x28, 0x78, 0x6C, 0x61, 0x74,
    0x4D, 0x74, 0x6C, 0x4D, 0x61, 0x69, 0x6E, 0x5F, 0x69, 0x6E, 0x20, 0x69,
    0x6E, 0x20, 0x5B, 0x5B, 0x73, 0x74, 0x61, 0x67, 0x65, 0x5F, 0x69, 0x6E,
    0x5D, 0x5D, 0x2C, 0x20, 0x63, 0x6F, 0x6E, 0x73, 0x74, 0x61, 0x6E, 0x74,
    0x20, 0x5F, 0x47, 0x6C, 0x6F, 0x62, 0x61, 0x6C, 0x26, 0x20, 0x5F, 0x6D,
    0x74, 0x6C, 0x5F, 0x75, 0x20, 0x5B, 0x5B, 0x62, 0x75, 0x66, 0x66, 0x65,
    0x72, 0x28, 0x30, 0x29, 0x5D, 0x5D, 0x2C, 0x20, 0x74, 0x65, 0x78, 0x74,
    0x75, 0x72, 0x65, 0x32, 0x64, 0x3C, 0x66, 0x6C, 0x6F, 0x61, 0x74, 0x3E,
    0x20, 0x73, 0x5F, 0x74, 0x65, 0x78, 0x74, 0x75, 0x72, 0x65, 0x20, 0x5B,
    0x5B, 0x74, 0x65, 0x78, 0x74, 0x75, 0x72, 0x65, 0x28, 0x30, 0x29, 0x5D,
    0x5D, 0x2C, 0x20, 0x73, 0x61, 0x6D, 0x70, 0x6C, 0x65, 0x72, 0x20, 0x73,
    0x5F, 0x74, 0x65, 0x78, 0x74, 0x75, 0x72, 0x65, 0x53, 0x61, 0x6D, 0x70,
    0x6C, 0x65, 0x72, 0x20, 0x5B, 0x5B, 0x73, 0x61, 0x6D, 0x70, 0x6C, 0x65,
    0x72, 0x28, 0x30, 0x29, 0x5D, 0x5D, 0x29, 0x0A, 0x7B, 0x0A, 0x20, 0x20,
    0x20, 0x20, 0x78, 0x6C, 0x61, 0x74, 0x4D, 0x74, 0x6C, 0x4D, 0x61, 0x69,
    0x6E, 0x5F, 0x6F, 0x75, 0x74, 0x20, 0x6F, 0x75, 0x74, 0x20, 0x3D, 0x20,
    0x7B, 0x7D, 0x3B, 0x0A, 0x20, 0x20, 0x20, 0x20, 0x69, 0x6E, 0x74, 0x20,
    0x5F, 0x32, 0x35, 0x32, 0x20, 0x3D, 0x20, 0x69, 0x6E, 0x74, 0x28, 0x5F,
    0x6D, 0x74, 0x6C, 0x5F, 0x75, 0x2E, 0x56, 0x46, 0x58, 0x50, 0x61, 0x72,
    0x61, 0x6D, 0x73, 0x5B, 0x32, 0x5D, 0x2E, 0x78, 0x29, 0x3B, 0x0A, 0x20,
    0x20, 0x20, 0x20, 0x66, 0x6C, 0x6F, 0x61, 0x74, 0x34, 0x20, 0x5F, 0x34,
    0x30, 0x31, 0x3B, 0x0A, 0x20, 0x20, 0x20, 0x20, 0x69, 0x66, 0x20, 0x28,
    0x5F, 0x32, 0x35, 0x32, 0x20, 0x3D, 0x3D, 0x20, 0x31, 0x29, 0x0A, 0x20,
    0x20, 0x20, 0x20, 0x7B, 0x0A, 0x20, 0x20, 0x20, 0x20, 0x20, 0x20, 0x20,
    0x20, 0x5F, 0x34, 0x30, 0x31, 0x20, 0x3D, 0x20, 0x6D, 0x69, 0x78, 0x28,
    0x73, 0x5F, 0x74, 0x65, 0x78, 0x74, 0x75, 0x72, 0x65, 0x2E, 0x73, 0x61,
    0x6D, 0x70, 0x6C, 0x65, 0x28, 0x73, 0x5F, 0x74, 0x65, 0x78, 0x74, 0x75,
    0x72, 0x65, 0x53, 0x61, 0x6D, 0x70, 0x6C, 0x65, 0x72, 0x2C, 0x20, 0x69,
    0x6E, 0x2E, 0x76, 0x5F, 0x74, 0x65, 0x78, 0x63, 0x6F, 0x6F, 0x72, 0x64,
    0x30, 0x29, 0x2C, 0x20, 0x5F, 0x6D, 0x74, 0x6C, 0x5F, 0x75, 0x2E, 0x56,
    0x46, 0x58, 0x50, 0x61, 0x72, 0x61, 0x6D, 0x73, 0x5B, 0x30, 0x5D, 0x2C,
    0x20, 0x66, 0x6C, 0x6F, 0x61, 0x74, 0x34, 0x28, 0x5F, 0x6D, 0x74, 0x6C,
    0x5F, 0x75, 0x2E, 0x56, 0x46, 0x58, 0x50, 0x61, 0x72, 0x61, 0x6D, 0x73,
    0x5B, 0x30, 0x5D, 0x2E, 0x77, 0x29, 0x29, 0x3B, 0x0A, 0x20, 0x20, 0x20,
    0x20, 0x7D, 0x0A, 0x20, 0x20, 0x20, 0x20, 0x65, 0x6C, 0x73, 0x65, 0x0A,
    0x20, 0x20, 0x20, 0x20, 0x7B, 0x0A, 0x20, 0x20, 0x20, 0x20, 0x20, 0x20,
    0x20, 0x20, 0x66, 0x6C, 0x6F, 0x61, 0x74, 0x34, 0x20, 0x5F, 0x34, 0x30,
    0x32, 0x3B, 0x0A, 0x20, 0x20, 0x20, 0x20, 0x20, 0x20, 0x20, 0x20, 0x69,
    0x66, 0x20, 0x28, 0x5F, 0x32, 0x35, 0x32, 0x20, 0x3D, 0x3D, 0x20, 0x32,
    0x29, 0x0A, 0x20, 0x20, 0x20, 0x20, 0x20, 0x20, 0x20, 0x20, 0x7B, 0x0A,
    0x20, 0x20, 0x20, 0x20, 0x20, 0x20, 0x20, 0x20, 0x20, 0x20, 0x20, 0x20,
    0x66, 0x6C, 0x6F, 0x61, 0x74, 0x32, 0x20, 0x5F, 0x32, 0x37, 0x33, 0x20,
    0x3D, 0x20, 0x5F, 0x6D, 0x74, 0x6C, 0x5F, 0x75, 0x2E, 0x56, 0x46, 0x58,
    0x50, 0x61, 0x72, 0x61, 0x6D, 0x73, 0x5B, 0x31, 0x5D, 0x2E, 0x78, 0x79,
    0x20, 0x2A, 0x20, 0x30, 0x2E, 0x33, 0x33, 0x33, 0x32, 0x39, 0x39, 0x39,
    0x39, 0x34, 0x34, 0x36, 0x38, 0x36, 0x38, 0x38, 0x39, 0x36, 0x34, 0x38,
    0x34, 0x33, 0x37, 0x35, 0x3B, 0x0A, 0x20, 0x20, 0x20, 0x20, 0x20, 0x20,
    0x20, 0x20, 0x20, 0x20, 0x20, 0x20, 0x69, 0x6E, 0x74, 0x20, 0x5F, 0x33,
    0x39, 0x36, 0x3B, 0x0A, 0x20, 0x20, 0x20, 0x20, 0x20, 0x20, 0x20, 0x20,
    0x20, 0x20, 0x20, 0x20, 0x66, 0x6C, 0x6F, 0x61, 0x74, 0x34, 0x20, 0x5F,
    0x33, 0x39, 0x37, 0x3B, 0x0A, 0x20, 0x20, 0x20, 0x20, 0x20, 0x20, 0x20,
    0x20, 0x20, 0x20, 0x20, 0x20, 0x5F, 0x33, 0x39, 0x37, 0x20, 0x3D, 0x20,
    0x66, 0x6C, 0x6F, 0x61, 0x74, 0x34, 0x28, 0x30, 0x2E, 0x30, 0x29, 0x3B,
    0x0A, 0x20, 0x20, 0x20, 0x20, 0x20, 0x20, 0x20, 0x20, 0x20, 0x20, 0x20,
    0x20, 0x5F, 0x33, 0x39, 0x36, 0x20, 0x3D, 0x20, 0x2D, 0x31, 0x3B, 0x0A,
    0x20, 0x20, 0x20, 0x20, 0x20, 0x20, 0x20, 0x20, 0x20, 0x20, 0x20, 0x20,
    0x66, 0x6C, 0x6F, 0x61, 0x74, 0x34, 0x20, 0x5F, 0x34, 0x30, 0x30, 0x3B,
    0x0A, 0x20, 0x20, 0x20, 0x20, 0x20, 0x20, 0x20, 0x20, 0x20, 0x20, 0x20,
    0x20, 0x66, 0x6F, 0x72, 0x20, 0x28, 0x3B, 0x20, 0x5F, 0x33, 0x39, 0x36,
    0x20, 0x3C, 0x3D, 0x20, 0x31, 0x3B, 0x20, 0x5F, 0x33, 0x39, 0x37, 0x20,
    0x3D, 0x20, 0x5F, 0x34, 0x30, 0x30, 0x2C, 0x20, 0x5F, 0x33, 0x39, 0x36,
    0x2B, 0x2B, 0x29, 0x0A, 0x20, 0x20, 0x20, 0x20, 0x20, 0x20, 0x20, 0x20,
    0x20, 0x20, 0x20, 0x20, 0x7B, 0x0A, 0x20, 0x20, 0x20, 0x20, 0x20, 0x20,
    0x20, 0x20, 0x20, 0x20, 0x20, 0x20, 0x20, 0x20, 0x20, 0x20, 0x5F, 0x34,
    0x30, 0x30, 0x20, 0x3D, 0x20, 0x5F, 0x33, 0x39, 0x37, 0x3B, 0x0A, 0x20,
    0x20, 0x20, 0x20, 0x20, 0x20, 0x20, 0x20, 0x20, 0x20, 0x20, 0x20, 0x20,
    0x20, 0x20, 0x20, 0x66, 0x6F, 0x72, 0x20, 0x28, 0x69, 0x6E, 0x74, 0x20,
    0x5F, 0x33, 0x39, 0x38, 0x20, 0x3D, 0x20, 0x2D, 0x31, 0x3B, 0x20, 0x5F,
    0x33, 0x39, 0x38, 0x20, 0x3C, 0x3D, 0x20, 0x31, 0x3B, 0x20, 0x29, 0x0A,
    0x20, 0x20, 0x20, 0x20, 0x20, 0x20, 0x20, 0x20, 0x20, 0x20, 0x20, 0x20,
    0x20, 0x20, 0x20, 0x20, 0x7B, 0x0A, 0x20, 0x20, 0x20, 0x20, 0x20, 0x20,
    0x20, 0x20, 0x20, 0x20, 0x20, 0x20, 0x20, 0x20, 0x20, 0x20, 0x20, 0x20,
    0x20, 0x20, 0x5F, 0x34, 0x30, 0x30, 0x20, 0x2B, 0x3D, 0x20, 0x73, 0x5F,
    0x74, 0x65, 0x78, 0x74, 0x75, 0x72, 0x65, 0x2E, 0x73, 0x61, 0x6D, 0x70,
    0x6C, 0x65, 0x28, 0x73, 0x5F, 0x74, 0x65, 0x78, 0x74, 0x75, 0x72, 0x65,
    0x53, 0x61, 0x6D, 0x70, 0x6C, 0x65, 0x72, 0x2C, 0x20, 0x28, 0x69, 0x6E,
    0x2E, 0x76, 0x5F, 0x74, 0x65, 0x78, 0x63, 0x6F, 0x6F, 0x72, 0x64, 0x30,
    0x20, 0x2B, 0x20, 0x28, 0x66, 0x6C, 0x6F, 0x61, 0x74, 0x32, 0x28, 0x66,
    0x6C, 0x6F, 0x61, 0x74, 0x28, 0x5F, 0x33, 0x39, 0x38, 0x29, 0x2C, 0x20,
    0x66, 0x6C, 0x6F, 0x61, 0x74, 0x28, 0x5F, 0x33, 0x39, 0x36, 0x29, 0x29,
    0x20, 0x2A, 0x20, 0x5F, 0x32, 0x37, 0x33, 0x29, 0x29, 0x29, 0x3B, 0x0A,
    0x20, 0x20, 0x20, 0x20, 0x20, 0x20, 0x20, 0x20, 0x20, 0x20, 0x20, 0x20,
    0x20, 0x20, 0x20, 0x20, 0x20, 0x20, 0x20, 0x20, 0x5F, 0x33, 0x39, 0x38,
    0x2B, 0x2B, 0x3B, 0x0A, 0x20, 0x20, 0x20, 0x20, 0x20, 0x20, 0x20, 0x20,
    0x20, 0x20, 0x20, 0x20, 0x20, 0x20, 0x20, 0x20, 0x20, 0x20, 0x20, 0x20,
    0x63, 0x6F, 0x6E, 0x74, 0x69, 0x6E, 0x75, 0x65, 0x3B, 0x0A, 0x20, 0x20,
    0x20, 0x20, 0x20, 0x20, 0x20, 0x20, 0x20, 0x20, 0x20, 0x20, 0x20, 0x20,
    0x20, 0x20, 0x7D, 0x0A, 0x20, 0x20, 0x20, 0x20, 0x20, 0x20, 0x20, 0x20,
    0x20, 0x20, 0x20, 0x20, 0x7D, 0x0A, 0x20, 0x20, 0x20, 0x20, 0x20, 0x20,
    0x20, 0x20, 0x20, 0x20, 0x20, 0x20, 0x5F, 0x34, 0x30, 0x32, 0x20, 0x3D,
    0x20, 0x5F, 0x33, 0x39, 0x37, 0x20, 0x2A, 0x20, 0x66, 0x6C, 0x6F, 0x61,
    0x74, 0x34, 0x28, 0x30, 0x2E, 0x31, 0x31, 0x31, 0x31, 0x31, 0x31, 0x31,
    0x31, 0x31, 0x39, 0x33, 0x38, 0x39, 0x35, 0x33, 0x33, 0x39, 0x39, 0x36,
    0x35, 0x38, 0x32, 0x30, 0x33, 0x31, 0x32, 0x35, 0x29, 0x3B, 0x0A, 0x20,
    0x20, 0x20, 0x20, 0x20, 0x20, 0x20, 0x20, 0x7D, 0x0A, 0x20, 0x20, 0x20,
    0x20, 0x20, 0x20, 0x20, 0x20, 0x65, 0x6C, 0x73, 0x65, 0x0A, 0x20, 0x20,
    0x20, 0x20, 0x20, 0x20, 0x20, 0x20, 0x7B, 0x0A, 0x20, 0x20, 0x20, 0x20,
    0x20, 0x20, 0x20, 0x20, 0x20, 0x20, 0x20, 0x20, 0x66, 0x6C, 0x6F, 0x61,
    0x74, 0x34, 0x20, 0x5F, 0x34, 0x30, 0x33, 0x3B, 0x0A, 0x20, 0x20, 0x20,
    0x20, 0x20, 0x20, 0x20, 0x20, 0x20, 0x20, 0x20, 0x20, 0x69, 0x66, 0x20,
    0x28, 0x5F, 0x32, 0x35, 0x32, 0x20, 0x3D, 0x3D, 0x20, 0x33, 0x29, 0x0A,
    0x20, 0x20, 0x20, 0x20, 0x20, 0x20, 0x20, 0x20, 0x20, 0x20, 0x20, 0x20,
    0x7B, 0x0A, 0x20, 0x20, 0x20, 0x20, 0x20, 0x20, 0x20, 0x20, 0x20, 0x20,
    0x20, 0x20, 0x20, 0x20, 0x20, 0x20, 0x5F, 0x34, 0x30, 0x33, 0x20, 0x3D,
    0x20, 0x73, 0x5F, 0x74, 0x65, 0x78, 0x74, 0x75, 0x72, 0x65, 0x2E, 0x73,
    0x61, 0x6D, 0x70, 0x6C, 0x65, 0x28, 0x73, 0x5F, 0x74, 0x65, 0x78, 0x74,
    0x75, 0x72, 0x65, 0x53, 0x61, 0x6D, 0x70, 0x6C, 0x65, 0x72, 0x2C, 0x20,
    0x28, 0x69, 0x6E, 0x2E, 0x76, 0x5F, 0x74, 0x65, 0x78, 0x63, 0x6F, 0x6F,
    0x72, 0x64, 0x30, 0x20, 0x2B, 0x20, 0x66, 0x6C, 0x6F, 0x61, 0x74, 0x32,
    0x28, 0x5F, 0x6D, 0x74, 0x6C, 0x5F, 0x75, 0x2E, 0x56, 0x46, 0x58, 0x50,
    0x61, 0x72, 0x61, 0x6D, 0x73, 0x5B, 0x31, 0x5D, 0x2E, 0x7A, 0x2C, 0x20,
    0x5F, 0x6D, 0x74, 0x6C, 0x5F, 0x75, 0x2E, 0x56, 0x46, 0x58, 0x50, 0x61,
    0x72, 0x61, 0x6D, 0x73, 0x5B, 0x31, 0x5D, 0x2E, 0x77, 0x29, 0x29, 0x29,
    0x3B, 0x0A, 0x20, 0x20, 0x20, 0x20, 0x20, 0x20, 0x20, 0x20, 0x20, 0x20,
    0x20, 0x20, 0x7D, 0x0A, 0x20, 0x20, 0x20, 0x20, 0x20, 0x20, 0x20, 0x20,
    0x20, 0x20, 0x20, 0x20, 0x65, 0x6C, 0x73, 0x65, 0x0A, 0x20, 0x20, 0x20,
    0x20, 0x20, 0x20, 0x20, 0x20, 0x20, 0x20, 0x20, 0x20, 0x7B, 0x0A, 0x20,
    0x20, 0x20, 0x20, 0x20, 0x20, 0x20, 0x20, 0x20, 0x20, 0x20, 0x20, 0x20,
    0x20, 0x20, 0x20, 0x5F, 0x34, 0x30, 0x33, 0x20, 0x3D, 0x20, 0x73, 0x5F,
    0x74, 0x65, 0x78, 0x74, 0x75, 0x72, 0x65, 0x2E, 0x73, 0x61, 0x6D, 0x70,
    0x6C, 0x65, 0x28, 0x73, 0x5F, 0x74, 0x65, 0x78, 0x74, 0x75, 0x72, 0x65,
    0x53, 0x61, 0x6D, 0x70, 0x6C, 0x65, 0x72, 0x2C, 0x20, 0x69, 0x6E, 0x2E,
    0x76, 0x5F, 0x74, 0x65, 0x78, 0x63, 0x6F, 0x6F, 0x72, 0x64, 0x30, 0x29,
    0x3B, 0x0A, 0x20, 0x20, 0x20, 0x20, 0x20, 0x20, 0x20, 0x20, 0x20, 0x20,
    0x20, 0x20, 0x7D, 0x0A, 0x20, 0x20, 0x20, 0x20, 0x20, 0x20, 0x20, 0x20,
    0x20, 0x20, 0x20, 0x20, 0x5F, 0x34, 0x30, 0x32, 0x20, 0x3D, 0x20, 0x5F,
    0x34, 0x30, 0x33, 0x3B, 0x0A, 0x20, 0x20, 0x20, 0x20, 0x20, 0x20, 0x20,
    0x20, 0x7D, 0x0A, 0x20, 0x20, 0x20, 0x20, 0x20, 0x20, 0x20, 0x20, 0x5F,
    0x34, 0x30, 0x31, 0x20, 0x3D, 0x20, 0x5F, 0x34, 0x30, 0x32, 0x3B, 0x0A,
    0x20, 0x20, 0x20, 0x20, 0x7D, 0x0A, 0x20, 0x20, 0x20, 0x20, 0x6F, 0x75,
    0x74, 0x2E, 0x62, 0x67, 0x66, 0x78, 0x5F, 0x46, 0x72, 0x61, 0x67, 0x44,
    0x61, 0x74, 0x61, 0x30, 0x20, 0x3D, 0x20, 0x5F, 0x34, 0x30, 0x31, 0x3B,
    0x0A, 0x20, 0x20, 0x20, 0x20, 0x72, 0x65, 0x74, 0x75, 0x72, 0x6E, 0x20,
    0x6F, 0x75, 0x74, 0x3B, 0x0A, 0x7D, 0x0A, 0x0A, 0x00, 0x00, 0x50, 0x00,
};
const size_t kEmbeddedMetal_fs_vfx_size = 2004;

const uint8_t kEmbeddedMetal_fs_postfx_vignette[] = {
    0x46, 0x53, 0x48, 0x0B, 0x6F, 0x1E, 0x3E, 0x3C, 0x00, 0x00, 0x00, 0x00,
    0x04, 0x00, 0x10, 0x73, 0x5F, 0x74, 0x65, 0x78, 0x74, 0x75, 0x72, 0x65,
    0x53, 0x61, 0x6D, 0x70, 0x6C, 0x65, 0x72, 0x11, 0x01, 0xFF, 0xFF, 0x01,
    0x00, 0x00, 0x00, 0x00, 0x00, 0x10, 0x73, 0x5F, 0x74, 0x65, 0x78, 0x74,
    0x75, 0x72, 0x65, 0x54, 0x65, 0x78, 0x74, 0x75, 0x72, 0x65, 0x11, 0x01,
    0xFF, 0xFF, 0x01, 0x00, 0x00, 0x00, 0x00, 0x00, 0x0C, 0x50, 0x6F, 0x73,
    0x74, 0x46, 0x78, 0x50, 0x61, 0x72, 0x61, 0x6D, 0x73, 0x12, 0x02, 0x00,
    0x00, 0x02, 0x00, 0x00, 0x00, 0x00, 0x00, 0x09, 0x73, 0x5F, 0x74, 0x65,
    0x78, 0x74, 0x75, 0x72, 0x65, 0x10, 0x00, 0x00, 0x00, 0x00, 0x00, 0x00,
    0x00, 0x00, 0x00, 0xCB, 0x03, 0x00, 0x00, 0x23, 0x69, 0x6E, 0x63, 0x6C,
    0x75, 0x64, 0x65, 0x20, 0x3C, 0x6D, 0x65, 0x74, 0x61, 0x6C, 0x5F, 0x73,
    0x74, 0x64, 0x6C, 0x69, 0x62, 0x3E, 0x0A, 0x23, 0x69, 0x6E, 0x63, 0x6C,
    0x75, 0x64, 0x65, 0x20, 0x3C, 0x73, 0x69, 0x6D, 0x64, 0x2F, 0x73, 0x69,
    0x6D, 0x64, 0x2E, 0x68, 0x3E, 0x0A, 0x0A, 0x75, 0x73, 0x69, 0x6E, 0x67,
    0x20, 0x6E, 0x61, 0x6D, 0x65, 0x73, 0x70, 0x61, 0x63, 0x65, 0x20, 0x6D,
    0x65, 0x74, 0x61, 0x6C, 0x3B, 0x0A, 0x0A, 0x73, 0x74, 0x72, 0x75, 0x63,
    0x74, 0x20, 0x5F, 0x47, 0x6C, 0x6F, 0x62, 0x61, 0x6C, 0x0A, 0x7B, 0x0A,
    0x20, 0x20, 0x20, 0x20, 0x66, 0x6C, 0x6F, 0x61, 0x74, 0x34, 0x20, 0x50,
    0x6F, 0x73, 0x74, 0x46, 0x78, 0x50, 0x61, 0x72, 0x61, 0x6D, 0x73, 0x5B,
    0x34, 0x5D, 0x3B, 0x0A, 0x7D, 0x3B, 0x0A, 0x0A, 0x73, 0x74, 0x72, 0x75,
    0x63, 0x74, 0x20, 0x78, 0x6C, 0x61, 0x74, 0x4D, 0x74, 0x6C, 0x4D, 0x61,
    0x69, 0x6E, 0x5F, 0x6F, 0x75, 0x74, 0x0A, 0x7B, 0x0A, 0x20, 0x20, 0x20,
    0x20, 0x66, 0x6C, 0x6F, 0x61, 0x74, 0x34, 0x20, 0x62, 0x67, 0x66, 0x78,
    0x5F, 0x46, 0x72, 0x61, 0x67, 0x44, 0x61, 0x74, 0x61, 0x30, 0x20, 0x5B,
    0x5B, 0x63, 0x6F, 0x6C, 0x6F, 0x72, 0x28, 0x30, 0x29, 0x5D, 0x5D, 0x3B,
    0x0A, 0x7D, 0x3B, 0x0A, 0x0A, 0x73, 0x74, 0x72, 0x75, 0x63, 0x74, 0x20,
    0x78, 0x6C, 0x61, 0x74, 0x4D, 0x74, 0x6C, 0x4D, 0x61, 0x69, 0x6E, 0x5F,
    0x69, 0x6E, 0x0A, 0x7B, 0x0A, 0x20, 0x20, 0x20, 0x20, 0x66, 0x6C, 0x6F,
    0x61, 0x74, 0x32, 0x20, 0x76, 0x5F, 0x74, 0x65, 0x78, 0x63, 0x6F, 0x6F,
    0x72, 0x64, 0x30, 0x20, 0x5B, 0x5B, 0x75, 0x73, 0x65, 0x72, 0x28, 0x6C,
    0x6F, 0x63, 0x6E, 0x30, 0x29, 0x5D, 0x5D, 0x3B, 0x0A, 0x7D, 0x3B, 0x0A,
    0x0A, 0x66, 0x72, 0x61, 0x67, 0x6D, 0x65, 0x6E, 0x74, 0x20, 0x78, 0x6C,
    0x61, 0x74, 0x4D, 0x74, 0x6C, 0x4D, 0x61, 0x69, 0x6E, 0x5F, 0x6F, 0x75,
    0x74, 0x20, 0x78, 0x6C, 0x61, 0x74, 0x4D, 0x74, 0x6C, 0x4D, 0x61, 0x69,
    0x6E, 0x28, 0x78, 0x6C, 0x61, 0x74, 0x4D, 0x74, 0x6C, 0x4D, 0x61, 0x69,
    0x6E, 0x5F, 0x69, 0x6E, 0x20, 0x69, 0x6E, 0x20, 0x5B, 0x5B, 0x73, 0x74,
    0x61, 0x67, 0x65, 0x5F, 0x69, 0x6E, 0x5D, 0x5D, 0x2C, 0x20, 0x63, 0x6F,
    0x6E, 0x73, 0x74, 0x61, 0x6E, 0x74, 0x20, 0x5F, 0x47, 0x6C, 0x6F, 0x62,
    0x61, 0x6C, 0x26, 0x20, 0x5F, 0x6D, 0x74, 0x6C, 0x5F, 0x75, 0x20, 0x5B,
    0x5B, 0x62, 0x75, 0x66, 0x66, 0x65, 0x72, 0x28, 0x30, 0x29, 0x5D, 0x5D,
    0x2C, 0x20, 0x74, 0x65, 0x78, 0x74, 0x75, 0x72, 0x65, 0x32, 0x64, 0x3C,
    0x66, 0x6C, 0x6F, 0x61, 0x74, 0x3E, 0x20, 0x73, 0x5F, 0x74, 0x65, 0x78,
    0x74, 0x75, 0x72, 0x65, 0x20, 0x5B, 0x5B, 0x74, 0x65, 0x78, 0x74, 0x75,
    0x72, 0x65, 0x28, 0x30, 0x29, 0x5D, 0x5D, 0x2C, 0x20, 0x73, 0x61, 0x6D,
    0x70, 0x6C, 0x65, 0x72, 0x20, 0x73, 0x5F, 0x74, 0x65, 0x78, 0x74, 0x75,
    0x72, 0x65, 0x53, 0x61, 0x6D, 0x70, 0x6C, 0x65, 0x72, 0x20, 0x5B, 0x5B,
    0x73, 0x61, 0x6D, 0x70, 0x6C, 0x65, 0x72, 0x28, 0x30, 0x29, 0x5D, 0x5D,
    0x29, 0x0A, 0x7B, 0x0A, 0x20, 0x20, 0x20, 0x20, 0x78, 0x6C, 0x61, 0x74,
    0x4D, 0x74, 0x6C, 0x4D, 0x61, 0x69, 0x6E, 0x5F, 0x6F, 0x75, 0x74, 0x20,
    0x6F, 0x75, 0x74, 0x20, 0x3D, 0x20, 0x7B, 0x7D, 0x3B, 0x0A, 0x20, 0x20,
    0x20, 0x20, 0x66, 0x6C, 0x6F, 0x61, 0x74, 0x34, 0x20, 0x5F, 0x32, 0x37,
    0x38, 0x20, 0x3D, 0x20, 0x73, 0x5F, 0x74, 0x65, 0x78, 0x74, 0x75, 0x72,
    0x65, 0x2E, 0x73, 0x61, 0x6D, 0x70, 0x6C, 0x65, 0x28, 0x73, 0x5F, 0x74,
    0x65, 0x78, 0x74, 0x75, 0x72, 0x65, 0x53, 0x61, 0x6D, 0x70, 0x6C, 0x65,
    0x72, 0x2C, 0x20, 0x69, 0x6E, 0x2E, 0x76, 0x5F, 0x74, 0x65, 0x78, 0x63,
    0x6F, 0x6F, 0x72, 0x64, 0x30, 0x29, 0x3B, 0x0A, 0x20, 0x20, 0x20, 0x20,
    0x66, 0x6C, 0x6F, 0x61, 0x74, 0x20, 0x5F, 0x32, 0x33, 0x30, 0x20, 0x3D,
    0x20, 0x66, 0x61, 0x73, 0x74, 0x3A, 0x3A, 0x6D, 0x61, 0x78, 0x28, 0x5F,
    0x6D, 0x74, 0x6C, 0x5F, 0x75, 0x2E, 0x50, 0x6F, 0x73, 0x74, 0x46, 0x78,
    0x50, 0x61, 0x72, 0x61, 0x6D, 0x73, 0x5B, 0x30, 0x5D, 0x2E, 0x79, 0x2C,
    0x20, 0x39, 0x2E, 0x39, 0x39, 0x39, 0x39, 0x39, 0x39, 0x37, 0x34, 0x37,
    0x33, 0x37, 0x38, 0x37, 0x35, 0x31, 0x36, 0x33, 0x35, 0x35, 0x35, 0x31,
    0x34, 0x35, 0x32, 0x36, 0x33, 0x36, 0x37, 0x31, 0x38, 0x38, 0x65, 0x2D,
    0x30, 0x35, 0x29, 0x3B, 0x0A, 0x20, 0x20, 0x20, 0x20, 0x66, 0x6C, 0x6F,
    0x61, 0x74, 0x33, 0x20, 0x5F, 0x32, 0x34, 0x34, 0x20, 0x3D, 0x20, 0x5F,
    0x32, 0x37, 0x38, 0x2E, 0x78, 0x79, 0x7A, 0x3B, 0x0A, 0x20, 0x20, 0x20,
    0x20, 0x6F, 0x75, 0x74, 0x2E, 0x62, 0x67, 0x66, 0x78, 0x5F, 0x46, 0x72,
    0x61, 0x67, 0x44, 0x61, 0x74, 0x61, 0x30, 0x20, 0x3D, 0x20, 0x66, 0x6C,
    0x6F, 0x61, 0x74, 0x34, 0x28, 0x6D, 0x69, 0x78, 0x28, 0x5F, 0x32, 0x34,
    0x34, 0x2C, 0x20, 0x6D, 0x69, 0x78, 0x28, 0x5F, 0x32, 0x34, 0x34, 0x2C,
    0x20, 0x5F, 0x32, 0x34, 0x34, 0x20, 0x2A, 0x20, 0x66, 0x61, 0x73, 0x74,
    0x3A, 0x3A, 0x6D, 0x61, 0x78, 0x28, 0x5F, 0x6D, 0x74, 0x6C, 0x5F, 0x75,
    0x2E, 0x50, 0x6F, 0x73, 0x74, 0x46, 0x78, 0x50, 0x61, 0x72, 0x61, 0x6D,
    0x73, 0x5B, 0x31, 0x5D, 0x2E, 0x78, 0x79, 0x7A, 0x2C, 0x20, 0x66, 0x6C,
    0x6F, 0x61, 0x74, 0x33, 0x28, 0x30, 0x2E, 0x30, 0x29, 0x29, 0x2C, 0x20,
    0x66, 0x6C, 0x6F, 0x61, 0x74, 0x33, 0x28, 0x66, 0x61, 0x73, 0x74, 0x3A,
    0x3A, 0x63, 0x6C, 0x61, 0x6D, 0x70, 0x28, 0x28, 0x28, 0x6C, 0x65, 0x6E,
    0x67, 0x74, 0x68, 0x28, 0x69, 0x6E, 0x2E, 0x76, 0x5F, 0x74, 0x65, 0x78,
    0x63, 0x6F, 0x6F, 0x72, 0x64, 0x30, 0x20, 0x2D, 0x20, 0x66, 0x6C, 0x6F,
    0x61, 0x74, 0x32, 0x28, 0x30, 0x2E, 0x35, 0x29, 0x29, 0x20, 0x2A, 0x20,
    0x32, 0x2E, 0x30, 0x29, 0x20, 0x2D, 0x20, 0x5F, 0x32, 0x33, 0x30, 0x29,
    0x20, 0x2F, 0x20, 0x28, 0x31, 0x2E, 0x37, 0x30, 0x30, 0x30, 0x30, 0x30,
    0x30, 0x34, 0x37, 0x36, 0x38, 0x33, 0x37, 0x31, 0x35, 0x38, 0x32, 0x30,
    0x33, 0x31, 0x32, 0x35, 0x20, 0x2D, 0x20, 0x5F, 0x32, 0x33, 0x30, 0x29,
    0x2C, 0x20, 0x30, 0x2E, 0x30, 0x2C, 0x20, 0x31, 0x2E, 0x30, 0x29, 0x29,
    0x29, 0x2C, 0x20, 0x66, 0x6C, 0x6F, 0x61, 0x74, 0x33, 0x28, 0x5F, 0x6D,
    0x74, 0x6C, 0x5F, 0x75, 0x2E, 0x50, 0x6F, 0x73, 0x74, 0x46, 0x78, 0x50,
    0x61, 0x72, 0x61, 0x6D, 0x73, 0x5B, 0x30, 0x5D, 0x2E, 0x78, 0x29, 0x29,
    0x2C, 0x20, 0x5F, 0x32, 0x37, 0x38, 0x2E, 0x77, 0x29, 0x3B, 0x0A, 0x20,
    0x20, 0x20, 0x20, 0x72, 0x65, 0x74, 0x75, 0x72, 0x6E, 0x20, 0x6F, 0x75,
    0x74, 0x3B, 0x0A, 0x7D, 0x0A, 0x0A, 0x00, 0x00, 0x40, 0x00,
};
const size_t kEmbeddedMetal_fs_postfx_vignette_size = 1090;

const uint8_t kEmbeddedMetal_fs_postfx_lut[] = {
    0x46, 0x53, 0x48, 0x0B, 0x6F, 0x1E, 0x3E, 0x3C, 0x00, 0x00, 0x00, 0x00,
    0x04, 0x00, 0x10, 0x73, 0x5F, 0x74, 0x65, 0x78, 0x74, 0x75, 0x72, 0x65,
    0x53, 0x61, 0x6D, 0x70, 0x6C, 0x65, 0x72, 0x11, 0x01, 0xFF, 0xFF, 0x01,
    0x00, 0x00, 0x00, 0x00, 0x00, 0x10, 0x73, 0x5F, 0x74, 0x65, 0x78, 0x74,
    0x75, 0x72, 0x65, 0x54, 0x65, 0x78, 0x74, 0x75, 0x72, 0x65, 0x11, 0x01,
    0xFF, 0xFF, 0x01, 0x00, 0x00, 0x00, 0x00, 0x00, 0x0C, 0x50, 0x6F, 0x73,
    0x74, 0x46, 0x78, 0x50, 0x61, 0x72, 0x61, 0x6D, 0x73, 0x12, 0x02, 0x00,
    0x00, 0x02, 0x00, 0x00, 0x00, 0x00, 0x00, 0x09, 0x73, 0x5F, 0x74, 0x65,
    0x78, 0x74, 0x75, 0x72, 0x65, 0x10, 0x00, 0x00, 0x00, 0x00, 0x00, 0x00,
    0x00, 0x00, 0x00, 0xB3, 0x03, 0x00, 0x00, 0x23, 0x69, 0x6E, 0x63, 0x6C,
    0x75, 0x64, 0x65, 0x20, 0x3C, 0x6D, 0x65, 0x74, 0x61, 0x6C, 0x5F, 0x73,
    0x74, 0x64, 0x6C, 0x69, 0x62, 0x3E, 0x0A, 0x23, 0x69, 0x6E, 0x63, 0x6C,
    0x75, 0x64, 0x65, 0x20, 0x3C, 0x73, 0x69, 0x6D, 0x64, 0x2F, 0x73, 0x69,
    0x6D, 0x64, 0x2E, 0x68, 0x3E, 0x0A, 0x0A, 0x75, 0x73, 0x69, 0x6E, 0x67,
    0x20, 0x6E, 0x61, 0x6D, 0x65, 0x73, 0x70, 0x61, 0x63, 0x65, 0x20, 0x6D,
    0x65, 0x74, 0x61, 0x6C, 0x3B, 0x0A, 0x0A, 0x73, 0x74, 0x72, 0x75, 0x63,
    0x74, 0x20, 0x5F, 0x47, 0x6C, 0x6F, 0x62, 0x61, 0x6C, 0x0A, 0x7B, 0x0A,
    0x20, 0x20, 0x20, 0x20, 0x66, 0x6C, 0x6F, 0x61, 0x74, 0x34, 0x20, 0x50,
    0x6F, 0x73, 0x74, 0x46, 0x78, 0x50, 0x61, 0x72, 0x61, 0x6D, 0x73, 0x5B,
    0x34, 0x5D, 0x3B, 0x0A, 0x7D, 0x3B, 0x0A, 0x0A, 0x73, 0x74, 0x72, 0x75,
    0x63, 0x74, 0x20, 0x78, 0x6C, 0x61, 0x74, 0x4D, 0x74, 0x6C, 0x4D, 0x61,
    0x69, 0x6E, 0x5F, 0x6F, 0x75, 0x74, 0x0A, 0x7B, 0x0A, 0x20, 0x20, 0x20,
    0x20, 0x66, 0x6C, 0x6F, 0x61, 0x74, 0x34, 0x20, 0x62, 0x67, 0x66, 0x78,
    0x5F, 0x46, 0x72, 0x61, 0x67, 0x44, 0x61, 0x74, 0x61, 0x30, 0x20, 0x5B,
    0x5B, 0x63, 0x6F, 0x6C, 0x6F, 0x72, 0x28, 0x30, 0x29, 0x5D, 0x5D, 0x3B,
    0x0A, 0x7D, 0x3B, 0x0A, 0x0A, 0x73, 0x74, 0x72, 0x75, 0x63, 0x74, 0x20,
    0x78, 0x6C, 0x61, 0x74, 0x4D, 0x74, 0x6C, 0x4D, 0x61, 0x69, 0x6E, 0x5F,
    0x69, 0x6E, 0x0A, 0x7B, 0x0A, 0x20, 0x20, 0x20, 0x20, 0x66, 0x6C, 0x6F,
    0x61, 0x74, 0x32, 0x20, 0x76, 0x5F, 0x74, 0x65, 0x78, 0x63, 0x6F, 0x6F,
    0x72, 0x64, 0x30, 0x20, 0x5B, 0x5B, 0x75, 0x73, 0x65, 0x72, 0x28, 0x6C,
    0x6F, 0x63, 0x6E, 0x30, 0x29, 0x5D, 0x5D, 0x3B, 0x0A, 0x7D, 0x3B, 0x0A,
    0x0A, 0x66, 0x72, 0x61, 0x67, 0x6D, 0x65, 0x6E, 0x74, 0x20, 0x78, 0x6C,
    0x61, 0x74, 0x4D, 0x74, 0x6C, 0x4D, 0x61, 0x69, 0x6E, 0x5F, 0x6F, 0x75,
    0x74, 0x20, 0x78, 0x6C, 0x61, 0x74, 0x4D, 0x74, 0x6C, 0x4D, 0x61, 0x69,
    0x6E, 0x28, 0x78, 0x6C, 0x61, 0x74, 0x4D, 0x74, 0x6C, 0x4D, 0x61, 0x69,
    0x6E, 0x5F, 0x69, 0x6E, 0x20, 0x69, 0x6E, 0x20, 0x5B, 0x5B, 0x73, 0x74,
    0x61, 0x67, 0x65, 0x5F, 0x69, 0x6E, 0x5D, 0x5D, 0x2C, 0x20, 0x63, 0x6F,
    0x6E, 0x73, 0x74, 0x61, 0x6E, 0x74, 0x20, 0x5F, 0x47, 0x6C, 0x6F, 0x62,
    0x61, 0x6C, 0x26, 0x20, 0x5F, 0x6D, 0x74, 0x6C, 0x5F, 0x75, 0x20, 0x5B,
    0x5B, 0x62, 0x75, 0x66, 0x66, 0x65, 0x72, 0x28, 0x30, 0x29, 0x5D, 0x5D,
    0x2C, 0x20, 0x74, 0x65, 0x78, 0x74, 0x75, 0x72, 0x65, 0x32, 0x64, 0x3C,
    0x66, 0x6C, 0x6F, 0x61, 0x74, 0x3E, 0x20, 0x73, 0x5F, 0x74, 0x65, 0x78,
    0x74, 0x75, 0x72, 0x65, 0x20, 0x5B, 0x5B, 0x74, 0x65, 0x78, 0x74, 0x75,
    0x72, 0x65, 0x28, 0x30, 0x29, 0x5D, 0x5D, 0x2C, 0x20, 0x73, 0x61, 0x6D,
    0x70, 0x6C, 0x65, 0x72, 0x20, 0x73, 0x5F, 0x74, 0x65, 0x78, 0x74, 0x75,
    0x72, 0x65, 0x53, 0x61, 0x6D, 0x70, 0x6C, 0x65, 0x72, 0x20, 0x5B, 0x5B,
    0x73, 0x61, 0x6D, 0x70, 0x6C, 0x65, 0x72, 0x28, 0x30, 0x29, 0x5D, 0x5D,
    0x29, 0x0A, 0x7B, 0x0A, 0x20, 0x20, 0x20, 0x20, 0x78, 0x6C, 0x61, 0x74,
    0x4D, 0x74, 0x6C, 0x4D, 0x61, 0x69, 0x6E, 0x5F, 0x6F, 0x75, 0x74, 0x20,
    0x6F, 0x75, 0x74, 0x20, 0x3D, 0x20, 0x7B, 0x7D, 0x3B, 0x0A, 0x20, 0x20,
    0x20, 0x20, 0x66, 0x6C, 0x6F, 0x61, 0x74, 0x34, 0x20, 0x5F, 0x32, 0x37,
    0x30, 0x20, 0x3D, 0x20, 0x73, 0x5F, 0x74, 0x65, 0x78, 0x74, 0x75, 0x72,
    0x65, 0x2E, 0x73, 0x61, 0x6D, 0x70, 0x6C, 0x65, 0x28, 0x73, 0x5F, 0x74,
    0x65, 0x78, 0x74, 0x75, 0x72, 0x65, 0x53, 0x61, 0x6D, 0x70, 0x6C, 0x65,
    0x72, 0x2C, 0x20, 0x69, 0x6E, 0x2E, 0x76, 0x5F, 0x74, 0x65, 0x78, 0x63,
    0x6F, 0x6F, 0x72, 0x64, 0x30, 0x29, 0x3B, 0x0A, 0x20, 0x20, 0x20, 0x20,
    0x66, 0x6C, 0x6F, 0x61, 0x74, 0x33, 0x20, 0x5F, 0x32, 0x32, 0x34, 0x20,
    0x3D, 0x20, 0x5F, 0x32, 0x37, 0x30, 0x2E, 0x78, 0x79, 0x7A, 0x3B, 0x0A,
    0x20, 0x20, 0x20, 0x20, 0x66, 0x6C, 0x6F, 0x61, 0x74, 0x33, 0x20, 0x5F,
    0x32, 0x32, 0x36, 0x20, 0x3D, 0x20, 0x5F, 0x32, 0x32, 0x34, 0x20, 0x2A,
    0x20, 0x66, 0x61, 0x73, 0x74, 0x3A, 0x3A, 0x6D, 0x61, 0x78, 0x28, 0x5F,
    0x6D, 0x74, 0x6C, 0x5F, 0x75, 0x2E, 0x50, 0x6F, 0x73, 0x74, 0x46, 0x78,
    0x50, 0x61, 0x72, 0x61, 0x6D, 0x73, 0x5B, 0x31, 0x5D, 0x2E, 0x78, 0x79,
    0x7A, 0x2C, 0x20, 0x66, 0x6C, 0x6F, 0x61, 0x74, 0x33, 0x28, 0x30, 0x2E,
    0x30, 0x29, 0x29, 0x3B, 0x0A, 0x20, 0x20, 0x20, 0x20, 0x6F, 0x75, 0x74,
    0x2E, 0x62, 0x67, 0x66, 0x78, 0x5F, 0x46, 0x72, 0x61, 0x67, 0x44, 0x61,
    0x74, 0x61, 0x30, 0x20, 0x3D, 0x20, 0x66, 0x6C, 0x6F, 0x61, 0x74, 0x34,
    0x28, 0x6D, 0x69, 0x78, 0x28, 0x6D, 0x69, 0x78, 0x28, 0x5F, 0x32, 0x32,
    0x34, 0x2C, 0x20, 0x5F, 0x32, 0x32, 0x36, 0x2C, 0x20, 0x66, 0x6C, 0x6F,
    0x61, 0x74, 0x33, 0x28, 0x5F, 0x6D, 0x74, 0x6C, 0x5F, 0x75, 0x2E, 0x50,
    0x6F, 0x73, 0x74, 0x46, 0x78, 0x50, 0x61, 0x72, 0x61, 0x6D, 0x73, 0x5B,
    0x30, 0x5D, 0x2E, 0x77, 0x29, 0x29, 0x2C, 0x20, 0x6D, 0x69, 0x78, 0x28,
    0x66, 0x6C, 0x6F, 0x61, 0x74, 0x33, 0x28, 0x64, 0x6F, 0x74, 0x28, 0x5F,
    0x32, 0x32, 0x34, 0x2C, 0x20, 0x66, 0x6C, 0x6F, 0x61, 0x74, 0x33, 0x28,
    0x30, 0x2E, 0x32, 0x31, 0x32, 0x35, 0x39, 0x39, 0x39, 0x39, 0x32, 0x37,
    0x35, 0x32, 0x30, 0x37, 0x35, 0x31, 0x39, 0x35, 0x33, 0x31, 0x32, 0x35,
    0x2C, 0x20, 0x30, 0x2E, 0x37, 0x31, 0x35, 0x32, 0x30, 0x30, 0x30, 0x30,
    0x36, 0x39, 0x36, 0x31, 0x38, 0x32, 0x32, 0x35, 0x30, 0x39, 0x37, 0x36,
    0x35, 0x36, 0x32, 0x35, 0x2C, 0x20, 0x30, 0x2E, 0x30, 0x37, 0x32, 0x32,
    0x30, 0x30, 0x30, 0x30, 0x30, 0x32, 0x38, 0x36, 0x31, 0x30, 0x32, 0x32,
    0x39, 0x34, 0x39, 0x32, 0x31, 0x38, 0x37, 0x35, 0x29, 0x29, 0x29, 0x2C,
    0x20, 0x5F, 0x32, 0x32, 0x36, 0x2C, 0x20, 0x66, 0x6C, 0x6F, 0x61, 0x74,
    0x33, 0x28, 0x30, 0x2E, 0x35, 0x29, 0x29, 0x2C, 0x20, 0x66, 0x6C, 0x6F,
    0x61, 0x74, 0x33, 0x28, 0x5F, 0x6D, 0x74, 0x6C, 0x5F, 0x75, 0x2E, 0x50,
    0x6F, 0x73, 0x74, 0x46, 0x78, 0x50, 0x61, 0x72, 0x61, 0x6D, 0x73, 0x5B,
    0x30, 0x5D, 0x2E, 0x78, 0x20, 0x2A, 0x20, 0x30, 0x2E, 0x35, 0x29, 0x29,
    0x2C, 0x20, 0x5F, 0x32, 0x37, 0x30, 0x2E, 0x77, 0x29, 0x3B, 0x0A, 0x20,
    0x20, 0x20, 0x20, 0x72, 0x65, 0x74, 0x75, 0x72, 0x6E, 0x20, 0x6F, 0x75,
    0x74, 0x3B, 0x0A, 0x7D, 0x0A, 0x0A, 0x00, 0x00, 0x40, 0x00,
};
const size_t kEmbeddedMetal_fs_postfx_lut_size = 1066;

const uint8_t kEmbeddedMetal_fs_postfx_blur[] = {
    0x46, 0x53, 0x48, 0x0B, 0x6F, 0x1E, 0x3E, 0x3C, 0x00, 0x00, 0x00, 0x00,
    0x04, 0x00, 0x10, 0x73, 0x5F, 0x74, 0x65, 0x78, 0x74, 0x75, 0x72, 0x65,
    0x53, 0x61, 0x6D, 0x70, 0x6C, 0x65, 0x72, 0x11, 0x01, 0xFF, 0xFF, 0x01,
    0x00, 0x00, 0x00, 0x00, 0x00, 0x10, 0x73, 0x5F, 0x74, 0x65, 0x78, 0x74,
    0x75, 0x72, 0x65, 0x54, 0x65, 0x78, 0x74, 0x75, 0x72, 0x65, 0x11, 0x01,
    0xFF, 0xFF, 0x01, 0x00, 0x00, 0x00, 0x00, 0x00, 0x0C, 0x50, 0x6F, 0x73,
    0x74, 0x46, 0x78, 0x50, 0x61, 0x72, 0x61, 0x6D, 0x73, 0x12, 0x03, 0x00,
    0x00, 0x03, 0x00, 0x00, 0x00, 0x00, 0x00, 0x09, 0x73, 0x5F, 0x74, 0x65,
    0x78, 0x74, 0x75, 0x72, 0x65, 0x10, 0x00, 0x00, 0x00, 0x00, 0x00, 0x00,
    0x00, 0x00, 0x00, 0x1C, 0x0A, 0x00, 0x00, 0x23, 0x70, 0x72, 0x61, 0x67,
    0x6D, 0x61, 0x20, 0x63, 0x6C, 0x61, 0x6E, 0x67, 0x20, 0x64, 0x69, 0x61,
    0x67, 0x6E, 0x6F, 0x73, 0x74, 0x69, 0x63, 0x20, 0x69, 0x67, 0x6E, 0x6F,
    0x72, 0x65, 0x64, 0x20, 0x22, 0x2D, 0x57, 0x6D, 0x69, 0x73, 0x73, 0x69,
    0x6E, 0x67, 0x2D, 0x70, 0x72, 0x6F, 0x74, 0x6F, 0x74, 0x79, 0x70, 0x65,
    0x73, 0x22, 0x0A, 0x23, 0x70, 0x72, 0x61, 0x67, 0x6D, 0x61, 0x20, 0x63,
    0x6C, 0x61, 0x6E, 0x67, 0x20, 0x64, 0x69, 0x61, 0x67, 0x6E, 0x6F, 0x73,
    0x74, 0x69, 0x63, 0x20, 0x69, 0x67, 0x6E, 0x6F, 0x72, 0x65, 0x64, 0x20,
    0x22, 0x2D, 0x57, 0x6D, 0x69, 0x73, 0x73, 0x69, 0x6E, 0x67, 0x2D, 0x62,
    0x72, 0x61, 0x63, 0x65, 0x73, 0x22, 0x0A, 0x0A, 0x23, 0x69, 0x6E, 0x63,
    0x6C, 0x75, 0x64, 0x65, 0x20, 0x3C, 0x6D, 0x65, 0x74, 0x61, 0x6C, 0x5F,
    0x73, 0x74, 0x64, 0x6C, 0x69, 0x62, 0x3E, 0x0A, 0x23, 0x69, 0x6E, 0x63,
    0x6C, 0x75, 0x64, 0x65, 0x20, 0x3C, 0x73, 0x69, 0x6D, 0x64, 0x2F, 0x73,
    0x69, 0x6D, 0x64, 0x2E, 0x68, 0x3E, 0x0A, 0x0A, 0x75, 0x73, 0x69, 0x6E,
    0x67, 0x20, 0x6E, 0x61, 0x6D, 0x65, 0x73, 0x70, 0x61, 0x63, 0x65, 0x20,
    0x6D, 0x65, 0x74, 0x61, 0x6C, 0x3B, 0x0A, 0x0A, 0x74, 0x65, 0x6D, 0x70,
    0x6C, 0x61, 0x74, 0x65, 0x3C, 0x74, 0x79, 0x70, 0x65, 0x6E, 0x61, 0x6D,
    0x65, 0x20, 0x54, 0x2C, 0x20, 0x73, 0x69, 0x7A, 0x65, 0x5F, 0x74, 0x20,
    0x4E, 0x75, 0x6D, 0x3E, 0x0A, 0x73, 0x74, 0x72, 0x75, 0x63, 0x74, 0x20,
    0x73, 0x70, 0x76, 0x55, 0x6E, 0x73, 0x61, 0x66, 0x65, 0x41, 0x72, 0x72,
    0x61, 0x79, 0x0A, 0x7B, 0x0A, 0x20, 0x20, 0x20, 0x20, 0x54, 0x20, 0x65,
    0x6C, 0x65, 0x6D, 0x65, 0x6E, 0x74, 0x73, 0x5B, 0x4E, 0x75, 0x6D, 0x20,
    0x3F, 0x20, 0x4E, 0x75, 0x6D, 0x20, 0x3A, 0x20, 0x31, 0x5D, 0x3B, 0x0A,
    0x20, 0x20, 0x20, 0x20, 0x0A, 0x20, 0x20, 0x20, 0x20, 0x74, 0x68, 0x72,
    0x65, 0x61, 0x64, 0x20, 0x54, 0x26, 0x20, 0x6F, 0x70, 0x65, 0x72, 0x61,
    0x74, 0x6F, 0x72, 0x20, 0x5B, 0x5D, 0x20, 0x28, 0x73, 0x69, 0x7A, 0x65,
    0x5F, 0x74, 0x20, 0x70, 0x6F, 0x73, 0x29, 0x20, 0x74, 0x68, 0x72, 0x65,
    0x61, 0x64, 0x0A, 0x20, 0x20, 0x20, 0x20, 0x7B, 0x0A, 0x20, 0x20, 0x20,
    0x20, 0x20, 0x20, 0x20, 0x20, 0x72, 0x65, 0x74, 0x75, 0x72, 0x6E, 0x20,
    0x65, 0x6C, 0x65, 0x6D, 0x65, 0x6E, 0x74, 0x73, 0x5B, 0x70, 0x6F, 0x73,
    0x5D, 0x3B, 0x0A, 0x20, 0x20, 0x20, 0x20, 0x7D, 0x0A, 0x20, 0x20, 0x20,
    0x20, 0x63, 0x6F, 0x6E, 0x73, 0x74, 0x65, 0x78, 0x70, 0x72, 0x20, 0x63,
    0x6F, 0x6E, 0x73, 0x74, 0x20, 0x74, 0x68, 0x72, 0x65, 0x61, 0x64, 0x20,
    0x54, 0x26, 0x20, 0x6F, 0x70, 0x65, 0x72, 0x61, 0x74, 0x6F, 0x72, 0x20,
    0x5B, 0x5D, 0x20, 0x28, 0x73, 0x69, 0x7A, 0x65, 0x5F, 0x74, 0x20, 0x70,
    0x6F, 0x73, 0x29, 0x20, 0x63, 0x6F, 0x6E, 0x73, 0x74, 0x20, 0x74, 0x68,
    0x72, 0x65, 0x61, 0x64, 0x0A, 0x20, 0x20, 0x20, 0x20, 0x7B, 0x0A, 0x20,
    0x20, 0x20, 0x20, 0x20, 0x20, 0x20, 0x20, 0x72, 0x65, 0x74, 0x75, 0x72,
    0x6E, 0x20, 0x65, 0x6C, 0x65, 0x6D, 0x65, 0x6E, 0x74, 0x73, 0x5B, 0x70,
    0x6F, 0x73, 0x5D, 0x3B, 0x0A, 0x20, 0x20, 0x20, 0x20, 0x7D, 0x0A, 0x20,
    0x20, 0x20, 0x20, 0x0A, 0x20, 0x20, 0x20, 0x20, 0x64, 0x65, 0x76, 0x69,
    0x63, 0x65, 0x20, 0x54, 0x26, 0x20, 0x6F, 0x70, 0x65, 0x72, 0x61, 0x74,
    0x6F, 0x72, 0x20, 0x5B, 0x5D, 0x20, 0x28, 0x73, 0x69, 0x7A, 0x65, 0x5F,
    0x74, 0x20, 0x70, 0x6F, 0x73, 0x29, 0x20, 0x64, 0x65, 0x76, 0x69, 0x63,
    0x65, 0x0A, 0x20, 0x20, 0x20, 0x20, 0x7B, 0x0A, 0x20, 0x20, 0x20, 0x20,
    0x20, 0x20, 0x20, 0x20, 0x72, 0x65, 0x74, 0x75, 0x72, 0x6E, 0x20, 0x65,
    0x6C, 0x65, 0x6D, 0x65, 0x6E, 0x74, 0x73, 0x5B, 0x70, 0x6F, 0x73, 0x5D,
    0x3B, 0x0A, 0x20, 0x20, 0x20, 0x20, 0x7D, 0x0A, 0x20, 0x20, 0x20, 0x20,
    0x63, 0x6F, 0x6E, 0x73, 0x74, 0x65, 0x78, 0x70, 0x72, 0x20, 0x63, 0x6F,
    0x6E, 0x73, 0x74, 0x20, 0x64, 0x65, 0x76, 0x69, 0x63, 0x65, 0x20, 0x54,
    0x26, 0x20, 0x6F, 0x70, 0x65, 0x72, 0x61, 0x74, 0x6F, 0x72, 0x20, 0x5B,
    0x5D, 0x20, 0x28, 0x73, 0x69, 0x7A, 0x65, 0x5F, 0x74, 0x20, 0x70, 0x6F,
    0x73, 0x29, 0x20, 0x63, 0x6F, 0x6E, 0x73, 0x74, 0x20, 0x64, 0x65, 0x76,
    0x69, 0x63, 0x65, 0x0A, 0x20, 0x20, 0x20, 0x20, 0x7B, 0x0A, 0x20, 0x20,
    0x20, 0x20, 0x20, 0x20, 0x20, 0x20, 0x72, 0x65, 0x74, 0x75, 0x72, 0x6E,
    0x20, 0x65, 0x6C, 0x65, 0x6D, 0x65, 0x6E, 0x74, 0x73, 0x5B, 0x70, 0x6F,
    0x73, 0x5D, 0x3B, 0x0A, 0x20, 0x20, 0x20, 0x20, 0x7D, 0x0A, 0x20, 0x20,
    0x20, 0x20, 0x0A, 0x20, 0x20, 0x20, 0x20, 0x63, 0x6F, 0x6E, 0x73, 0x74,
    0x65, 0x78, 0x70, 0x72, 0x20, 0x63, 0x6F, 0x6E, 0x73, 0x74, 0x20, 0x63,
    0x6F, 0x6E, 0x73, 0x74, 0x61, 0x6E, 0x74, 0x20, 0x54, 0x26, 0x20, 0x6F,
    0x70, 0x65, 0x72, 0x61, 0x74, 0x6F, 0x72, 0x20, 0x5B, 0x5D, 0x20, 0x28,
    0x73, 0x69, 0x7A, 0x65, 0x5F, 0x74, 0x20, 0x70, 0x6F, 0x73, 0x29, 0x20,
    0x63, 0x6F, 0x6E, 0x73, 0x74, 0x20, 0x63, 0x6F, 0x6E, 0x73, 0x74, 0x61,
    0x6E, 0x74, 0x0A, 0x20, 0x20, 0x20, 0x20, 0x7B, 0x0A, 0x20, 0x20, 0x20,
    0x20, 0x20, 0x20, 0x20, 0x20, 0x72, 0x65, 0x74, 0x75, 0x72, 0x6E, 0x20,
    0x65, 0x6C, 0x65, 0x6D, 0x65, 0x6E, 0x74, 0x73, 0x5B, 0x70, 0x6F, 0x73,
    0x5D, 0x3B, 0x0A, 0x20, 0x20, 0x20, 0x20, 0x7D, 0x0A, 0x20, 0x20, 0x20,
    0x20, 0x0A, 0x20, 0x20, 0x20, 0x20, 0x74, 0x68, 0x72, 0x65, 0x61, 0x64,
    0x67, 0x72, 0x6F, 0x75, 0x70, 0x20, 0x54, 0x26, 0x20, 0x6F, 0x70, 0x65,
    0x72, 0x61, 0x74, 0x6F, 0x72, 0x20, 0x5B, 0x5D, 0x20, 0x28, 0x73, 0x69,
    0x7A, 0x65, 0x5F, 0x74, 0x20, 0x70, 0x6F, 0x73, 0x29, 0x20, 0x74, 0x68,
    0x72, 0x65, 0x61, 0x64, 0x67, 0x72, 0x6F, 0x75, 0x70, 0x0A, 0x20, 0x20,
    0x20, 0x20, 0x7B, 0x0A, 0x20, 0x20, 0x20, 0x20, 0x20, 0x20, 0x20, 0x20,
    0x72, 0x65, 0x74, 0x75, 0x72, 0x6E, 0x20, 0x65, 0x6C, 0x65, 0x6D, 0x65,
    0x6E, 0x74, 0x73, 0x5B, 0x70, 0x6F, 0x73, 0x5D, 0x3B, 0x0A, 0x20, 0x20,
    0x20, 0x20, 0x7D, 0x0A, 0x20, 0x20, 0x20, 0x20, 0x63, 0x6F, 0x6E, 0x73,
    0x74, 0x65, 0x78, 0x70, 0x72, 0x20, 0x63, 0x6F, 0x6E, 0x73, 0x74, 0x20,
    0x74, 0x68, 0x72, 0x65, 0x61, 0x64, 0x67, 0x72, 0x6F, 0x75, 0x70, 0x20,
    0x54, 0x26, 0x20, 0x6F, 0x70, 0x65, 0x72, 0x61, 0x74, 0x6F, 0x72, 0x20,
    0x5B, 0x5D, 0x20, 0x28, 0x73, 0x69, 0x7A, 0x65, 0x5F, 0x74, 0x20, 0x70,
    0x6F, 0x73, 0x29, 0x20, 0x63, 0x6F, 0x6E, 0x73, 0x74, 0x20, 0x74, 0x68,
    0x72, 0x65, 0x61, 0x64, 0x67, 0x72, 0x6F, 0x75, 0x70, 0x0A, 0x20, 0x20,
    0x20, 0x20, 0x7B, 0x0A, 0x20, 0x20, 0x20, 0x20, 0x20, 0x20, 0x20, 0x20,
    0x72, 0x65, 0x74, 0x75, 0x72, 0x6E, 0x20, 0x65, 0x6C, 0x65, 0x6D, 0x65,
    0x6E, 0x74, 0x73, 0x5B, 0x70, 0x6F, 0x73, 0x5D, 0x3B, 0x0A, 0x20, 0x20,
    0x20, 0x20, 0x7D, 0x0A, 0x7D, 0x3B, 0x0A, 0x0A, 0x73, 0x74, 0x72, 0x75,
    0x63, 0x74, 0x20, 0x5F, 0x47, 0x6C, 0x6F, 0x62, 0x61, 0x6C, 0x0A, 0x7B,
    0x0A, 0x20, 0x20, 0x20, 0x20, 0x66, 0x6C, 0x6F, 0x61, 0x74, 0x34, 0x20,
    0x50, 0x6F, 0x73, 0x74, 0x46, 0x78, 0x50, 0x61, 0x72, 0x61, 0x6D, 0x73,
    0x5B, 0x34, 0x5D, 0x3B, 0x0A, 0x7D, 0x3B, 0x0A, 0x0A, 0x73, 0x74, 0x72,
    0x75, 0x63, 0x74, 0x20, 0x78, 0x6C, 0x61, 0x74, 0x4D, 0x74, 0x6C, 0x4D,
    0x61, 0x69, 0x6E, 0x5F, 0x6F, 0x75, 0x74, 0x0A, 0x7B, 0x0A, 0x20, 0x20,
    0x20, 0x20, 0x66, 0x6C, 0x6F, 0x61, 0x74, 0x34, 0x20, 0x62, 0x67, 0x66,
    0x78, 0x5F, 0x46, 0x72, 0x61, 0x67, 0x44, 0x61, 0x74, 0x61, 0x30, 0x20,
    0x5B, 0x5B, 0x63, 0x6F, 0x6C, 0x6F, 0x72, 0x28, 0x30, 0x29, 0x5D, 0x5D,
    0x3B, 0x0A, 0x7D, 0x3B, 0x0A, 0x0A, 0x73, 0x74, 0x72, 0x75, 0x63, 0x74,
    0x20, 0x78, 0x6C, 0x61, 0x74, 0x4D, 0x74, 0x6C, 0x4D, 0x61, 0x69, 0x6E,
    0x5F, 0x69, 0x6E, 0x0A, 0x7B, 0x0A, 0x20, 0x20, 0x20, 0x20, 0x66, 0x6C,
    0x6F, 0x61, 0x74, 0x32, 0x20, 0x76, 0x5F, 0x74, 0x65, 0x78, 0x63, 0x6F,
    0x6F, 0x72, 0x64, 0x30, 0x20, 0x5B, 0x5B, 0x75, 0x73, 0x65, 0x72, 0x28,
    0x6C, 0x6F, 0x63, 0x6E, 0x30, 0x29, 0x5D, 0x5D, 0x3B, 0x0A, 0x7D, 0x3B,
    0x0A, 0x0A, 0x66, 0x72, 0x61, 0x67, 0x6D, 0x65, 0x6E, 0x74, 0x20, 0x78,
    0x6C, 0x61, 0x74, 0x4D, 0x74, 0x6C, 0x4D, 0x61, 0x69, 0x6E, 0x5F, 0x6F,
    0x75, 0x74, 0x20, 0x78, 0x6C, 0x61, 0x74, 0x4D, 0x74, 0x6C, 0x4D, 0x61,
    0x69, 0x6E, 0x28, 0x78, 0x6C, 0x61, 0x74, 0x4D, 0x74, 0x6C, 0x4D, 0x61,
    0x69, 0x6E, 0x5F, 0x69, 0x6E, 0x20, 0x69, 0x6E, 0x20, 0x5B, 0x5B, 0x73,
    0x74, 0x61, 0x67, 0x65, 0x5F, 0x69, 0x6E, 0x5D, 0x5D, 0x2C, 0x20, 0x63,
    0x6F, 0x6E, 0x73, 0x74, 0x61, 0x6E, 0x74, 0x20, 0x5F, 0x47, 0x6C, 0x6F,
    0x62, 0x61, 0x6C, 0x26, 0x20, 0x5F, 0x6D, 0x74, 0x6C, 0x5F, 0x75, 0x20,
    0x5B, 0x5B, 0x62, 0x75, 0x66, 0x66, 0x65, 0x72, 0x28, 0x30, 0x29, 0x5D,
    0x5D, 0x2C, 0x20, 0x74, 0x65, 0x78, 0x74, 0x75, 0x72, 0x65, 0x32, 0x64,
    0x3C, 0x66, 0x6C, 0x6F, 0x61, 0x74, 0x3E, 0x20, 0x73, 0x5F, 0x74, 0x65,
    0x78, 0x74, 0x75, 0x72, 0x65, 0x20, 0x5B, 0x5B, 0x74, 0x65, 0x78, 0x74,
    0x75, 0x72, 0x65, 0x28, 0x30, 0x29, 0x5D, 0x5D, 0x2C, 0x20, 0x73, 0x61,
    0x6D, 0x70, 0x6C, 0x65, 0x72, 0x20, 0x73, 0x5F, 0x74, 0x65, 0x78, 0x74,
    0x75, 0x72, 0x65, 0x53, 0x61, 0x6D, 0x70, 0x6C, 0x65, 0x72, 0x20, 0x5B,
    0x5B, 0x73, 0x61, 0x6D, 0x70, 0x6C, 0x65, 0x72, 0x28, 0x30, 0x29, 0x5D,
    0x5D, 0x29, 0x0A, 0x7B, 0x0A, 0x20, 0x20, 0x20, 0x20, 0x78, 0x6C, 0x61,
    0x74, 0x4D, 0x74, 0x6C, 0x4D, 0x61, 0x69, 0x6E, 0x5F, 0x6F, 0x75, 0x74,
    0x20, 0x6F, 0x75, 0x74, 0x20, 0x3D, 0x20, 0x7B, 0x7D, 0x3B, 0x0A, 0x20,
    0x20, 0x20, 0x20, 0x66, 0x6C, 0x6F, 0x61, 0x74, 0x32, 0x20, 0x5F, 0x33,
    0x31, 0x39, 0x20, 0x3D, 0x20, 0x5F, 0x6D, 0x74, 0x6C, 0x5F, 0x75, 0x2E,
    0x50, 0x6F, 0x73, 0x74, 0x46, 0x78, 0x50, 0x61, 0x72, 0x61, 0x6D, 0x73,
    0x5B, 0x32, 0x5D, 0x2E, 0x78, 0x79, 0x20, 0x2A, 0x20, 0x66, 0x61, 0x73,
    0x74, 0x3A, 0x3A, 0x6D, 0x61, 0x78, 0x28, 0x5F, 0x6D, 0x74, 0x6C, 0x5F,
    0x75, 0x2E, 0x50, 0x6F, 0x73, 0x74, 0x46, 0x78, 0x50, 0x61, 0x72, 0x61,
    0x6D, 0x73, 0x5B, 0x30, 0x5D, 0x2E, 0x79, 0x2C, 0x20, 0x30, 0x2E, 0x30,
    0x29, 0x3B, 0x0A, 0x20, 0x20, 0x20, 0x20, 0x73, 0x70, 0x76, 0x55, 0x6E,
    0x73, 0x61, 0x66, 0x65, 0x41, 0x72, 0x72, 0x61, 0x79, 0x3C, 0x66, 0x6C,
    0x6F, 0x61, 0x74, 0x2C, 0x20, 0x33, 0x3E, 0x20, 0x5F, 0x32, 0x38, 0x36,
    0x3B, 0x0A, 0x20, 0x20, 0x20, 0x20, 0x5F, 0x32, 0x38, 0x36, 0x5B, 0x30,
    0x5D, 0x20, 0x3D, 0x20, 0x30, 0x2E, 0x32, 0x32, 0x37, 0x30, 0x32, 0x36,
    0x39, 0x39, 0x38, 0x39, 0x39, 0x36, 0x37, 0x33, 0x34, 0x36, 0x31, 0x39,
    0x31, 0x34, 0x30, 0x36, 0x32, 0x35, 0x3B, 0x0A, 0x20, 0x20, 0x20, 0x20,
    0x5F, 0x32, 0x38, 0x36, 0x5B, 0x31, 0x5D, 0x20, 0x3D, 0x20, 0x30, 0x2E,
    0x31, 0x39, 0x34, 0x35, 0x39, 0x34, 0x36, 0x30, 0x36, 0x37, 0x35, 0x37,
    0x31, 0x36, 0x34, 0x30, 0x30, 0x31, 0x34, 0x36, 0x34, 0x38, 0x34, 0x33,
    0x37, 0x35, 0x3B, 0x0A, 0x20, 0x20, 0x20, 0x20, 0x5F, 0x32, 0x38, 0x36,
    0x5B, 0x32, 0x5D, 0x20, 0x3D, 0x20, 0x30, 0x2E, 0x31, 0x32, 0x31, 0x36,
    0x32, 0x31, 0x36, 0x30, 0x31, 0x32, 0x38, 0x33, 0x35, 0x35, 0x30, 0x32,
    0x36, 0x32, 0x34, 0x35, 0x31, 0x31, 0x37, 0x31, 0x38, 0x37, 0x35, 0x3B,
    0x0A, 0x20, 0x20, 0x20, 0x20, 0x66, 0x6C, 0x6F, 0x61, 0x74, 0x34, 0x20,
    0x5F, 0x35, 0x33, 0x30, 0x3B, 0x0A, 0x20, 0x20, 0x20, 0x20, 0x5F, 0x35,
    0x33, 0x30, 0x20, 0x3D, 0x20, 0x73, 0x5F, 0x74, 0x65, 0x78, 0x74, 0x75,
    0x72, 0x65, 0x2E, 0x73, 0x61, 0x6D, 0x70, 0x6C, 0x65, 0x28, 0x73, 0x5F,
    0x74, 0x65, 0x78, 0x74, 0x75, 0x72, 0x65, 0x53, 0x61, 0x6D, 0x70, 0x6C,
    0x65, 0x72, 0x2C, 0x20, 0x69, 0x6E, 0x2E, 0x76, 0x5F, 0x74, 0x65, 0x78,
    0x63, 0x6F, 0x6F, 0x72, 0x64, 0x30, 0x29, 0x20, 0x2A, 0x20, 0x5F, 0x32,
    0x38, 0x36, 0x5B, 0x31, 0x5D, 0x3B, 0x0A, 0x20, 0x20, 0x20, 0x20, 0x66,
    0x6F, 0x72, 0x20, 0x28, 0x69, 0x6E, 0x74, 0x20, 0x5F, 0x35, 0x32, 0x39,
    0x20, 0x3D, 0x20, 0x31, 0x3B, 0x20, 0x5F, 0x35, 0x32, 0x39, 0x20, 0x3C,
    0x3D, 0x20, 0x32, 0x3B, 0x20, 0x29, 0x0A, 0x20, 0x20, 0x20, 0x20, 0x7B,
    0x0A, 0x20, 0x20, 0x20, 0x20, 0x20, 0x20, 0x20, 0x20, 0x66, 0x6C, 0x6F,
    0x61, 0x74, 0x20, 0x5F, 0x33, 0x34, 0x31, 0x20, 0x3D, 0x20, 0x66, 0x6C,
    0x6F, 0x61, 0x74, 0x28, 0x5F, 0x35, 0x32, 0x39, 0x29, 0x3B, 0x0A, 0x20,
    0x20, 0x20, 0x20, 0x20, 0x20, 0x20, 0x20, 0x66, 0x6C, 0x6F, 0x61, 0x74,
    0x32, 0x20, 0x5F, 0x33, 0x34, 0x33, 0x20, 0x3D, 0x20, 0x66, 0x6C, 0x6F,
    0x61, 0x74, 0x32, 0x28, 0x5F, 0x33, 0x31, 0x39, 0x2E, 0x78, 0x20, 0x2A,
    0x20, 0x5F, 0x33, 0x34, 0x31, 0x2C, 0x20, 0x30, 0x2E, 0x30, 0x29, 0x3B,
    0x0A, 0x20, 0x20, 0x20, 0x20, 0x20, 0x20, 0x20, 0x20, 0x66, 0x6C, 0x6F,
    0x61, 0x74, 0x32, 0x20, 0x5F, 0x33, 0x37, 0x31, 0x20, 0x3D, 0x20, 0x66,
    0x6C, 0x6F, 0x61, 0x74, 0x32, 0x28, 0x30, 0x2E, 0x30, 0x2C, 0x20, 0x5F,
    0x33, 0x31, 0x39, 0x2E, 0x79, 0x20, 0x2A, 0x20, 0x5F, 0x33, 0x34, 0x31,
    0x29, 0x3B, 0x0A, 0x20, 0x20, 0x20, 0x20, 0x20, 0x20, 0x20, 0x20, 0x5F,
    0x35, 0x33, 0x30, 0x20, 0x3D, 0x20, 0x28, 0x28, 0x28, 0x5F, 0x35, 0x33,
    0x30, 0x20, 0x2B, 0x20, 0x28, 0x73, 0x5F, 0x74, 0x65, 0x78, 0x74, 0x75,
    0x72, 0x65, 0x2E, 0x73, 0x61, 0x6D, 0x70, 0x6C, 0x65, 0x28, 0x73, 0x5F,
    0x74, 0x65, 0x78, 0x74, 0x75, 0x72, 0x65, 0x53, 0x61, 0x6D, 0x70, 0x6C,
    0x65, 0x72, 0x2C, 0x20, 0x28, 0x69, 0x6E, 0x2E, 0x76, 0x5F, 0x74, 0x65,
    0x78, 0x63, 0x6F, 0x6F, 0x72, 0x64, 0x30, 0x20, 0x2B, 0x20, 0x5F, 0x33,
    0x34, 0x33, 0x29, 0x29, 0x20, 0x2A, 0x20, 0x5F, 0x32, 0x38, 0x36, 0x5B,
    0x5F, 0x35, 0x32, 0x39, 0x5D, 0x29, 0x29, 0x20, 0x2B, 0x20, 0x28, 0x73,
    0x5F, 0x74, 0x65, 0x78, 0x74, 0x75, 0x72, 0x65, 0x2E, 0x73, 0x61, 0x6D,
    0x70, 0x6C, 0x65, 0x28, 0x73, 0x5F, 0x74, 0x65, 0x78, 0x74, 0x75, 0x72,
    0x65, 0x53, 0x61, 0x6D, 0x70, 0x6C, 0x65, 0x72, 0x2C, 0x20, 0x28, 0x69,
    0x6E, 0x2E, 0x76, 0x5F, 0x74, 0x65, 0x78, 0x63, 0x6F, 0x6F, 0x72, 0x64,
    0x30, 0x20, 0x2D, 0x20, 0x5F, 0x33, 0x34, 0x33, 0x29, 0x29, 0x20, 0x2A,
    0x20, 0x5F, 0x32, 0x38, 0x36, 0x5B, 0x5F, 0x35, 0x32, 0x39, 0x5D, 0x29,
    0x29, 0x20, 0x2B, 0x20, 0x28, 0x73, 0x5F, 0x74, 0x65, 0x78, 0x74, 0x75,
    0x72, 0x65, 0x2E, 0x73, 0x61, 0x6D, 0x70, 0x6C, 0x65, 0x28, 0x73, 0x5F,
    0x74, 0x65, 0x78, 0x74, 0x75, 0x72, 0x65, 0x53, 0x61, 0x6D, 0x70, 0x6C,
    0x65, 0x72, 0x2C, 0x20, 0x28, 0x69, 0x6E, 0x2E, 0x76, 0x5F, 0x74, 0x65,
    0x78, 0x63, 0x6F, 0x6F, 0x72, 0x64, 0x30, 0x20, 0x2B, 0x20, 0x5F, 0x33,
    0x37, 0x31, 0x29, 0x29, 0x20, 0x2A, 0x20, 0x5F, 0x32, 0x38, 0x36, 0x5B,
    0x5F, 0x35, 0x32, 0x39, 0x5D, 0x29, 0x29, 0x20, 0x2B, 0x20, 0x28, 0x73,
    0x5F, 0x74, 0x65, 0x78, 0x74, 0x75, 0x72, 0x65, 0x2E, 0x73, 0x61, 0x6D,
    0x70, 0x6C, 0x65, 0x28, 0x73, 0x5F, 0x74, 0x65, 0x78, 0x74, 0x75, 0x72,
    0x65, 0x53, 0x61, 0x6D, 0x70, 0x6C, 0x65, 0x72, 0x2C, 0x20, 0x28, 0x69,
    0x6E, 0x2E, 0x76, 0x5F, 0x74, 0x65, 0x78, 0x63, 0x6F, 0x6F, 0x72, 0x64,
    0x30, 0x20, 0x2D, 0x20, 0x5F, 0x33, 0x37, 0x31, 0x29, 0x29, 0x20, 0x2A,
    0x20, 0x5F, 0x32, 0x38, 0x36, 0x5B, 0x5F, 0x35, 0x32, 0x39, 0x5D, 0x29,
    0x3B, 0x0A, 0x20, 0x20, 0x20, 0x20, 0x20, 0x20, 0x20, 0x20, 0x5F, 0x35,
    0x32, 0x39, 0x2B, 0x2B, 0x3B, 0x0A, 0x20, 0x20, 0x20, 0x20, 0x20, 0x20,
    0x20, 0x20, 0x63, 0x6F, 0x6E, 0x74, 0x69, 0x6E, 0x75, 0x65, 0x3B, 0x0A,
    0x20, 0x20, 0x20, 0x20, 0x7D, 0x0A, 0x20, 0x20, 0x20, 0x20, 0x66, 0x6C,
    0x6F, 0x61, 0x74, 0x34, 0x20, 0x5F, 0x34, 0x38, 0x36, 0x20, 0x3D, 0x20,
    0x73, 0x5F, 0x74, 0x65, 0x78, 0x74, 0x75, 0x72, 0x65, 0x2E, 0x73, 0x61,
    0x6D, 0x70, 0x6C, 0x65, 0x28, 0x73, 0x5F, 0x74, 0x65, 0x78, 0x74, 0x75,
    0x72, 0x65, 0x53, 0x61, 0x6D, 0x70, 0x6C, 0x65, 0x72, 0x2C, 0x20, 0x69,
    0x6E, 0x2E, 0x76, 0x5F, 0x74, 0x65, 0x78, 0x63, 0x6F, 0x6F, 0x72, 0x64,
    0x30, 0x29, 0x3B, 0x0A, 0x20, 0x20, 0x20, 0x20, 0x6F, 0x75, 0x74, 0x2E,
    0x62, 0x67, 0x66, 0x78, 0x5F, 0x46, 0x72, 0x61, 0x67, 0x44, 0x61, 0x74,
    0x61, 0x30, 0x20, 0x3D, 0x20, 0x66, 0x6C, 0x6F, 0x61, 0x74, 0x34, 0x28,
    0x6D, 0x69, 0x78, 0x28, 0x5F, 0x34, 0x38, 0x36, 0x2C, 0x20, 0x5F, 0x35,
    0x33, 0x30, 0x2C, 0x20, 0x66, 0x6C, 0x6F, 0x61, 0x74, 0x34, 0x28, 0x66,
    0x61, 0x73, 0x74, 0x3A, 0x3A, 0x63, 0x6C, 0x61, 0x6D, 0x70, 0x28, 0x5F,
    0x6D, 0x74, 0x6C, 0x5F, 0x75, 0x2E, 0x50, 0x6F, 0x73, 0x74, 0x46, 0x78,
    0x50, 0x61, 0x72, 0x61, 0x6D, 0x73, 0x5B, 0x30, 0x5D, 0x2E, 0x7A, 0x2C,
    0x20, 0x30, 0x2E, 0x30, 0x2C, 0x20, 0x31, 0x2E, 0x30, 0x29, 0x29, 0x29,
    0x2E, 0x78, 0x79, 0x7A, 0x20, 0x2A, 0x20, 0x66, 0x61, 0x73, 0x74, 0x3A,
    0x3A, 0x6D, 0x61, 0x78, 0x28, 0x5F, 0x6D, 0x74, 0x6C, 0x5F, 0x75, 0x2E,
    0x50, 0x6F, 0x73, 0x74, 0x46, 0x78, 0x50, 0x61, 0x72, 0x61, 0x6D, 0x73,
    0x5B, 0x31, 0x5D, 0x2E, 0x78, 0x79, 0x7A, 0x2C, 0x20, 0x66, 0x6C, 0x6F,
    0x61, 0x74, 0x33, 0x28, 0x30, 0x2E, 0x30, 0x29, 0x29, 0x2C, 0x20, 0x5F,
    0x34, 0x38, 0x36, 0x2E, 0x77, 0x29, 0x3B, 0x0A, 0x20, 0x20, 0x20, 0x20,
    0x72, 0x65, 0x74, 0x75, 0x72, 0x6E, 0x20, 0x6F, 0x75, 0x74, 0x3B, 0x0A,
    0x7D, 0x0A, 0x0A, 0x00, 0x00, 0x50, 0x00,
};
const size_t kEmbeddedMetal_fs_postfx_blur_size = 2707;

const uint8_t kEmbeddedMetal_fs_postfx_bloom[] = {
    0x46, 0x53, 0x48, 0x0B, 0x6F, 0x1E, 0x3E, 0x3C, 0x00, 0x00, 0x00, 0x00,
    0x07, 0x00, 0x10, 0x73, 0x5F, 0x74, 0x65, 0x78, 0x74, 0x75, 0x72, 0x65,
    0x53, 0x61, 0x6D, 0x70, 0x6C, 0x65, 0x72, 0x11, 0x01, 0xFF, 0xFF, 0x01,
    0x00, 0x00, 0x00, 0x00, 0x00, 0x10, 0x73, 0x5F, 0x74, 0x65, 0x78, 0x74,
    0x75, 0x72, 0x65, 0x54, 0x65, 0x78, 0x74, 0x75, 0x72, 0x65, 0x11, 0x01,
    0xFF, 0xFF, 0x01, 0x00, 0x00, 0x00, 0x00, 0x00, 0x11, 0x73, 0x5F, 0x74,
    0x65, 0x78, 0x74, 0x75, 0x72, 0x65, 0x31, 0x53, 0x61, 0x6D, 0x70, 0x6C,
    0x65, 0x72, 0x11, 0x01, 0xFF, 0xFF, 0x01, 0x00, 0x00, 0x00, 0x00, 0x00,
    0x11, 0x73, 0x5F, 0x74, 0x65, 0x78, 0x74, 0x75, 0x72, 0x65, 0x31, 0x54,
    0x65, 0x78, 0x74, 0x75, 0x72, 0x65, 0x11, 0x01, 0xFF, 0xFF, 0x01, 0x00,
    0x00, 0x00, 0x00, 0x00, 0x0C, 0x50, 0x6F, 0x73, 0x74, 0x46, 0x78, 0x50,
    0x61, 0x72, 0x61, 0x6D, 0x73, 0x12, 0x02, 0x00, 0x00, 0x02, 0x00, 0x00,
    0x00, 0x00, 0x00, 0x09, 0x73, 0x5F, 0x74, 0x65, 0x78, 0x74, 0x75, 0x72,
    0x65, 0x10, 0x00, 0x00, 0x00, 0x00, 0x00, 0x00, 0x00, 0x00, 0x00, 0x0A,
    0x73, 0x5F, 0x74, 0x65, 0x78, 0x74, 0x75, 0x72, 0x65, 0x31, 0x10, 0x00,
    0x00, 0x00, 0x00, 0x00, 0x00, 0x00, 0x00, 0x00, 0x4F, 0x04, 0x00, 0x00,
    0x23, 0x69, 0x6E, 0x63, 0x6C, 0x75, 0x64, 0x65, 0x20, 0x3C, 0x6D, 0x65,
    0x74, 0x61, 0x6C, 0x5F, 0x73, 0x74, 0x64, 0x6C, 0x69, 0x62, 0x3E, 0x0A,
    0x23, 0x69, 0x6E, 0x63, 0x6C, 0x75, 0x64, 0x65, 0x20, 0x3C, 0x73, 0x69,
    0x6D, 0x64, 0x2F, 0x73, 0x69, 0x6D, 0x64, 0x2E, 0x68, 0x3E, 0x0A, 0x0A,
    0x75, 0x73, 0x69, 0x6E, 0x67, 0x20, 0x6E, 0x61, 0x6D, 0x65, 0x73, 0x70,
    0x61, 0x63, 0x65, 0x20, 0x6D, 0x65, 0x74, 0x61, 0x6C, 0x3B, 0x0A, 0x0A,
    0x73, 0x74, 0x72, 0x75, 0x63, 0x74, 0x20, 0x5F, 0x47, 0x6C, 0x6F, 0x62,
    0x61, 0x6C, 0x0A, 0x7B, 0x0A, 0x20, 0x20, 0x20, 0x20, 0x66, 0x6C, 0x6F,
    0x61, 0x74, 0x34, 0x20, 0x50, 0x6F, 0x73, 0x74, 0x46, 0x78, 0x50, 0x61,
    0x72, 0x61, 0x6D, 0x73, 0x5B, 0x34, 0x5D, 0x3B, 0x0A, 0x7D, 0x3B, 0x0A,
    0x0A, 0x73, 0x74, 0x72, 0x75, 0x63, 0x74, 0x20, 0x78, 0x6C, 0x61, 0x74,
    0x4D, 0x74, 0x6C, 0x4D, 0x61, 0x69, 0x6E, 0x5F, 0x6F, 0x75, 0x74, 0x0A,
    0x7B, 0x0A, 0x20, 0x20, 0x20, 0x20, 0x66, 0x6C, 0x6F, 0x61, 0x74, 0x34,
    0x20, 0x62, 0x67, 0x66, 0x78, 0x5F, 0x46, 0x72, 0x61, 0x67, 0x44, 0x61,
    0x74, 0x61, 0x30, 0x20, 0x5B, 0x5B, 0x63, 0x6F, 0x6C, 0x6F, 0x72, 0x28,
    0x30, 0x29, 0x5D, 0x5D, 0x3B, 0x0A, 0x7D, 0x3B, 0x0A, 0x0A, 0x73, 0x74,
    0x72, 0x75, 0x63, 0x74, 0x20, 0x78, 0x6C, 0x61, 0x74, 0x4D, 0x74, 0x6C,
    0x4D, 0x61, 0x69, 0x6E, 0x5F, 0x69, 0x6E, 0x0A, 0x7B, 0x0A, 0x20, 0x20,
    0x20, 0x20, 0x66, 0x6C, 0x6F, 0x61, 0x74, 0x32, 0x20, 0x76, 0x5F, 0x74,
    0x65, 0x78, 0x63, 0x6F, 0x6F, 0x72, 0x64, 0x30, 0x20, 0x5B, 0x5B, 0x75,
    0x73, 0x65, 0x72, 0x28, 0x6C, 0x6F, 0x63, 0x6E, 0x30, 0x29, 0x5D, 0x5D,
    0x3B, 0x0A, 0x7D, 0x3B, 0x0A, 0x0A, 0x66, 0x72, 0x61, 0x67, 0x6D, 0x65,
    0x6E, 0x74, 0x20, 0x78, 0x6C, 0x61, 0x74, 0x4D, 0x74, 0x6C, 0x4D, 0x61,
    0x69, 0x6E, 0x5F, 0x6F, 0x75, 0x74, 0x20, 0x78, 0x6C, 0x61, 0x74, 0x4D,
    0x74, 0x6C, 0x4D, 0x61, 0x69, 0x6E, 0x28, 0x78, 0x6C, 0x61, 0x74, 0x4D,
    0x74, 0x6C, 0x4D, 0x61, 0x69, 0x6E, 0x5F, 0x69, 0x6E, 0x20, 0x69, 0x6E,
    0x20, 0x5B, 0x5B, 0x73, 0x74, 0x61, 0x67, 0x65, 0x5F, 0x69, 0x6E, 0x5D,
    0x5D, 0x2C, 0x20, 0x63, 0x6F, 0x6E, 0x73, 0x74, 0x61, 0x6E, 0x74, 0x20,
    0x5F, 0x47, 0x6C, 0x6F, 0x62, 0x61, 0x6C, 0x26, 0x20, 0x5F, 0x6D, 0x74,
    0x6C, 0x5F, 0x75, 0x20, 0x5B, 0x5B, 0x62, 0x75, 0x66, 0x66, 0x65, 0x72,
    0x28, 0x30, 0x29, 0x5D, 0x5D, 0x2C, 0x20, 0x74, 0x65, 0x78, 0x74, 0x75,
    0x72, 0x65, 0x32, 0x64, 0x3C, 0x66, 0x6C, 0x6F, 0x61, 0x74, 0x3E, 0x20,
    0x73, 0x5F, 0x74, 0x65, 0x78, 0x74, 0x75, 0x72, 0x65, 0x20, 0x5B, 0x5B,
    0x74, 0x65, 0x78, 0x74, 0x75, 0x72, 0x65, 0x28, 0x30, 0x29, 0x5D, 0x5D,
    0x2C, 0x20, 0x74, 0x65, 0x78, 0x74, 0x75, 0x72, 0x65, 0x32, 0x64, 0x3C,
    0x66, 0x6C, 0x6F, 0x61, 0x74, 0x3E, 0x20, 0x73, 0x5F, 0x74, 0x65, 0x78,
    0x74, 0x75, 0x72, 0x65, 0x31, 0x20, 0x5B, 0x5B, 0x74, 0x65, 0x78, 0x74,
    0x75, 0x72, 0x65, 0x28, 0x31, 0x29, 0x5D, 0x5D, 0x2C, 0x20, 0x73, 0x61,
    0x6D, 0x70, 0x6C, 0x65, 0x72, 0x20, 0x73, 0x5F, 0x74, 0x65, 0x78, 0x74,
    0x75, 0x72, 0x65, 0x53, 0x61, 0x6D, 0x70, 0x6C, 0x65, 0x72, 0x20, 0x5B,
    0x5B, 0x73, 0x61, 0x6D, 0x70, 0x6C, 0x65, 0x72, 0x28, 0x30, 0x29, 0x5D,
    0x5D, 0x2C, 0x20, 0x73, 0x61, 0x6D, 0x70, 0x6C, 0x65, 0x72, 0x20, 0x73,
    0x5F, 0x74, 0x65, 0x78, 0x74, 0x75, 0x72, 0x65, 0x31, 0x53, 0x61, 0x6D,
    0x70, 0x6C, 0x65, 0x72, 0x20, 0x5B, 0x5B, 0x73, 0x61, 0x6D, 0x70, 0x6C,
    0x65, 0x72, 0x28, 0x31, 0x29, 0x5D, 0x5D, 0x29, 0x0A, 0x7B, 0x0A, 0x20,
    0x20, 0x20, 0x20, 0x78, 0x6C, 0x61, 0x74, 0x4D, 0x74, 0x6C, 0x4D, 0x61,
    0x69, 0x6E, 0x5F, 0x6F, 0x75, 0x74, 0x20, 0x6F, 0x75, 0x74, 0x20, 0x3D,
    0x20, 0x7B, 0x7D, 0x3B, 0x0A, 0x20, 0x20, 0x20, 0x20, 0x66, 0x6C, 0x6F,
    0x61, 0x74, 0x34, 0x20, 0x5F, 0x32, 0x35, 0x35, 0x20, 0x3D, 0x20, 0x73,
    0x5F, 0x74, 0x65, 0x78, 0x74, 0x75, 0x72, 0x65, 0x2E, 0x73, 0x61, 0x6D,
    0x70, 0x6C, 0x65, 0x28, 0x73, 0x5F, 0x74, 0x65, 0x78, 0x74, 0x75, 0x72,
    0x65, 0x53, 0x61, 0x6D, 0x70, 0x6C, 0x65, 0x72, 0x2C, 0x20, 0x69, 0x6E,
    0x2E, 0x76, 0x5F, 0x74, 0x65, 0x78, 0x63, 0x6F, 0x6F, 0x72, 0x64, 0x30,
    0x29, 0x3B, 0x0A, 0x20, 0x20, 0x20, 0x20, 0x66, 0x6C, 0x6F, 0x61, 0x74,
    0x33, 0x20, 0x5F, 0x32, 0x30, 0x36, 0x20, 0x3D, 0x20, 0x5F, 0x32, 0x35,
    0x35, 0x2E, 0x78, 0x79, 0x7A, 0x3B, 0x0A, 0x20, 0x20, 0x20, 0x20, 0x6F,
    0x75, 0x74, 0x2E, 0x62, 0x67, 0x66, 0x78, 0x5F, 0x46, 0x72, 0x61, 0x67,
    0x44, 0x61, 0x74, 0x61, 0x30, 0x20, 0x3D, 0x20, 0x66, 0x6C, 0x6F, 0x61,
    0x74, 0x34, 0x28, 0x66, 0x61, 0x73, 0x74, 0x3A, 0x3A, 0x63, 0x6C, 0x61,
    0x6D, 0x70, 0x28, 0x5F, 0x32, 0x30, 0x36, 0x20, 0x2B, 0x20, 0x28, 0x28,
    0x28, 0x73, 0x5F, 0x74, 0x65, 0x78, 0x74, 0x75, 0x72, 0x65, 0x31, 0x2E,
    0x73, 0x61, 0x6D, 0x70, 0x6C, 0x65, 0x28, 0x73, 0x5F, 0x74, 0x65, 0x78,
    0x74, 0x75, 0x72, 0x65, 0x31, 0x53, 0x61, 0x6D, 0x70, 0x6C, 0x65, 0x72,
    0x2C, 0x20, 0x69, 0x6E, 0x2E, 0x76, 0x5F, 0x74, 0x65, 0x78, 0x63, 0x6F,
    0x6F, 0x72, 0x64, 0x30, 0x29, 0x2E, 0x78, 0x79, 0x7A, 0x20, 0x2B, 0x20,
    0x28, 0x5F, 0x32, 0x30, 0x36, 0x20, 0x2A, 0x20, 0x66, 0x61, 0x73, 0x74,
    0x3A, 0x3A, 0x6D, 0x61, 0x78, 0x28, 0x64, 0x6F, 0x74, 0x28, 0x5F, 0x32,
    0x30, 0x36, 0x2C, 0x20, 0x66, 0x6C, 0x6F, 0x61, 0x74, 0x33, 0x28, 0x30,
    0x2E, 0x32, 0x31, 0x32, 0x35, 0x39, 0x39, 0x39, 0x39, 0x32, 0x37, 0x35,
    0x32, 0x30, 0x37, 0x35, 0x31, 0x39, 0x35, 0x33, 0x31, 0x32, 0x35, 0x2C,
    0x20, 0x30, 0x2E, 0x37, 0x31, 0x35, 0x32, 0x30, 0x30, 0x30, 0x30, 0x36,
    0x39, 0x36, 0x31, 0x38, 0x32, 0x32, 0x35, 0x30, 0x39, 0x37, 0x36, 0x35,
    0x36, 0x32, 0x35, 0x2C, 0x20, 0x30, 0x2E, 0x30, 0x37, 0x32, 0x32, 0x30,
    0x30, 0x30, 0x30, 0x30, 0x32, 0x38, 0x36, 0x31, 0x30, 0x32, 0x32, 0x39,
    0x34, 0x39, 0x32, 0x31, 0x38, 0x37, 0x35, 0x29, 0x29, 0x20, 0x2D, 0x20,
    0x66, 0x61, 0x73, 0x74, 0x3A, 0x3A, 0x6D, 0x61, 0x78, 0x28, 0x5F, 0x6D,
    0x74, 0x6C, 0x5F, 0x75, 0x2E, 0x50, 0x6F, 0x73, 0x74, 0x46, 0x78, 0x50,
    0x61, 0x72, 0x61, 0x6D, 0x73, 0x5B, 0x30, 0x5D, 0x2E, 0x7A, 0x2C, 0x20,
    0x30, 0x2E, 0x30, 0x29, 0x2C, 0x20, 0x30, 0x2E, 0x30, 0x29, 0x29, 0x29,
    0x20, 0x2A, 0x20, 0x66, 0x61, 0x73, 0x74, 0x3A, 0x3A, 0x6D, 0x61, 0x78,
    0x28, 0x5F, 0x6D, 0x74, 0x6C, 0x5F, 0x75, 0x2E, 0x50, 0x6F, 0x73, 0x74,
    0x46, 0x78, 0x50, 0x61, 0x72, 0x61, 0x6D, 0x73, 0x5B, 0x30, 0x5D, 0x2E,
    0x78, 0x2C, 0x20, 0x30, 0x2E, 0x30, 0x29, 0x29, 0x20, 0x2A, 0x20, 0x66,
    0x61, 0x73, 0x74, 0x3A, 0x3A, 0x6D, 0x61, 0x78, 0x28, 0x5F, 0x6D, 0x74,
    0x6C, 0x5F, 0x75, 0x2E, 0x50, 0x6F, 0x73, 0x74, 0x46, 0x78, 0x50, 0x61,
    0x72, 0x61, 0x6D, 0x73, 0x5B, 0x31, 0x5D, 0x2E, 0x78, 0x79, 0x7A, 0x2C,
    0x20, 0x66, 0x6C, 0x6F, 0x61, 0x74, 0x33, 0x28, 0x30, 0x2E, 0x30, 0x29,
    0x29, 0x29, 0x2C, 0x20, 0x66, 0x6C, 0x6F, 0x61, 0x74, 0x33, 0x28, 0x30,
    0x2E, 0x30, 0x29, 0x2C, 0x20, 0x66, 0x6C, 0x6F, 0x61, 0x74, 0x33, 0x28,
    0x31, 0x2E, 0x30, 0x29, 0x29, 0x2C, 0x20, 0x5F, 0x32, 0x35, 0x35, 0x2E,
    0x77, 0x29, 0x3B, 0x0A, 0x20, 0x20, 0x20, 0x20, 0x72, 0x65, 0x74, 0x75,
    0x72, 0x6E, 0x20, 0x6F, 0x75, 0x74, 0x3B, 0x0A, 0x7D, 0x0A, 0x0A, 0x00,
    0x00, 0x60, 0x00,
};
const size_t kEmbeddedMetal_fs_postfx_bloom_size = 1299;

const uint8_t kEmbeddedMetal_fs_postfx_lut3d[] = {
    0x46, 0x53, 0x48, 0x0B, 0x6F, 0x1E, 0x3E, 0x3C, 0x00, 0x00, 0x00, 0x00,
    0x07, 0x00, 0x10, 0x73, 0x5F, 0x74, 0x65, 0x78, 0x74, 0x75, 0x72, 0x65,
    0x53, 0x61, 0x6D, 0x70, 0x6C, 0x65, 0x72, 0x11, 0x01, 0xFF, 0xFF, 0x01,
    0x00, 0x00, 0x00, 0x00, 0x00, 0x10, 0x73, 0x5F, 0x74, 0x65, 0x78, 0x74,
    0x75, 0x72, 0x65, 0x54, 0x65, 0x78, 0x74, 0x75, 0x72, 0x65, 0x11, 0x01,
    0xFF, 0xFF, 0x01, 0x00, 0x00, 0x00, 0x00, 0x00, 0x0C, 0x73, 0x5F, 0x6C,
    0x75, 0x74, 0x53, 0x61, 0x6D, 0x70, 0x6C, 0x65, 0x72, 0x11, 0x01, 0xFF,
    0xFF, 0x01, 0x00, 0x00, 0x00, 0x00, 0x00, 0x0C, 0x73, 0x5F, 0x6C, 0x75,
    0x74, 0x54, 0x65, 0x78, 0x74, 0x75, 0x72, 0x65, 0x11, 0x01, 0xFF, 0xFF,
    0x01, 0x00, 0x00, 0x00, 0x00, 0x00, 0x0C, 0x50, 0x6F, 0x73, 0x74, 0x46,
    0x78, 0x50, 0x61, 0x72, 0x61, 0x6D, 0x73, 0x12, 0x03, 0x00, 0x00, 0x03,
    0x00, 0x00, 0x00, 0x00, 0x00, 0x09, 0x73, 0x5F, 0x74, 0x65, 0x78, 0x74,
    0x75, 0x72, 0x65, 0x10, 0x00, 0x00, 0x00, 0x00, 0x00, 0x00, 0x00, 0x00,
    0x00, 0x05, 0x73, 0x5F, 0x6C, 0x75, 0x74, 0x10, 0x00, 0x00, 0x00, 0x00,
    0x00, 0x00, 0x00, 0x00, 0x00, 0xF4, 0x03, 0x00, 0x00, 0x23, 0x69, 0x6E,
    0x63, 0x6C, 0x75, 0x64, 0x65, 0x20, 0x3C, 0x6D, 0x65, 0x74, 0x61, 0x6C,
    0x5F, 0x73, 0x74, 0x64, 0x6C, 0x69, 0x62, 0x3E, 0x0A, 0x23, 0x69, 0x6E,
    0x63, 0x6C, 0x75, 0x64, 0x65, 0x20, 0x3C, 0x73, 0x69, 0x6D, 0x64, 0x2F,
    0x73, 0x69, 0x6D, 0x64, 0x2E, 0x68, 0x3E, 0x0A, 0x0A, 0x75, 0x73, 0x69,
    0x6E, 0x67, 0x20, 0x6E, 0x61, 0x6D, 0x65, 0x73, 0x70, 0x61, 0x63, 0x65,
    0x20, 0x6D, 0x65, 0x74, 0x61, 0x6C, 0x3B, 0x0A, 0x0A, 0x73, 0x74, 0x72,
    0x75, 0x63, 0x74, 0x20, 0x5F, 0x47, 0x6C, 0x6F, 0x62, 0x61, 0x6C, 0x0A,
    0x7B, 0x0A, 0x20, 0x20, 0x20, 0x20, 0x66, 0x6C, 0x6F, 0x61, 0x74, 0x34,
    0x20, 0x50, 0x6F, 0x73, 0x74, 0x46, 0x78, 0x50, 0x61, 0x72, 0x61, 0x6D,
    0x73, 0x5B, 0x34, 0x5D, 0x3B, 0x0A, 0x7D, 0x3B, 0x0A, 0x0A, 0x73, 0x74,
    0x72, 0x75, 0x63, 0x74, 0x20, 0x78, 0x6C, 0x61, 0x74, 0x4D, 0x74, 0x6C,
    0x4D, 0x61, 0x69, 0x6E, 0x5F, 0x6F, 0x75, 0x74, 0x0A, 0x7B, 0x0A, 0x20,
    0x20, 0x20, 0x20, 0x66, 0x6C, 0x6F, 0x61, 0x74, 0x34, 0x20, 0x62, 0x67,
    0x66, 0x78, 0x5F, 0x46, 0x72, 0x61, 0x67, 0x44, 0x61, 0x74, 0x61, 0x30,
    0x20, 0x5B, 0x5B, 0x63, 0x6F, 0x6C, 0x6F, 0x72, 0x28, 0x30, 0x29, 0x5D,
    0x5D, 0x3B, 0x0A, 0x7D, 0x3B, 0x0A, 0x0A, 0x73, 0x74, 0x72, 0x75, 0x63,
    0x74, 0x20, 0x78, 0x6C, 0x61, 0x74, 0x4D, 0x74, 0x6C, 0x4D, 0x61, 0x69,
    0x6E, 0x5F, 0x69, 0x6E, 0x0A, 0x7B, 0x0A, 0x20, 0x20, 0x20, 0x20, 0x66,
    0x6C, 0x6F, 0x61, 0x74, 0x32, 0x20, 0x76, 0x5F, 0x74, 0x65, 0x78, 0x63,
    0x6F, 0x6F, 0x72, 0x64, 0x30, 0x20, 0x5B, 0x5B, 0x75, 0x73, 0x65, 0x72,
    0x28, 0x6C, 0x6F, 0x63, 0x6E, 0x30, 0x29, 0x5D, 0x5D, 0x3B, 0x0A, 0x7D,
    0x3B, 0x0A, 0x0A, 0x66, 0x72, 0x61, 0x67, 0x6D, 0x65, 0x6E, 0x74, 0x20,
    0x78, 0x6C, 0x61, 0x74, 0x4D, 0x74, 0x6C, 0x4D, 0x61, 0x69, 0x6E, 0x5F,
    0x6F, 0x75, 0x74, 0x20, 0x78, 0x6C, 0x61, 0x74, 0x4D, 0x74, 0x6C, 0x4D,
    0x61, 0x69, 0x6E, 0x28, 0x78, 0x6C, 0x61, 0x74, 0x4D, 0x74, 0x6C, 0x4D,
    0x61, 0x69, 0x6E, 0x5F, 0x69, 0x6E, 0x20, 0x69, 0x6E, 0x20, 0x5B, 0x5B,
    0x73, 0x74, 0x61, 0x67, 0x65, 0x5F, 0x69, 0x6E, 0x5D, 0x5D, 0x2C, 0x20,
    0x63, 0x6F, 0x6E, 0x73, 0x74, 0x61, 0x6E, 0x74, 0x20, 0x5F, 0x47, 0x6C,
    0x6F, 0x62, 0x61, 0x6C, 0x26, 0x20, 0x5F, 0x6D, 0x74, 0x6C, 0x5F, 0x75,
    0x20, 0x5B, 0x5B, 0x62, 0x75, 0x66, 0x66, 0x65, 0x72, 0x28, 0x30, 0x29,
    0x5D, 0x5D, 0x2C, 0x20, 0x74, 0x65, 0x78, 0x74, 0x75, 0x72, 0x65, 0x32,
    0x64, 0x3C, 0x66, 0x6C, 0x6F, 0x61, 0x74, 0x3E, 0x20, 0x73, 0x5F, 0x74,
    0x65, 0x78, 0x74, 0x75, 0x72, 0x65, 0x20, 0x5B, 0x5B, 0x74, 0x65, 0x78,
    0x74, 0x75, 0x72, 0x65, 0x28, 0x30, 0x29, 0x5D, 0x5D, 0x2C, 0x20, 0x74,
    0x65, 0x78, 0x74, 0x75, 0x72, 0x65, 0x32, 0x64, 0x3C, 0x66, 0x6C, 0x6F,
    0x61, 0x74, 0x3E, 0x20, 0x73, 0x5F, 0x6C, 0x75, 0x74, 0x20, 0x5B, 0x5B,
    0x74, 0x65, 0x78, 0x74, 0x75, 0x72, 0x65, 0x28, 0x31, 0x29, 0x5D, 0x5D,
    0x2C, 0x20, 0x73, 0x61, 0x6D, 0x70, 0x6C, 0x65, 0x72, 0x20, 0x73, 0x5F,
    0x74, 0x65, 0x78, 0x74, 0x75, 0x72, 0x65, 0x53, 0x61, 0x6D, 0x70, 0x6C,
    0x65, 0x72, 0x20, 0x5B, 0x5B, 0x73, 0x61, 0x6D, 0x70, 0x6C, 0x65, 0x72,
    0x28, 0x30, 0x29, 0x5D, 0x5D, 0x2C, 0x20, 0x73, 0x61, 0x6D, 0x70, 0x6C,
    0x65, 0x72, 0x20, 0x73, 0x5F, 0x6C, 0x75, 0x74, 0x53, 0x61, 0x6D, 0x70,
    0x6C, 0x65, 0x72, 0x20, 0x5B, 0x5B, 0x73, 0x61, 0x6D, 0x70, 0x6C, 0x65,
    0x72, 0x28, 0x31, 0x29, 0x5D, 0x5D, 0x29, 0x0A, 0x7B, 0x0A, 0x20, 0x20,
    0x20, 0x20, 0x78, 0x6C, 0x61, 0x74, 0x4D, 0x74, 0x6C, 0x4D, 0x61, 0x69,
    0x6E, 0x5F, 0x6F, 0x75, 0x74, 0x20, 0x6F, 0x75, 0x74, 0x20, 0x3D, 0x20,
    0x7B, 0x7D, 0x3B, 0x0A, 0x20, 0x20, 0x20, 0x20, 0x66, 0x6C, 0x6F, 0x61,
    0x74, 0x34, 0x20, 0x5F, 0x33, 0x30, 0x31, 0x20, 0x3D, 0x20, 0x73, 0x5F,
    0x74, 0x65, 0x78, 0x74, 0x75, 0x72, 0x65, 0x2E, 0x73, 0x61, 0x6D, 0x70,
    0x6C, 0x65, 0x28, 0x73, 0x5F, 0x74, 0x65, 0x78, 0x74, 0x75, 0x72, 0x65,
    0x53, 0x61, 0x6D, 0x70, 0x6C, 0x65, 0x72, 0x2C, 0x20, 0x69, 0x6E, 0x2E,
    0x76, 0x5F, 0x74, 0x65, 0x78, 0x63, 0x6F, 0x6F, 0x72, 0x64, 0x30, 0x29,
    0x3B, 0x0A, 0x20, 0x20, 0x20, 0x20, 0x66, 0x6C, 0x6F, 0x61, 0x74, 0x20,
    0x5F, 0x32, 0x33, 0x39, 0x20, 0x3D, 0x20, 0x66, 0x61, 0x73, 0x74, 0x3A,
    0x3A, 0x6D, 0x61, 0x78, 0x28, 0x66, 0x6C, 0x6F, 0x6F, 0x72, 0x28, 0x5F,
    0x6D, 0x74, 0x6C, 0x5F, 0x75, 0x2E, 0x50, 0x6F, 0x73, 0x74, 0x46, 0x78,
    0x50, 0x61, 0x72, 0x61, 0x6D, 0x73, 0x5B, 0x32, 0x5D, 0x2E, 0x7A, 0x20,
    0x2B, 0x20, 0x30, 0x2E, 0x35, 0x29, 0x2C, 0x20, 0x32, 0x2E, 0x30, 0x29,
    0x3B, 0x0A, 0x20, 0x20, 0x20, 0x20, 0x66, 0x6C, 0x6F, 0x61, 0x74, 0x20,
    0x5F, 0x32, 0x34, 0x33, 0x20, 0x3D, 0x20, 0x69, 0x6E, 0x2E, 0x76, 0x5F,
    0x74, 0x65, 0x78, 0x63, 0x6F, 0x6F, 0x72, 0x64, 0x30, 0x2E, 0x78, 0x20,
    0x2A, 0x20, 0x5F, 0x32, 0x33, 0x39, 0x3B, 0x0A, 0x20, 0x20, 0x20, 0x20,
    0x6F, 0x75, 0x74, 0x2E, 0x62, 0x67, 0x66, 0x78, 0x5F, 0x46, 0x72, 0x61,
    0x67, 0x44, 0x61, 0x74, 0x61, 0x30, 0x20, 0x3D, 0x20, 0x66, 0x6C, 0x6F,
    0x61, 0x74, 0x34, 0x28, 0x6D, 0x69, 0x78, 0x28, 0x5F, 0x33, 0x30, 0x31,
    0x2E, 0x78, 0x79, 0x7A, 0x2C, 0x20, 0x73, 0x5F, 0x6C, 0x75, 0x74, 0x2E,
    0x73, 0x61, 0x6D, 0x70, 0x6C, 0x65, 0x28, 0x73, 0x5F, 0x6C, 0x75, 0x74,
    0x53, 0x61, 0x6D, 0x70, 0x6C, 0x65, 0x72, 0x2C, 0x20, 0x66, 0x6C, 0x6F,
    0x61, 0x74, 0x32, 0x28, 0x28, 0x28, 0x5F, 0x32, 0x33, 0x39, 0x20, 0x2A,
    0x20, 0x28, 0x5F, 0x32, 0x34, 0x33, 0x20, 0x2D, 0x20, 0x66, 0x6C, 0x6F,
    0x6F, 0x72, 0x28, 0x5F, 0x32, 0x34, 0x33, 0x29, 0x29, 0x29, 0x20, 0x2B,
    0x20, 0x30, 0x2E, 0x35, 0x29, 0x20, 0x2F, 0x20, 0x28, 0x5F, 0x32, 0x33,
    0x39, 0x20, 0x2A, 0x20, 0x5F, 0x32, 0x33, 0x39, 0x29, 0x2C, 0x20, 0x28,
    0x28, 0x69, 0x6E, 0x2E, 0x76, 0x5F, 0x74, 0x65, 0x78, 0x63, 0x6F, 0x6F,
    0x72, 0x64, 0x30, 0x2E, 0x79, 0x20, 0x2A, 0x20, 0x5F, 0x32, 0x33, 0x39,
    0x29, 0x20, 0x2B, 0x20, 0x30, 0x2E, 0x35, 0x29, 0x20, 0x2F, 0x20, 0x5F,
    0x32, 0x33, 0x39, 0x29, 0x29, 0x2E, 0x78, 0x79, 0x7A, 0x2C, 0x20, 0x66,
    0x6C, 0x6F, 0x61, 0x74, 0x33, 0x28, 0x66, 0x61, 0x73, 0x74, 0x3A, 0x3A,
    0x63, 0x6C, 0x61, 0x6D, 0x70, 0x28, 0x5F, 0x6D, 0x74, 0x6C, 0x5F, 0x75,
    0x2E, 0x50, 0x6F, 0x73, 0x74, 0x46, 0x78, 0x50, 0x61, 0x72, 0x61, 0x6D,
    0x73, 0x5B, 0x30, 0x5D, 0x2E, 0x78, 0x2C, 0x20, 0x30, 0x2E, 0x30, 0x2C,
    0x20, 0x31, 0x2E, 0x30, 0x29, 0x29, 0x29, 0x2C, 0x20, 0x5F, 0x33, 0x30,
    0x31, 0x2E, 0x77, 0x29, 0x3B, 0x0A, 0x20, 0x20, 0x20, 0x20, 0x72, 0x65,
    0x74, 0x75, 0x72, 0x6E, 0x20, 0x6F, 0x75, 0x74, 0x3B, 0x0A, 0x7D, 0x0A,
    0x0A, 0x00, 0x00, 0x70, 0x00,
};
const size_t kEmbeddedMetal_fs_postfx_lut3d_size = 1193;

const uint8_t kEmbeddedMetal_stretch_blt_fs[] = {
    0x46, 0x53, 0x48, 0x0B, 0x6F, 0x1E, 0x3E, 0x3C, 0x00, 0x00, 0x00, 0x00,
    0x04, 0x00, 0x10, 0x73, 0x5F, 0x74, 0x65, 0x78, 0x74, 0x75, 0x72, 0x65,
    0x53, 0x61, 0x6D, 0x70, 0x6C, 0x65, 0x72, 0x11, 0x01, 0xFF, 0xFF, 0x01,
    0x00, 0x00, 0x00, 0x00, 0x00, 0x10, 0x73, 0x5F, 0x74, 0x65, 0x78, 0x74,
    0x75, 0x72, 0x65, 0x54, 0x65, 0x78, 0x74, 0x75, 0x72, 0x65, 0x11, 0x01,
    0xFF, 0xFF, 0x01, 0x00, 0x00, 0x00, 0x00, 0x00, 0x0D, 0x53, 0x74, 0x72,
    0x65, 0x74, 0x63, 0x68, 0x50, 0x61, 0x72, 0x61, 0x6D, 0x73, 0x12, 0x01,
    0x00, 0x00, 0x01, 0x00, 0x00, 0x00, 0x00, 0x00, 0x09, 0x73, 0x5F, 0x74,
    0x65, 0x78, 0x74, 0x75, 0x72, 0x65, 0x10, 0x00, 0x00, 0x00, 0x00, 0x00,
    0x00, 0x00, 0x00, 0x00, 0x79, 0x02, 0x00, 0x00, 0x23, 0x69, 0x6E, 0x63,
    0x6C, 0x75, 0x64, 0x65, 0x20, 0x3C, 0x6D, 0x65, 0x74, 0x61, 0x6C, 0x5F,
    0x73, 0x74, 0x64, 0x6C, 0x69, 0x62, 0x3E, 0x0A, 0x23, 0x69, 0x6E, 0x63,
    0x6C, 0x75, 0x64, 0x65, 0x20, 0x3C, 0x73, 0x69, 0x6D, 0x64, 0x2F, 0x73,
    0x69, 0x6D, 0x64, 0x2E, 0x68, 0x3E, 0x0A, 0x0A, 0x75, 0x73, 0x69, 0x6E,
    0x67, 0x20, 0x6E, 0x61, 0x6D, 0x65, 0x73, 0x70, 0x61, 0x63, 0x65, 0x20,
    0x6D, 0x65, 0x74, 0x61, 0x6C, 0x3B, 0x0A, 0x0A, 0x73, 0x74, 0x72, 0x75,
    0x63, 0x74, 0x20, 0x5F, 0x47, 0x6C, 0x6F, 0x62, 0x61, 0x6C, 0x0A, 0x7B,
    0x0A, 0x20, 0x20, 0x20, 0x20, 0x66, 0x6C, 0x6F, 0x61, 0x74, 0x34, 0x20,
    0x53, 0x74, 0x72, 0x65, 0x74, 0x63, 0x68, 0x50, 0x61, 0x72, 0x61, 0x6D,
    0x73, 0x3B, 0x0A, 0x7D, 0x3B, 0x0A, 0x0A, 0x73, 0x74, 0x72, 0x75, 0x63,
    0x74, 0x20, 0x78, 0x6C, 0x61, 0x74, 0x4D, 0x74, 0x6C, 0x4D, 0x61, 0x69,
    0x6E, 0x5F, 0x6F, 0x75, 0x74, 0x0A, 0x7B, 0x0A, 0x20, 0x20, 0x20, 0x20,
    0x66, 0x6C, 0x6F, 0x61, 0x74, 0x34, 0x20, 0x62, 0x67, 0x66, 0x78, 0x5F,
    0x46, 0x72, 0x61, 0x67, 0x44, 0x61, 0x74, 0x61, 0x30, 0x20, 0x5B, 0x5B,
    0x63, 0x6F, 0x6C, 0x6F, 0x72, 0x28, 0x30, 0x29, 0x5D, 0x5D, 0x3B, 0x0A,
    0x7D, 0x3B, 0x0A, 0x0A, 0x73, 0x74, 0x72, 0x75, 0x63, 0x74, 0x20, 0x78,
    0x6C, 0x61, 0x74, 0x4D, 0x74, 0x6C, 0x4D, 0x61, 0x69, 0x6E, 0x5F, 0x69,
    0x6E, 0x0A, 0x7B, 0x0A, 0x20, 0x20, 0x20, 0x20, 0x66, 0x6C, 0x6F, 0x61,
    0x74, 0x32, 0x20, 0x76, 0x5F, 0x74, 0x65, 0x78, 0x63, 0x6F, 0x6F, 0x72,
    0x64, 0x30, 0x20, 0x5B, 0x5B, 0x75, 0x73, 0x65, 0x72, 0x28, 0x6C, 0x6F,
    0x63, 0x6E, 0x30, 0x29, 0x5D, 0x5D, 0x3B, 0x0A, 0x7D, 0x3B, 0x0A, 0x0A,
    0x66, 0x72, 0x61, 0x67, 0x6D, 0x65, 0x6E, 0x74, 0x20, 0x78, 0x6C, 0x61,
    0x74, 0x4D, 0x74, 0x6C, 0x4D, 0x61, 0x69, 0x6E, 0x5F, 0x6F, 0x75, 0x74,
    0x20, 0x78, 0x6C, 0x61, 0x74, 0x4D, 0x74, 0x6C, 0x4D, 0x61, 0x69, 0x6E,
    0x28, 0x78, 0x6C, 0x61, 0x74, 0x4D, 0x74, 0x6C, 0x4D, 0x61, 0x69, 0x6E,
    0x5F, 0x69, 0x6E, 0x20, 0x69, 0x6E, 0x20, 0x5B, 0x5B, 0x73, 0x74, 0x61,
    0x67, 0x65, 0x5F, 0x69, 0x6E, 0x5D, 0x5D, 0x2C, 0x20, 0x63, 0x6F, 0x6E,
    0x73, 0x74, 0x61, 0x6E, 0x74, 0x20, 0x5F, 0x47, 0x6C, 0x6F, 0x62, 0x61,
    0x6C, 0x26, 0x20, 0x5F, 0x6D, 0x74, 0x6C, 0x5F, 0x75, 0x20, 0x5B, 0x5B,
    0x62, 0x75, 0x66, 0x66, 0x65, 0x72, 0x28, 0x30, 0x29, 0x5D, 0x5D, 0x2C,
    0x20, 0x74, 0x65, 0x78, 0x74, 0x75, 0x72, 0x65, 0x32, 0x64, 0x3C, 0x66,
    0x6C, 0x6F, 0x61, 0x74, 0x3E, 0x20, 0x73, 0x5F, 0x74, 0x65, 0x78, 0x74,
    0x75, 0x72, 0x65, 0x20, 0x5B, 0x5B, 0x74, 0x65, 0x78, 0x74, 0x75, 0x72,
    0x65, 0x28, 0x30, 0x29, 0x5D, 0x5D, 0x2C, 0x20, 0x73, 0x61, 0x6D, 0x70,
    0x6C, 0x65, 0x72, 0x20, 0x73, 0x5F, 0x74, 0x65, 0x78, 0x74, 0x75, 0x72,
    0x65, 0x53, 0x61, 0x6D, 0x70, 0x6C, 0x65, 0x72, 0x20, 0x5B, 0x5B, 0x73,
    0x61, 0x6D, 0x70, 0x6C, 0x65, 0x72, 0x28, 0x30, 0x29, 0x5D, 0x5D, 0x29,
    0x0A, 0x7B, 0x0A, 0x20, 0x20, 0x20, 0x20, 0x78, 0x6C, 0x61, 0x74, 0x4D,
    0x74, 0x6C, 0x4D, 0x61, 0x69, 0x6E, 0x5F, 0x6F, 0x75, 0x74, 0x20, 0x6F,
    0x75, 0x74, 0x20, 0x3D, 0x20, 0x7B, 0x7D, 0x3B, 0x0A, 0x20, 0x20, 0x20,
    0x20, 0x6F, 0x75, 0x74, 0x2E, 0x62, 0x67, 0x66, 0x78, 0x5F, 0x46, 0x72,
    0x61, 0x67, 0x44, 0x61, 0x74, 0x61, 0x30, 0x20, 0x3D, 0x20, 0x73, 0x5F,
    0x74, 0x65, 0x78, 0x74, 0x75, 0x72, 0x65, 0x2E, 0x73, 0x61, 0x6D, 0x70,
    0x6C, 0x65, 0x28, 0x73, 0x5F, 0x74, 0x65, 0x78, 0x74, 0x75, 0x72, 0x65,
    0x53, 0x61, 0x6D, 0x70, 0x6C, 0x65, 0x72, 0x2C, 0x20, 0x28, 0x5F, 0x6D,
    0x74, 0x6C, 0x5F, 0x75, 0x2E, 0x53, 0x74, 0x72, 0x65, 0x74, 0x63, 0x68,
    0x50, 0x61, 0x72, 0x61, 0x6D, 0x73, 0x2E, 0x78, 0x79, 0x20, 0x2B, 0x20,
    0x28, 0x69, 0x6E, 0x2E, 0x76, 0x5F, 0x74, 0x65, 0x78, 0x63, 0x6F, 0x6F,
    0x72, 0x64, 0x30, 0x20, 0x2A, 0x20, 0x5F, 0x6D, 0x74, 0x6C, 0x5F, 0x75,
    0x2E, 0x53, 0x74, 0x72, 0x65, 0x74, 0x63, 0x68, 0x50, 0x61, 0x72, 0x61,
    0x6D, 0x73, 0x2E, 0x7A, 0x77, 0x29, 0x29, 0x29, 0x3B, 0x0A, 0x20, 0x20,
    0x20, 0x20, 0x72, 0x65, 0x74, 0x75, 0x72, 0x6E, 0x20, 0x6F, 0x75, 0x74,
    0x3B, 0x0A, 0x7D, 0x0A, 0x0A, 0x00, 0x00, 0x30, 0x00,
};
const size_t kEmbeddedMetal_stretch_blt_fs_size = 753;

const uint8_t kEmbeddedMetal_affine_blt_fs[] = {
    0x46, 0x53, 0x48, 0x0B, 0x6F, 0x1E, 0x3E, 0x3C, 0x00, 0x00, 0x00, 0x00,
    0x03, 0x00, 0x10, 0x73, 0x5F, 0x74, 0x65, 0x78, 0x74, 0x75, 0x72, 0x65,
    0x53, 0x61, 0x6D, 0x70, 0x6C, 0x65, 0x72, 0x11, 0x01, 0xFF, 0xFF, 0x01,
    0x00, 0x00, 0x00, 0x00, 0x00, 0x10, 0x73, 0x5F, 0x74, 0x65, 0x78, 0x74,
    0x75, 0x72, 0x65, 0x54, 0x65, 0x78, 0x74, 0x75, 0x72, 0x65, 0x11, 0x01,
    0xFF, 0xFF, 0x01, 0x00, 0x00, 0x00, 0x00, 0x00, 0x09, 0x73, 0x5F, 0x74,
    0x65, 0x78, 0x74, 0x75, 0x72, 0x65, 0x10, 0x00, 0x00, 0x00, 0x00, 0x00,
    0x00, 0x00, 0x00, 0x00, 0xEA, 0x01, 0x00, 0x00, 0x23, 0x69, 0x6E, 0x63,
    0x6C, 0x75, 0x64, 0x65, 0x20, 0x3C, 0x6D, 0x65, 0x74, 0x61, 0x6C, 0x5F,
    0x73, 0x74, 0x64, 0x6C, 0x69, 0x62, 0x3E, 0x0A, 0x23, 0x69, 0x6E, 0x63,
    0x6C, 0x75, 0x64, 0x65, 0x20, 0x3C, 0x73, 0x69, 0x6D, 0x64, 0x2F, 0x73,
    0x69, 0x6D, 0x64, 0x2E, 0x68, 0x3E, 0x0A, 0x0A, 0x75, 0x73, 0x69, 0x6E,
    0x67, 0x20, 0x6E, 0x61, 0x6D, 0x65, 0x73, 0x70, 0x61, 0x63, 0x65, 0x20,
    0x6D, 0x65, 0x74, 0x61, 0x6C, 0x3B, 0x0A, 0x0A, 0x73, 0x74, 0x72, 0x75,
    0x63, 0x74, 0x20, 0x78, 0x6C, 0x61, 0x74, 0x4D, 0x74, 0x6C, 0x4D, 0x61,
    0x69, 0x6E, 0x5F, 0x6F, 0x75, 0x74, 0x0A, 0x7B, 0x0A, 0x20, 0x20, 0x20,
    0x20, 0x66, 0x6C, 0x6F, 0x61, 0x74, 0x34, 0x20, 0x62, 0x67, 0x66, 0x78,
    0x5F, 0x46, 0x72, 0x61, 0x67, 0x44, 0x61, 0x74, 0x61, 0x30, 0x20, 0x5B,
    0x5B, 0x63, 0x6F, 0x6C, 0x6F, 0x72, 0x28, 0x30, 0x29, 0x5D, 0x5D, 0x3B,
    0x0A, 0x7D, 0x3B, 0x0A, 0x0A, 0x73, 0x74, 0x72, 0x75, 0x63, 0x74, 0x20,
    0x78, 0x6C, 0x61, 0x74, 0x4D, 0x74, 0x6C, 0x4D, 0x61, 0x69, 0x6E, 0x5F,
    0x69, 0x6E, 0x0A, 0x7B, 0x0A, 0x20, 0x20, 0x20, 0x20, 0x66, 0x6C, 0x6F,
    0x61, 0x74, 0x32, 0x20, 0x76, 0x5F, 0x74, 0x65, 0x78, 0x63, 0x6F, 0x6F,
    0x72, 0x64, 0x30, 0x20, 0x5B, 0x5B, 0x75, 0x73, 0x65, 0x72, 0x28, 0x6C,
    0x6F, 0x63, 0x6E, 0x30, 0x29, 0x5D, 0x5D, 0x3B, 0x0A, 0x7D, 0x3B, 0x0A,
    0x0A, 0x66, 0x72, 0x61, 0x67, 0x6D, 0x65, 0x6E, 0x74, 0x20, 0x78, 0x6C,
    0x61, 0x74, 0x4D, 0x74, 0x6C, 0x4D, 0x61, 0x69, 0x6E, 0x5F, 0x6F, 0x75,
    0x74, 0x20, 0x78, 0x6C, 0x61, 0x74, 0x4D, 0x74, 0x6C, 0x4D, 0x61, 0x69,
    0x6E, 0x28, 0x78, 0x6C, 0x61, 0x74, 0x4D, 0x74, 0x6C, 0x4D, 0x61, 0x69,
    0x6E, 0x5F, 0x69, 0x6E, 0x20, 0x69, 0x6E, 0x20, 0x5B, 0x5B, 0x73, 0x74,
    0x61, 0x67, 0x65, 0x5F, 0x69, 0x6E, 0x5D, 0x5D, 0x2C, 0x20, 0x74, 0x65,
    0x78, 0x74, 0x75, 0x72, 0x65, 0x32, 0x64, 0x3C, 0x66, 0x6C, 0x6F, 0x61,
    0x74, 0x3E, 0x20, 0x73, 0x5F, 0x74, 0x65, 0x78, 0x74, 0x75, 0x72, 0x65,
    0x20, 0x5B, 0x5B, 0x74, 0x65, 0x78, 0x74, 0x75, 0x72, 0x65, 0x28, 0x30,
    0x29, 0x5D, 0x5D, 0x2C, 0x20, 0x73, 0x61, 0x6D, 0x70, 0x6C, 0x65, 0x72,
    0x20, 0x73, 0x5F, 0x74, 0x65, 0x78, 0x74, 0x75, 0x72, 0x65, 0x53, 0x61,
    0x6D, 0x70, 0x6C, 0x65, 0x72, 0x20, 0x5B, 0x5B, 0x73, 0x61, 0x6D, 0x70,
    0x6C, 0x65, 0x72, 0x28, 0x30, 0x29, 0x5D, 0x5D, 0x29, 0x0A, 0x7B, 0x0A,
    0x20, 0x20, 0x20, 0x20, 0x78, 0x6C, 0x61, 0x74, 0x4D, 0x74, 0x6C, 0x4D,
    0x61, 0x69, 0x6E, 0x5F, 0x6F, 0x75, 0x74, 0x20, 0x6F, 0x75, 0x74, 0x20,
    0x3D, 0x20, 0x7B, 0x7D, 0x3B, 0x0A, 0x20, 0x20, 0x20, 0x20, 0x6F, 0x75,
    0x74, 0x2E, 0x62, 0x67, 0x66, 0x78, 0x5F, 0x46, 0x72, 0x61, 0x67, 0x44,
    0x61, 0x74, 0x61, 0x30, 0x20, 0x3D, 0x20, 0x73, 0x5F, 0x74, 0x65, 0x78,
    0x74, 0x75, 0x72, 0x65, 0x2E, 0x73, 0x61, 0x6D, 0x70, 0x6C, 0x65, 0x28,
    0x73, 0x5F, 0x74, 0x65, 0x78, 0x74, 0x75, 0x72, 0x65, 0x53, 0x61, 0x6D,
    0x70, 0x6C, 0x65, 0x72, 0x2C, 0x20, 0x69, 0x6E, 0x2E, 0x76, 0x5F, 0x74,
    0x65, 0x78, 0x63, 0x6F, 0x6F, 0x72, 0x64, 0x30, 0x29, 0x3B, 0x0A, 0x20,
    0x20, 0x20, 0x20, 0x72, 0x65, 0x74, 0x75, 0x72, 0x6E, 0x20, 0x6F, 0x75,
    0x74, 0x3B, 0x0A, 0x7D, 0x0A, 0x0A, 0x00, 0x00, 0x20, 0x00,
};
const size_t kEmbeddedMetal_affine_blt_fs_size = 586;

} // namespace Caesura